iter,t,x,y,theta,vx,vy
0,0.000000,723.000000,320.000000,0.000000,1.800000,0.000000
1,0.025000,723.892857,320.000000,0.000000,1.800000,0.000000
2,0.050000,724.785714,320.000000,0.000000,1.800000,0.000000
3,0.075000,725.678571,320.000000,0.000000,1.800000,0.000000
4,0.100000,726.571429,320.000000,0.000000,1.800000,0.000000
5,0.125000,727.464286,320.000000,0.000000,1.800000,0.000000
6,0.150000,728.357143,320.000000,0.000000,1.800000,0.000000
7,0.175000,729.250000,320.000000,0.000000,1.800000,0.000000
8,0.200000,730.142857,320.000000,0.000000,1.800000,0.000000
9,0.225000,731.035714,320.000000,0.000000,1.800000,0.000000
10,0.250000,731.928571,320.000000,0.000000,1.800000,0.000000
11,0.275000,732.821429,320.000000,0.000000,1.800000,0.000000
12,0.300000,733.714286,320.000000,0.000000,1.800000,0.000000
13,0.325000,734.607143,320.000000,0.000000,1.800000,0.000000
14,0.350000,735.500000,320.000000,0.000000,1.800000,0.000000
15,0.375000,736.392857,320.000000,0.000000,1.800000,0.000000
16,0.400000,737.285714,320.000000,0.000000,1.800000,0.000000
17,0.425000,738.178571,320.000000,0.000000,1.800000,0.000000
18,0.450000,739.071429,320.000000,0.000000,1.800000,0.000000
19,0.475000,739.964286,320.000000,0.000000,1.800000,0.000000
20,0.500000,740.857143,320.000000,0.000000,1.800000,0.000000
21,0.525000,741.750000,320.000000,0.000000,1.800000,0.000000
22,0.550000,742.642857,320.000000,0.000000,1.800000,0.000000
23,0.575000,743.535714,320.000000,0.000000,1.800000,0.000000
24,0.600000,744.428571,320.000000,0.000000,1.800000,0.000000
25,0.625000,745.321429,320.000000,0.000000,1.800000,0.000000
26,0.650000,746.214286,320.000000,0.000000,1.800000,0.000000
27,0.675000,747.107143,320.000000,0.000000,1.800000,0.000000
28,0.700000,748.000000,320.000000,0.000000,1.800000,0.000000
29,0.725000,748.892857,320.000000,0.000000,1.800000,0.000000
30,0.750000,749.785714,320.000000,0.000000,1.800000,0.000000
31,0.775000,750.678571,320.000000,0.000000,1.800000,0.000000
32,0.800000,751.571429,320.000000,0.000000,1.800000,0.000000
33,0.825000,752.464286,320.000000,0.000000,1.800000,0.000000
34,0.850000,753.357143,320.000000,0.000000,1.800000,0.000000
35,0.875000,754.250000,320.000000,0.000000,1.800000,0.000000
36,0.900000,755.142857,320.000000,0.000000,1.800000,0.000000
37,0.925000,756.035714,320.000000,0.000000,1.800000,0.000000
38,0.950000,756.928571,320.000000,0.000000,1.800000,0.000000
39,0.975000,757.821429,320.000000,0.000000,1.800000,0.000000
40,1.000000,758.714286,320.000000,0.000000,1.800000,0.000000
41,1.025000,759.607143,320.000000,0.000000,1.800000,0.000000
42,1.050000,760.500000,320.000000,0.000000,1.800000,0.000000
43,1.075000,761.392857,320.000000,0.000000,1.800000,0.000000
44,1.100000,762.285714,320.000000,0.000000,1.800000,0.000000
45,1.125000,763.178571,320.000000,0.000000,1.800000,0.000000
46,1.150000,764.071429,320.000000,0.000000,1.800000,0.000000
47,1.175000,764.964286,320.000000,0.000000,1.800000,0.000000
48,1.200000,765.857143,320.000000,0.000000,1.800000,0.000000
49,1.225000,766.750000,320.000000,0.000000,1.800000,0.000000
50,1.250000,767.642857,320.000000,0.000000,1.800000,0.000000
51,1.275000,768.535714,320.000000,0.000000,1.800000,0.000000
52,1.300000,769.428571,320.000000,0.000000,1.800000,0.000000
53,1.325000,770.321429,320.000000,0.000000,1.800000,0.000000
54,1.350000,771.214286,320.000000,0.000000,1.800000,0.000000
55,1.375000,772.107143,320.000000,0.000000,1.800000,0.000000
56,1.400000,773.000000,320.000000,0.000000,1.800000,0.000000
57,1.425000,773.892857,320.000000,0.000000,1.800000,0.000000
58,1.450000,774.785714,320.000000,0.000000,1.800000,0.000000
59,1.475000,775.678571,320.000000,0.000000,1.800000,0.000000
60,1.500000,776.571429,320.000000,0.000000,1.800000,0.000000
61,1.525000,777.464286,320.000000,0.000000,1.800000,0.000000
62,1.550000,778.357143,320.000000,0.000000,1.800000,0.000000
63,1.575000,779.250000,320.000000,0.000000,1.800000,0.000000
64,1.600000,780.142857,320.000000,0.000000,1.800000,0.000000
65,1.625000,781.035714,320.000000,0.000000,1.800000,0.000000
66,1.650000,781.928571,320.000000,0.000000,1.800000,0.000000
67,1.675000,782.821429,320.000000,0.000000,1.800000,0.000000
68,1.700000,783.714286,320.000000,0.000000,1.800000,0.000000
69,1.725000,784.607143,320.000000,0.000000,1.800000,0.000000
70,1.750000,785.500000,320.000000,0.000000,1.800000,0.000000
71,1.775000,786.392857,320.000000,0.000000,1.800000,0.000000
72,1.800000,787.285714,320.000000,0.000000,1.800000,0.000000
73,1.825000,788.178571,320.000000,0.000000,1.800000,0.000000
74,1.850000,789.071429,320.000000,0.000000,1.800000,0.000000
75,1.875000,789.964286,320.000000,0.000000,1.800000,0.000000
76,1.900000,790.857143,320.000000,0.000000,1.800000,0.000000
77,1.925000,791.750000,320.000000,0.000000,1.800000,0.000000
78,1.950000,792.642857,320.000000,0.000000,1.800000,0.000000
79,1.975000,793.535714,320.000000,0.000000,1.800000,0.000000
80,2.000000,794.428571,320.000000,0.000000,1.800000,0.000000
81,2.025000,795.321429,320.000000,0.000000,1.800000,0.000000
82,2.050000,796.214286,320.000000,0.000000,1.800000,0.000000
83,2.075000,797.107143,320.000000,0.000000,1.800000,0.000000
84,2.100000,798.000000,320.000000,0.000000,1.800000,0.000000
85,2.125000,798.892857,320.000000,0.000000,1.800000,0.000000
86,2.150000,799.785714,320.000000,0.000000,1.800000,0.000000
87,2.175000,800.678571,320.000000,0.000000,1.800000,0.000000
88,2.200000,801.571429,320.000000,0.000000,1.800000,0.000000
89,2.225000,802.464286,320.000000,0.000000,1.800000,0.000000
90,2.250000,803.357143,320.000000,0.000000,1.800000,0.000000
91,2.275000,804.250000,320.000000,0.000000,1.800000,0.000000
92,2.300000,805.142857,320.000000,0.000000,1.800000,0.000000
93,2.325000,806.035714,320.000000,0.000000,1.800000,0.000000
94,2.350000,806.928571,320.000000,0.000000,1.800000,0.000000
95,2.375000,807.821429,320.000000,0.000000,1.800000,0.000000
96,2.400000,808.714286,320.000000,0.000000,1.800000,0.000000
97,2.425000,809.607143,320.000000,0.000000,1.800000,0.000000
98,2.450000,810.500000,320.000000,0.000000,1.800000,0.000000
99,2.475000,811.392857,320.000000,0.000000,1.800000,0.000000
100,2.500000,812.285714,320.000000,0.000000,1.800000,0.000000
101,2.525000,813.178571,320.000000,0.000000,1.800000,0.000000
102,2.550000,814.071429,320.000000,0.000000,1.800000,0.000000
103,2.575000,814.964286,320.000000,0.000000,1.800000,0.000000
104,2.600000,815.857143,320.000000,0.000000,1.800000,0.000000
105,2.625000,816.750000,320.000000,0.000000,1.800000,0.000000
106,2.650000,817.454569,320.454569,0.572974,1.512526,0.975841
107,2.675000,818.121501,321.000000,0.685514,1.393369,1.139527
108,2.700000,819.014358,321.000000,0.000000,1.800000,0.000000
109,2.725000,819.907215,321.000000,0.000000,1.800000,0.000000
110,2.750000,820.800072,321.000000,0.000000,1.800000,0.000000
111,2.775000,821.692929,321.000000,0.000000,1.800000,0.000000
112,2.800000,822.585786,321.000000,0.000000,1.800000,0.000000
113,2.825000,823.478644,321.000000,0.000000,1.800000,0.000000
114,2.850000,824.371501,321.000000,0.000000,1.800000,0.000000
115,2.875000,825.264358,321.000000,0.000000,1.800000,0.000000
116,2.900000,826.157215,321.000000,0.000000,1.800000,0.000000
117,2.925000,827.050072,321.000000,0.000000,1.800000,0.000000
118,2.950000,827.942929,321.000000,0.000000,1.800000,0.000000
119,2.975000,828.835786,321.000000,0.000000,1.800000,0.000000
120,3.000000,829.728644,321.000000,0.000000,1.800000,0.000000
121,3.025000,830.621501,321.000000,0.000000,1.800000,0.000000
122,3.050000,831.514358,321.000000,0.000000,1.800000,0.000000
123,3.075000,832.407215,321.000000,0.000000,1.800000,0.000000
124,3.100000,833.300072,321.000000,0.000000,1.800000,0.000000
125,3.125000,834.136422,321.136422,0.161692,1.776521,0.289778
126,3.150000,834.767767,321.767767,0.785398,1.272792,1.272792
127,3.175000,835.564430,322.000000,0.283647,1.728074,0.503746
128,3.200000,836.457287,322.000000,0.000000,1.800000,0.000000
129,3.225000,837.350144,322.000000,0.000000,1.800000,0.000000
130,3.250000,838.243001,322.000000,0.000000,1.800000,0.000000
131,3.275000,839.135859,322.000000,0.000000,1.800000,0.000000
132,3.300000,840.028716,322.000000,0.000000,1.800000,0.000000
133,3.325000,840.921573,322.000000,0.000000,1.800000,0.000000
134,3.350000,841.814430,322.000000,0.000000,1.800000,0.000000
135,3.375000,842.707287,322.000000,0.000000,1.800000,0.000000
136,3.400000,843.600144,322.000000,0.000000,1.800000,0.000000
137,3.425000,844.493001,322.000000,0.000000,1.800000,0.000000
138,3.450000,845.385859,322.000000,0.000000,1.800000,0.000000
139,3.475000,846.278716,322.000000,0.000000,1.800000,0.000000
140,3.500000,847.171573,322.000000,0.000000,1.800000,0.000000
141,3.525000,848.064430,322.000000,0.000000,1.800000,0.000000
142,3.550000,848.957287,322.000000,0.000000,1.800000,0.000000
143,3.575000,849.850144,322.000000,0.000000,1.800000,0.000000
144,3.600000,850.743001,322.000000,0.000000,1.800000,0.000000
145,3.625000,851.635859,322.000000,0.000000,1.800000,0.000000
146,3.650000,852.528716,322.000000,0.000000,1.800000,0.000000
147,3.675000,853.421573,322.000000,0.000000,1.800000,0.000000
148,3.700000,854.314430,322.000000,0.000000,1.800000,0.000000
149,3.725000,855.207287,322.000000,0.000000,1.800000,0.000000
150,3.750000,856.070813,322.070813,0.081821,1.793978,0.147114
151,3.775000,856.702158,322.702158,0.785398,1.272792,1.272792
152,3.800000,857.471645,323.000000,0.369307,1.678640,0.649744
153,3.825000,858.364502,323.000000,0.000000,1.800000,0.000000
154,3.850000,859.257359,323.000000,0.000000,1.800000,0.000000
155,3.875000,860.150216,323.000000,0.000000,1.800000,0.000000
156,3.900000,861.043074,323.000000,0.000000,1.800000,0.000000
157,3.925000,861.935931,323.000000,0.000000,1.800000,0.000000
158,3.950000,862.828788,323.000000,0.000000,1.800000,0.000000
159,3.975000,863.721645,323.000000,0.000000,1.800000,0.000000
160,4.000000,864.434519,323.434519,0.547398,1.536987,0.936841
161,4.025000,865.093146,324.000000,0.709452,1.365694,1.172552
162,4.050000,865.986003,324.000000,0.000000,1.800000,0.000000
163,4.075000,866.878860,324.000000,0.000000,1.800000,0.000000
164,4.100000,867.771717,324.000000,0.000000,1.800000,0.000000
165,4.125000,868.664574,324.000000,0.000000,1.800000,0.000000
166,4.150000,869.557431,324.000000,0.000000,1.800000,0.000000
167,4.175000,870.450289,324.000000,0.000000,1.800000,0.000000
168,4.200000,871.343146,324.000000,0.000000,1.800000,0.000000
169,4.225000,872.236003,324.000000,0.000000,1.800000,0.000000
170,4.250000,873.128860,324.000000,0.000000,1.800000,0.000000
171,4.275000,874.021717,324.000000,0.000000,1.800000,0.000000
172,4.300000,874.914574,324.000000,0.000000,1.800000,0.000000
173,4.325000,875.807431,324.000000,0.000000,1.800000,0.000000
174,4.350000,876.700289,324.000000,0.000000,1.800000,0.000000
175,4.375000,877.593146,324.000000,0.000000,1.800000,0.000000
176,4.400000,878.486003,324.000000,0.000000,1.800000,0.000000
177,4.425000,879.378860,324.000000,0.000000,1.800000,0.000000
178,4.450000,880.271717,324.000000,0.000000,1.800000,0.000000
179,4.475000,881.164574,324.000000,0.000000,1.800000,0.000000
180,4.500000,882.057431,324.000000,0.000000,1.800000,0.000000
181,4.525000,882.950289,324.000000,0.000000,1.800000,0.000000
182,4.550000,883.596194,324.596194,0.745397,1.322673,1.220875
183,4.575000,884.321789,325.000000,0.507833,1.572841,0.875312
184,4.600000,885.214646,325.000000,0.000000,1.800000,0.000000
185,4.625000,886.107504,325.000000,0.000000,1.800000,0.000000
186,4.650000,887.000361,325.000000,0.000000,1.800000,0.000000
187,4.675000,887.893218,325.000000,0.000000,1.800000,0.000000
188,4.700000,888.786075,325.000000,0.000000,1.800000,0.000000
189,4.725000,889.678932,325.000000,0.000000,1.800000,0.000000
190,4.750000,890.571789,325.000000,0.000000,1.800000,0.000000
191,4.775000,891.464646,325.000000,0.000000,1.800000,0.000000
192,4.800000,892.357504,325.000000,0.000000,1.800000,0.000000
193,4.825000,893.250361,325.000000,0.000000,1.800000,0.000000
194,4.850000,894.143218,325.000000,0.000000,1.800000,0.000000
195,4.875000,895.036075,325.000000,0.000000,1.800000,0.000000
196,4.900000,895.928932,325.000000,0.000000,1.800000,0.000000
197,4.925000,896.821789,325.000000,0.000000,1.800000,0.000000
198,4.950000,897.714646,325.000000,0.000000,1.800000,0.000000
199,4.975000,898.607504,325.000000,0.000000,1.800000,0.000000
200,5.000000,899.500361,325.000000,0.000000,1.800000,0.000000
201,5.025000,900.393218,325.000000,0.000000,1.800000,0.000000
202,5.050000,901.286075,325.000000,0.000000,1.800000,0.000000
203,5.075000,902.126524,325.126524,0.149421,1.779943,0.267959
204,5.100000,902.757870,325.757870,0.785398,1.272792,1.272792
205,5.125000,903.550433,326.000000,0.296498,1.721458,0.525911
206,5.150000,904.443290,326.000000,0.000000,1.800000,0.000000
207,5.175000,905.336147,326.000000,0.000000,1.800000,0.000000
208,5.200000,906.229004,326.000000,0.000000,1.800000,0.000000
209,5.225000,907.121861,326.000000,0.000000,1.800000,0.000000
210,5.250000,908.014719,326.000000,0.000000,1.800000,0.000000
211,5.275000,908.907576,326.000000,0.000000,1.800000,0.000000
212,5.300000,909.800433,326.000000,0.000000,1.800000,0.000000
213,5.325000,910.693290,326.000000,0.000000,1.800000,0.000000
214,5.350000,911.586147,326.000000,0.000000,1.800000,0.000000
215,5.375000,912.479004,326.000000,0.000000,1.800000,0.000000
216,5.400000,913.371861,326.000000,0.000000,1.800000,0.000000
217,5.425000,914.264719,326.000000,0.000000,1.800000,0.000000
218,5.450000,915.157576,326.000000,0.000000,1.800000,0.000000
219,5.475000,916.050433,326.000000,0.000000,1.800000,0.000000
220,5.500000,916.943290,326.000000,0.000000,1.800000,0.000000
221,5.525000,917.836147,326.000000,0.000000,1.800000,0.000000
222,5.550000,918.729004,326.000000,0.000000,1.800000,0.000000
223,5.575000,919.621861,326.000000,0.000000,1.800000,0.000000
224,5.600000,920.514719,326.000000,0.000000,1.800000,0.000000
225,5.625000,921.407576,326.000000,0.000000,1.800000,0.000000
226,5.650000,922.300433,326.000000,0.000000,1.800000,0.000000
227,5.675000,923.193290,326.000000,0.000000,1.800000,0.000000
228,5.700000,924.086147,326.000000,0.000000,1.800000,0.000000
229,5.725000,924.979004,326.000000,0.000000,1.800000,0.000000
230,5.750000,925.871861,326.000000,0.000000,1.800000,0.000000
231,5.775000,926.764719,326.000000,0.000000,1.800000,0.000000
232,5.800000,927.657576,326.000000,0.000000,1.800000,0.000000
233,5.825000,928.550433,326.000000,0.000000,1.800000,0.000000
234,5.850000,929.443290,326.000000,0.000000,1.800000,0.000000
235,5.875000,930.336147,326.000000,0.000000,1.800000,0.000000
236,5.900000,931.229004,326.000000,0.000000,1.800000,0.000000
237,5.925000,932.121861,326.000000,0.000000,1.800000,0.000000
238,5.950000,933.014719,326.000000,0.000000,1.800000,0.000000
239,5.975000,933.907576,326.000000,0.000000,1.800000,0.000000
240,6.000000,934.800433,326.000000,0.000000,1.800000,0.000000
241,6.025000,935.693290,326.000000,0.000000,1.800000,0.000000
242,6.050000,936.586147,326.000000,0.000000,1.800000,0.000000
243,6.075000,937.479004,326.000000,0.000000,1.800000,0.000000
244,6.100000,938.371861,326.000000,0.000000,1.800000,0.000000
245,6.125000,939.264719,326.000000,0.000000,1.800000,0.000000
246,6.150000,940.157576,326.000000,0.000000,1.800000,0.000000
247,6.175000,941.050433,326.000000,0.000000,1.800000,0.000000
248,6.200000,941.943290,326.000000,0.000000,1.800000,0.000000
249,6.225000,942.836147,326.000000,0.000000,1.800000,0.000000
250,6.250000,943.729004,326.000000,0.000000,1.800000,0.000000
251,6.275000,944.621861,326.000000,0.000000,1.800000,0.000000
252,6.300000,945.514719,326.000000,0.000000,1.800000,0.000000
253,6.325000,946.407576,326.000000,0.000000,1.800000,0.000000
254,6.350000,947.300433,326.000000,0.000000,1.800000,0.000000
255,6.375000,948.193290,326.000000,0.000000,1.800000,0.000000
256,6.400000,949.086147,326.000000,0.000000,1.800000,0.000000
257,6.425000,949.979004,326.000000,0.000000,1.800000,0.000000
258,6.450000,950.871861,326.000000,0.000000,1.800000,0.000000
259,6.475000,951.764719,326.000000,0.000000,1.800000,0.000000
260,6.500000,952.657576,326.000000,0.000000,1.800000,0.000000
261,6.525000,953.550433,326.000000,0.000000,1.800000,0.000000
262,6.550000,954.443290,326.000000,0.000000,1.800000,0.000000
263,6.575000,955.336147,326.000000,0.000000,1.800000,0.000000
264,6.600000,956.229004,326.000000,0.000000,1.800000,0.000000
265,6.625000,957.121861,326.000000,0.000000,1.800000,0.000000
266,6.650000,958.014719,326.000000,0.000000,1.800000,0.000000
267,6.675000,958.907576,326.000000,0.000000,1.800000,0.000000
268,6.700000,959.800433,326.000000,0.000000,1.800000,0.000000
269,6.725000,960.693290,326.000000,0.000000,1.800000,0.000000
270,6.750000,961.586147,326.000000,0.000000,1.800000,0.000000
271,6.775000,962.479004,326.000000,0.000000,1.800000,0.000000
272,6.800000,963.371861,326.000000,0.000000,1.800000,0.000000
273,6.825000,964.264719,326.000000,0.000000,1.800000,0.000000
274,6.850000,965.157576,326.000000,0.000000,1.800000,0.000000
275,6.875000,966.050433,326.000000,0.000000,1.800000,0.000000
276,6.900000,966.943290,326.000000,0.000000,1.800000,0.000000
277,6.925000,967.836147,326.000000,0.000000,1.800000,0.000000
278,6.950000,968.729004,326.000000,0.000000,1.800000,0.000000
279,6.975000,969.621861,326.000000,0.000000,1.800000,0.000000
280,7.000000,970.514719,326.000000,0.000000,1.800000,0.000000
281,7.025000,971.407576,326.000000,0.000000,1.800000,0.000000
282,7.050000,972.300433,326.000000,0.000000,1.800000,0.000000
283,7.075000,973.193290,326.000000,0.000000,1.800000,0.000000
284,7.100000,974.086147,326.000000,0.000000,1.800000,0.000000
285,7.125000,974.979004,326.000000,0.000000,1.800000,0.000000
286,7.150000,975.871861,326.000000,0.000000,1.800000,0.000000
287,7.175000,976.764719,326.000000,0.000000,1.800000,0.000000
288,7.200000,977.657576,326.000000,0.000000,1.800000,0.000000
289,7.225000,978.550433,326.000000,0.000000,1.800000,0.000000
290,7.250000,979.443290,326.000000,0.000000,1.800000,0.000000
291,7.275000,980.336147,326.000000,0.000000,1.800000,0.000000
292,7.300000,981.229004,326.000000,0.000000,1.800000,0.000000
293,7.325000,982.121861,326.000000,0.000000,1.800000,0.000000
294,7.350000,983.014719,326.000000,0.000000,1.800000,0.000000
295,7.375000,983.907576,326.000000,0.000000,1.800000,0.000000
296,7.400000,984.800433,326.000000,0.000000,1.800000,0.000000
297,7.425000,985.693290,326.000000,0.000000,1.800000,0.000000
298,7.450000,986.586147,326.000000,0.000000,1.800000,0.000000
299,7.475000,987.479004,326.000000,0.000000,1.800000,0.000000
300,7.500000,988.371861,326.000000,0.000000,1.800000,0.000000
301,7.525000,989.264719,326.000000,0.000000,1.800000,0.000000
302,7.550000,990.157576,326.000000,0.000000,1.800000,0.000000
303,7.575000,991.050433,326.000000,0.000000,1.800000,0.000000
304,7.600000,991.943290,326.000000,0.000000,1.800000,0.000000
305,7.625000,992.836147,326.000000,0.000000,1.800000,0.000000
306,7.650000,993.729004,326.000000,0.000000,1.800000,0.000000
307,7.675000,994.621861,326.000000,0.000000,1.800000,0.000000
308,7.700000,995.514719,326.000000,0.000000,1.800000,0.000000
309,7.725000,996.407576,326.000000,0.000000,1.800000,0.000000
310,7.750000,997.300433,326.000000,0.000000,1.800000,0.000000
311,7.775000,998.193290,326.000000,0.000000,1.800000,0.000000
312,7.800000,999.086147,326.000000,0.000000,1.800000,0.000000
313,7.825000,999.979004,326.000000,0.000000,1.800000,0.000000
314,7.850000,1000.871861,326.000000,0.000000,1.800000,0.000000
315,7.875000,1001.764719,326.000000,0.000000,1.800000,0.000000
316,7.900000,1002.657576,326.000000,0.000000,1.800000,0.000000
317,7.925000,1003.550433,326.000000,0.000000,1.800000,0.000000
318,7.950000,1004.443290,326.000000,0.000000,1.800000,0.000000
319,7.975000,1005.336147,326.000000,0.000000,1.800000,0.000000
320,8.000000,1006.229004,326.000000,0.000000,1.800000,0.000000
321,8.025000,1007.121861,326.000000,0.000000,1.800000,0.000000
322,8.050000,1008.014719,326.000000,0.000000,1.800000,0.000000
323,8.075000,1008.907576,326.000000,0.000000,1.800000,0.000000
324,8.100000,1009.800433,326.000000,0.000000,1.800000,0.000000
325,8.125000,1010.693290,326.000000,0.000000,1.800000,0.000000
326,8.150000,1011.586147,326.000000,0.000000,1.800000,0.000000
327,8.175000,1012.479004,326.000000,0.000000,1.800000,0.000000
328,8.200000,1013.371861,326.000000,0.000000,1.800000,0.000000
329,8.225000,1014.264719,326.000000,0.000000,1.800000,0.000000
330,8.250000,1015.157576,326.000000,0.000000,1.800000,0.000000
331,8.275000,1016.050433,326.000000,0.000000,1.800000,0.000000
332,8.300000,1016.943290,326.000000,0.000000,1.800000,0.000000
333,8.325000,1017.836147,326.000000,0.000000,1.800000,0.000000
334,8.350000,1018.729004,326.000000,0.000000,1.800000,0.000000
335,8.375000,1019.621861,326.000000,0.000000,1.800000,0.000000
336,8.400000,1020.514719,326.000000,0.000000,1.800000,0.000000
337,8.425000,1021.407576,326.000000,0.000000,1.800000,0.000000
338,8.450000,1022.300433,326.000000,0.000000,1.800000,0.000000
339,8.475000,1023.193290,326.000000,0.000000,1.800000,0.000000
340,8.500000,1024.086147,326.000000,0.000000,1.800000,0.000000
341,8.525000,1024.979004,326.000000,0.000000,1.800000,0.000000
342,8.550000,1025.871861,326.000000,0.000000,1.800000,0.000000
343,8.575000,1026.764719,326.000000,0.000000,1.800000,0.000000
344,8.600000,1027.657576,326.000000,0.000000,1.800000,0.000000
345,8.625000,1028.550433,326.000000,0.000000,1.800000,0.000000
346,8.650000,1029.443290,326.000000,0.000000,1.800000,0.000000
347,8.675000,1030.336147,326.000000,0.000000,1.800000,0.000000
348,8.700000,1031.229004,326.000000,0.000000,1.800000,0.000000
349,8.725000,1032.121861,326.000000,0.000000,1.800000,0.000000
350,8.750000,1033.014719,326.000000,0.000000,1.800000,0.000000
351,8.775000,1033.907576,326.000000,0.000000,1.800000,0.000000
352,8.800000,1034.800433,326.000000,0.000000,1.800000,0.000000
353,8.825000,1035.693290,326.000000,0.000000,1.800000,0.000000
354,8.850000,1036.586147,326.000000,0.000000,1.800000,0.000000
355,8.875000,1037.479004,326.000000,0.000000,1.800000,0.000000
356,8.900000,1038.371861,326.000000,0.000000,1.800000,0.000000
357,8.925000,1039.264719,326.000000,0.000000,1.800000,0.000000
358,8.950000,1040.157576,326.000000,0.000000,1.800000,0.000000
359,8.975000,1041.050433,326.000000,0.000000,1.800000,0.000000
360,9.000000,1041.943290,326.000000,0.000000,1.800000,0.000000
361,9.025000,1042.836147,326.000000,0.000000,1.800000,0.000000
362,9.050000,1043.729004,326.000000,0.000000,1.800000,0.000000
363,9.075000,1044.621861,326.000000,0.000000,1.800000,0.000000
364,9.100000,1045.514719,326.000000,0.000000,1.800000,0.000000
365,9.125000,1046.407576,326.000000,0.000000,1.800000,0.000000
366,9.150000,1047.300433,326.000000,0.000000,1.800000,0.000000
367,9.175000,1048.193290,326.000000,0.000000,1.800000,0.000000
368,9.200000,1049.086147,326.000000,0.000000,1.800000,0.000000
369,9.225000,1049.979004,326.000000,0.000000,1.800000,0.000000
370,9.250000,1050.871861,326.000000,0.000000,1.800000,0.000000
371,9.275000,1051.540738,325.459262,-0.679858,1.399791,-1.131629
372,9.300000,1052.243362,325.000000,-0.578929,1.506689,-0.984829
373,9.325000,1053.136219,325.000000,0.000000,1.800000,0.000000
374,9.350000,1054.029076,325.000000,0.000000,1.800000,0.000000
375,9.375000,1054.921934,325.000000,0.000000,1.800000,0.000000
376,9.400000,1055.814791,325.000000,0.000000,1.800000,0.000000
377,9.425000,1056.707648,325.000000,0.000000,1.800000,0.000000
378,9.450000,1057.600505,325.000000,0.000000,1.800000,0.000000
379,9.475000,1058.493362,325.000000,0.000000,1.800000,0.000000
380,9.500000,1059.386219,325.000000,0.000000,1.800000,0.000000
381,9.525000,1060.279076,325.000000,0.000000,1.800000,0.000000
382,9.550000,1061.171934,325.000000,0.000000,1.800000,0.000000
383,9.575000,1062.064791,325.000000,0.000000,1.800000,0.000000
384,9.600000,1062.957648,325.000000,0.000000,1.800000,0.000000
385,9.625000,1063.850505,325.000000,0.000000,1.800000,0.000000
386,9.650000,1064.743362,325.000000,0.000000,1.800000,0.000000
387,9.675000,1065.636219,325.000000,0.000000,1.800000,0.000000
388,9.700000,1066.529076,325.000000,0.000000,1.800000,0.000000
389,9.725000,1067.421934,325.000000,0.000000,1.800000,0.000000
390,9.750000,1068.314791,325.000000,0.000000,1.800000,0.000000
391,9.775000,1069.207648,325.000000,0.000000,1.800000,0.000000
392,9.800000,1070.100505,325.000000,0.000000,1.800000,0.000000
393,9.825000,1070.993362,325.000000,0.000000,1.800000,0.000000
394,9.850000,1071.886219,325.000000,0.000000,1.800000,0.000000
395,9.875000,1072.779076,325.000000,0.000000,1.800000,0.000000
396,9.900000,1073.671934,325.000000,0.000000,1.800000,0.000000
397,9.925000,1074.564791,325.000000,0.000000,1.800000,0.000000
398,9.950000,1075.323606,324.676394,-0.403108,1.655723,-0.706103
399,9.975000,1075.954951,324.045049,-0.785398,1.272792,-1.272792
400,10.000000,1076.829149,324.000000,-0.051486,1.797615,-0.092634
401,10.025000,1077.722006,324.000000,0.000000,1.800000,0.000000
402,10.050000,1078.614863,324.000000,0.000000,1.800000,0.000000
403,10.075000,1079.507720,324.000000,0.000000,1.800000,0.000000
404,10.100000,1080.400577,324.000000,0.000000,1.800000,0.000000
405,10.125000,1081.293434,324.000000,0.000000,1.800000,0.000000
406,10.150000,1082.186292,324.000000,0.000000,1.800000,0.000000
407,10.175000,1083.055967,323.944033,-0.064265,1.796284,-0.115597
408,10.200000,1083.687312,323.312688,-0.785398,1.272792,-1.272792
409,10.225000,1084.450649,323.000000,-0.388783,1.665668,-0.682312
410,10.250000,1085.343507,323.000000,0.000000,1.800000,0.000000
411,10.275000,1086.236364,323.000000,0.000000,1.800000,0.000000
412,10.300000,1087.129221,323.000000,0.000000,1.800000,0.000000
413,10.325000,1088.022078,323.000000,0.000000,1.800000,0.000000
414,10.350000,1088.914935,323.000000,0.000000,1.800000,0.000000
415,10.375000,1089.807792,323.000000,0.000000,1.800000,0.000000
416,10.400000,1090.700649,323.000000,0.000000,1.800000,0.000000
417,10.425000,1091.593507,323.000000,0.000000,1.800000,0.000000
418,10.450000,1092.486364,323.000000,0.000000,1.800000,0.000000
419,10.475000,1093.379221,323.000000,0.000000,1.800000,0.000000
420,10.500000,1094.272078,323.000000,0.000000,1.800000,0.000000
421,10.525000,1095.164935,323.000000,0.000000,1.800000,0.000000
422,10.550000,1096.057792,323.000000,0.000000,1.800000,0.000000
423,10.575000,1096.950649,323.000000,0.000000,1.800000,0.000000
424,10.600000,1097.843507,323.000000,0.000000,1.800000,0.000000
425,10.625000,1098.736364,323.000000,0.000000,1.800000,0.000000
426,10.650000,1099.629221,323.000000,0.000000,1.800000,0.000000
427,10.675000,1100.522078,323.000000,0.000000,1.800000,0.000000
428,10.700000,1101.414935,323.000000,0.000000,1.800000,0.000000
429,10.725000,1102.307792,323.000000,0.000000,1.800000,0.000000
430,10.750000,1103.200649,323.000000,0.000000,1.800000,0.000000
431,10.775000,1104.093507,323.000000,0.000000,1.800000,0.000000
432,10.800000,1104.986364,323.000000,0.000000,1.800000,0.000000
433,10.825000,1105.879221,323.000000,0.000000,1.800000,0.000000
434,10.850000,1106.772078,323.000000,0.000000,1.800000,0.000000
435,10.875000,1107.664935,323.000000,0.000000,1.800000,0.000000
436,10.900000,1108.557792,323.000000,0.000000,1.800000,0.000000
437,10.925000,1109.450649,323.000000,0.000000,1.800000,0.000000
438,10.950000,1110.343507,323.000000,0.000000,1.800000,0.000000
439,10.975000,1111.236364,323.000000,0.000000,1.800000,0.000000
440,11.000000,1112.129221,323.000000,0.000000,1.800000,0.000000
441,11.025000,1113.022078,323.000000,0.000000,1.800000,0.000000
442,11.050000,1113.914935,323.000000,0.000000,1.800000,0.000000
443,11.075000,1114.807792,323.000000,0.000000,1.800000,0.000000
444,11.100000,1115.700649,323.000000,0.000000,1.800000,0.000000
445,11.125000,1116.593507,323.000000,0.000000,1.800000,0.000000
446,11.150000,1117.486364,323.000000,0.000000,1.800000,0.000000
447,11.175000,1118.379221,323.000000,0.000000,1.800000,0.000000
448,11.200000,1119.272078,323.000000,0.000000,1.800000,0.000000
449,11.225000,1120.164935,323.000000,0.000000,1.800000,0.000000
450,11.250000,1121.057792,323.000000,0.000000,1.800000,0.000000
451,11.275000,1121.950649,323.000000,0.000000,1.800000,0.000000
452,11.300000,1122.843507,323.000000,0.000000,1.800000,0.000000
453,11.325000,1123.736364,323.000000,0.000000,1.800000,0.000000
454,11.350000,1124.629221,323.000000,0.000000,1.800000,0.000000
455,11.375000,1125.522078,323.000000,0.000000,1.800000,0.000000
456,11.400000,1126.414935,323.000000,0.000000,1.800000,0.000000
457,11.425000,1127.307792,323.000000,0.000000,1.800000,0.000000
458,11.450000,1128.200649,323.000000,0.000000,1.800000,0.000000
459,11.475000,1129.093507,323.000000,0.000000,1.800000,0.000000
460,11.500000,1129.986364,323.000000,0.000000,1.800000,0.000000
461,11.525000,1130.879221,323.000000,0.000000,1.800000,0.000000
462,11.550000,1131.772078,323.000000,0.000000,1.800000,0.000000
463,11.575000,1132.664935,323.000000,0.000000,1.800000,0.000000
464,11.600000,1133.557792,323.000000,0.000000,1.800000,0.000000
465,11.625000,1134.450649,323.000000,0.000000,1.800000,0.000000
466,11.650000,1135.343507,323.000000,0.000000,1.800000,0.000000
467,11.675000,1136.236364,323.000000,0.000000,1.800000,0.000000
468,11.700000,1137.129221,323.000000,0.000000,1.800000,0.000000
469,11.725000,1138.022078,323.000000,0.000000,1.800000,0.000000
470,11.750000,1138.914935,323.000000,0.000000,1.800000,0.000000
471,11.775000,1139.807792,323.000000,0.000000,1.800000,0.000000
472,11.800000,1140.700649,323.000000,0.000000,1.800000,0.000000
473,11.825000,1141.419672,323.419672,0.528326,1.554574,0.907359
474,11.850000,1142.072150,324.000000,0.726940,1.344981,1.196255
475,11.875000,1142.965007,324.000000,0.000000,1.800000,0.000000
476,11.900000,1143.606602,324.606602,0.757371,1.307961,1.236624
477,11.925000,1144.237947,325.237947,0.785398,1.272792,1.272792
478,11.950000,1144.869292,325.869292,0.785398,1.272792,1.272792
479,11.975000,1145.500638,326.500638,0.785398,1.272792,1.272792
480,12.000000,1146.131983,327.131983,0.785398,1.272792,1.272792
481,12.025000,1146.763328,327.763328,0.785398,1.272792,1.272792
482,12.050000,1147.394674,328.394674,0.785398,1.272792,1.272792
483,12.075000,1148.026019,329.026019,0.785398,1.272792,1.272792
484,12.100000,1148.657364,329.657364,0.785398,1.272792,1.272792
485,12.125000,1149.288710,330.288710,0.785398,1.272792,1.272792
486,12.150000,1149.920055,330.920055,0.785398,1.272792,1.272792
487,12.175000,1150.551400,331.551400,0.785398,1.272792,1.272792
488,12.200000,1151.182746,332.182746,0.785398,1.272792,1.272792
489,12.225000,1151.814091,332.814091,0.785398,1.272792,1.272792
490,12.250000,1152.445436,333.445436,0.785398,1.272792,1.272792
491,12.275000,1153.076782,334.076782,0.785398,1.272792,1.272792
492,12.300000,1153.708127,334.708127,0.785398,1.272792,1.272792
493,12.325000,1154.339473,335.339473,0.785398,1.272792,1.272792
494,12.350000,1154.970818,335.970818,0.785398,1.272792,1.272792
495,12.375000,1155.602163,336.602163,0.785398,1.272792,1.272792
496,12.400000,1156.233509,337.233509,0.785398,1.272792,1.272792
497,12.425000,1156.864854,337.864854,0.785398,1.272792,1.272792
498,12.450000,1157.496199,338.496199,0.785398,1.272792,1.272792
499,12.475000,1158.127545,339.127545,0.785398,1.272792,1.272792
500,12.500000,1158.758890,339.758890,0.785398,1.272792,1.272792
501,12.525000,1159.390235,340.390235,0.785398,1.272792,1.272792
502,12.550000,1160.000000,341.030520,0.809808,1.241347,1.303479
503,12.575000,1160.000000,341.923377,1.570796,0.000000,1.800000
504,12.600000,1160.577164,342.577164,0.847565,1.191259,1.349408
505,12.625000,1161.000000,343.294877,1.038398,0.913682,1.550866
506,12.650000,1161.132748,344.132748,1.413667,0.281670,1.777825
507,12.675000,1161.764094,344.764094,0.785398,1.272792,1.272792
508,12.700000,1162.000000,345.559235,1.282384,0.511975,1.725654
509,12.725000,1162.000000,346.452092,1.570796,0.000000,1.800000
510,12.750000,1162.000000,347.344950,1.570796,0.000000,1.800000
511,12.775000,1162.000000,348.237807,1.570796,0.000000,1.800000
512,12.800000,1162.092393,349.092393,1.463100,0.193479,1.789571
513,12.825000,1162.723739,349.723739,0.785398,1.272792,1.272792
514,12.850000,1163.000000,350.502165,1.229765,0.602026,1.696339
515,12.875000,1163.000000,351.395022,1.570796,0.000000,1.800000
516,12.900000,1163.000000,352.287879,1.570796,0.000000,1.800000
517,12.925000,1163.000000,353.180736,1.570796,0.000000,1.800000
518,12.950000,1163.052038,354.052038,1.511143,0.107313,1.796798
519,12.975000,1163.683384,354.683384,0.785398,1.272792,1.272792
520,13.000000,1164.000000,355.445094,1.176859,0.690889,1.662129
521,13.025000,1164.000000,356.337951,1.570796,0.000000,1.800000
522,13.050000,1164.163206,357.163206,1.375551,0.349212,1.765800
523,13.075000,1164.794551,357.794551,0.785398,1.272792,1.272792
524,13.100000,1165.000000,358.602309,1.321733,0.443693,1.744459
525,13.125000,1165.000000,359.495166,1.570796,0.000000,1.800000
526,13.150000,1165.000000,360.388023,1.570796,0.000000,1.800000
527,13.175000,1165.000000,361.280880,1.570796,0.000000,1.800000
528,13.200000,1165.122851,362.122851,1.425910,0.259884,1.781140
529,13.225000,1165.754196,362.754196,0.785398,1.272792,1.272792
530,13.250000,1166.000000,363.545238,1.269521,0.534129,1.718926
531,13.275000,1166.000000,364.438095,1.570796,0.000000,1.800000
532,13.300000,1166.000000,365.330952,1.570796,0.000000,1.800000
533,13.325000,1166.000000,366.223810,1.570796,0.000000,1.800000
534,13.350000,1166.000000,367.116667,1.570796,0.000000,1.800000
535,13.375000,1166.000000,368.009524,1.570796,0.000000,1.800000
536,13.400000,1166.000000,368.902381,1.570796,0.000000,1.800000
537,13.425000,1166.000000,369.795238,1.570796,0.000000,1.800000
538,13.450000,1166.000000,370.688095,1.570796,0.000000,1.800000
539,13.475000,1166.000000,371.580952,1.570796,0.000000,1.800000
540,13.500000,1166.000000,372.473810,1.570796,0.000000,1.800000
541,13.525000,1166.000000,373.366667,1.570796,0.000000,1.800000
542,13.550000,1166.000000,374.259524,1.570796,0.000000,1.800000
543,13.575000,1166.000000,375.152381,1.570796,0.000000,1.800000
544,13.600000,1166.000000,376.045238,1.570796,0.000000,1.800000
545,13.625000,1166.000000,376.938095,1.570796,0.000000,1.800000
546,13.650000,1166.000000,377.830952,1.570796,0.000000,1.800000
547,13.675000,1166.000000,378.723810,1.570796,0.000000,1.800000
548,13.700000,1166.000000,379.616667,1.570796,0.000000,1.800000
549,13.725000,1166.000000,380.509524,1.570796,0.000000,1.800000
550,13.750000,1166.000000,381.402381,1.570796,0.000000,1.800000
551,13.775000,1166.000000,382.295238,1.570796,0.000000,1.800000
552,13.800000,1166.000000,383.188095,1.570796,0.000000,1.800000
553,13.825000,1166.000000,384.080952,1.570796,0.000000,1.800000
554,13.850000,1166.000000,384.973810,1.570796,0.000000,1.800000
555,13.875000,1166.000000,385.866667,1.570796,0.000000,1.800000
556,13.900000,1166.000000,386.759524,1.570796,0.000000,1.800000
557,13.925000,1166.000000,387.652381,1.570796,0.000000,1.800000
558,13.950000,1166.000000,388.545238,1.570796,0.000000,1.800000
559,13.975000,1166.000000,389.438095,1.570796,0.000000,1.800000
560,14.000000,1166.000000,390.330952,1.570796,0.000000,1.800000
561,14.025000,1166.000000,391.223810,1.570796,0.000000,1.800000
562,14.050000,1166.000000,392.116667,1.570796,0.000000,1.800000
563,14.075000,1166.000000,393.009524,1.570796,0.000000,1.800000
564,14.100000,1166.000000,393.902381,1.570796,0.000000,1.800000
565,14.125000,1166.000000,394.795238,1.570796,0.000000,1.800000
566,14.150000,1166.000000,395.688095,1.570796,0.000000,1.800000
567,14.175000,1166.410795,396.410795,1.053923,0.889496,1.564863
568,14.200000,1167.000000,397.059596,0.833500,1.210120,1.332520
569,14.225000,1167.000000,397.952453,1.570796,0.000000,1.800000
570,14.250000,1167.000000,398.845310,1.570796,0.000000,1.800000
571,14.275000,1167.000000,399.738167,1.570796,0.000000,1.800000
572,14.300000,1167.000000,400.631025,1.570796,0.000000,1.800000
573,14.325000,1167.370440,401.370440,1.106357,0.806260,1.609331
574,14.350000,1168.000000,402.002525,0.787400,1.270242,1.275337
575,14.375000,1168.000000,402.895382,1.570796,0.000000,1.800000
576,14.400000,1168.000000,403.788240,1.570796,0.000000,1.800000
577,14.425000,1168.000000,404.681097,1.570796,0.000000,1.800000
578,14.450000,1168.000000,405.573954,1.570796,0.000000,1.800000
579,14.475000,1168.330085,406.330085,1.159188,0.720151,1.649661
580,14.500000,1168.961431,406.961431,0.785398,1.272792,1.272792
581,14.525000,1169.000000,407.838312,1.526840,0.079096,1.798261
582,14.550000,1169.000000,408.731169,1.570796,0.000000,1.800000
583,14.575000,1169.441253,409.441253,1.014783,0.950048,1.528859
584,14.600000,1170.000000,410.102670,0.869345,1.161589,1.375031
585,14.625000,1170.000000,410.995527,1.570796,0.000000,1.800000
586,14.650000,1170.628182,411.628182,0.788946,1.268269,1.277300
587,14.675000,1171.000000,412.367027,1.104559,0.809152,1.607879
588,14.700000,1171.000000,413.259885,1.570796,0.000000,1.800000
589,14.725000,1171.108005,414.108005,1.444132,0.227387,1.785580
590,14.750000,1171.739350,414.739350,0.785398,1.272792,1.272792
591,14.775000,1172.000000,415.524242,1.250171,0.567288,1.708269
592,14.800000,1172.000000,416.417100,1.570796,0.000000,1.800000
593,14.825000,1171.780827,417.219173,1.837542,-0.474468,1.736341
594,14.850000,1171.149482,417.850518,2.356194,-1.272792,1.272792
595,14.875000,1171.000000,418.681458,1.748788,-0.318696,1.771562
596,14.900000,1170.593898,419.406102,2.081601,-0.879983,1.570233
597,14.925000,1170.000000,420.052958,2.313538,-1.217358,1.325911
598,14.950000,1170.000000,420.945815,1.570796,0.000000,1.800000
599,14.975000,1170.000000,421.838673,1.570796,0.000000,1.800000
600,15.000000,1170.000000,422.731530,1.570796,0.000000,1.800000
601,15.025000,1170.000000,423.624387,1.570796,0.000000,1.800000
602,15.050000,1169.634253,424.365747,2.029106,-0.796380,1.614243
603,15.075000,1169.002908,424.997092,2.356194,-1.272792,1.272792
604,15.100000,1169.000000,425.888745,1.574058,-0.005870,1.799990
605,15.125000,1169.000000,426.781602,1.570796,0.000000,1.800000
606,15.150000,1169.000000,427.674459,1.570796,0.000000,1.800000
607,15.175000,1169.000000,428.567316,1.570796,0.000000,1.800000
608,15.200000,1168.674608,429.325392,1.976248,-0.709980,1.654064
609,15.225000,1168.043263,429.956737,2.356194,-1.272792,1.272792
610,15.250000,1168.000000,430.831674,1.620203,-0.088896,1.797804
611,15.275000,1168.000000,431.724531,1.570796,0.000000,1.800000
612,15.300000,1168.000000,432.617388,1.570796,0.000000,1.800000
613,15.325000,1168.000000,433.510245,1.570796,0.000000,1.800000
614,15.350000,1168.000000,434.403103,1.570796,0.000000,1.800000
615,15.375000,1168.000000,435.295960,1.570796,0.000000,1.800000
616,15.400000,1168.000000,436.188817,1.570796,0.000000,1.800000
617,15.425000,1168.000000,437.081674,1.570796,0.000000,1.800000
618,15.450000,1168.000000,437.974531,1.570796,0.000000,1.800000
619,15.475000,1167.386664,438.613336,2.335857,-1.246645,1.298413
620,15.500000,1167.000000,439.346032,2.056379,-0.840103,1.591925
621,15.525000,1167.000000,440.238889,1.570796,0.000000,1.800000
622,15.550000,1167.000000,441.131746,1.570796,0.000000,1.800000
623,15.575000,1167.000000,442.024603,1.570796,0.000000,1.800000
624,15.600000,1167.000000,442.917460,1.570796,0.000000,1.800000
625,15.625000,1167.000000,443.810318,1.570796,0.000000,1.800000
626,15.650000,1167.000000,444.703175,1.570796,0.000000,1.800000
627,15.675000,1167.000000,445.596032,1.570796,0.000000,1.800000
628,15.700000,1167.000000,446.488889,1.570796,0.000000,1.800000
629,15.725000,1167.000000,447.381746,1.570796,0.000000,1.800000
630,15.750000,1166.805826,448.194174,1.805400,-0.418423,1.750692
631,15.775000,1166.174481,448.825519,2.356194,-1.272792,1.272792
632,15.800000,1166.000000,449.646104,1.780306,-0.374365,1.760639
633,15.825000,1166.000000,450.538961,1.570796,0.000000,1.800000
634,15.850000,1166.000000,451.431818,1.570796,0.000000,1.800000
635,15.875000,1166.000000,452.324675,1.570796,0.000000,1.800000
636,15.900000,1166.000000,453.217533,1.570796,0.000000,1.800000
637,15.925000,1166.000000,454.110390,1.570796,0.000000,1.800000
638,15.950000,1165.997704,455.002296,1.573370,-0.004633,1.799994
639,15.975000,1165.366359,455.633641,2.356194,-1.272792,1.272792
640,16.000000,1165.000000,456.374748,2.029906,-0.797670,1.613605
641,16.025000,1165.000000,457.267605,1.570796,0.000000,1.800000
642,16.050000,1165.000000,458.160462,1.570796,0.000000,1.800000
643,16.075000,1165.000000,459.053319,1.570796,0.000000,1.800000
644,16.100000,1165.000000,459.946176,1.570796,0.000000,1.800000
645,16.125000,1165.000000,460.839033,1.570796,0.000000,1.800000
646,16.150000,1165.000000,461.731890,1.570796,0.000000,1.800000
647,16.175000,1165.000000,462.624748,1.570796,0.000000,1.800000
648,16.200000,1165.000000,463.517605,1.570796,0.000000,1.800000
649,16.225000,1165.000000,464.410462,1.570796,0.000000,1.800000
650,16.250000,1165.000000,465.303319,1.570796,0.000000,1.800000
651,16.275000,1164.861283,466.138717,1.735344,-0.294852,1.775686
652,16.300000,1164.229937,466.770063,2.356194,-1.272792,1.272792
653,16.325000,1164.000000,467.567677,1.851468,-0.498601,1.729565
654,16.350000,1164.000000,468.460534,1.570796,0.000000,1.800000
655,16.375000,1164.000000,469.353391,1.570796,0.000000,1.800000
656,16.400000,1164.000000,470.246248,1.570796,0.000000,1.800000
657,16.425000,1164.000000,471.139105,1.570796,0.000000,1.800000
658,16.450000,1164.000000,472.031963,1.570796,0.000000,1.800000
659,16.475000,1164.000000,472.924820,1.570796,0.000000,1.800000
660,16.500000,1164.000000,473.817677,1.570796,0.000000,1.800000
661,16.525000,1164.000000,474.710534,1.570796,0.000000,1.800000
662,16.550000,1164.000000,475.603391,1.570796,0.000000,1.800000
663,16.575000,1164.000000,476.496248,1.570796,0.000000,1.800000
664,16.600000,1164.000000,477.389105,1.570796,0.000000,1.800000
665,16.625000,1164.000000,478.281963,1.570796,0.000000,1.800000
666,16.650000,1164.000000,479.174820,1.570796,0.000000,1.800000
667,16.675000,1164.000000,480.067677,1.570796,0.000000,1.800000
668,16.700000,1164.000000,480.960534,1.570796,0.000000,1.800000
669,16.725000,1164.000000,481.853391,1.570796,0.000000,1.800000
670,16.750000,1164.000000,482.746248,1.570796,0.000000,1.800000
671,16.775000,1164.000000,483.639105,1.570796,0.000000,1.800000
672,16.800000,1164.000000,484.531963,1.570796,0.000000,1.800000
673,16.825000,1164.000000,485.424820,1.570796,0.000000,1.800000
674,16.850000,1164.000000,486.317677,1.570796,0.000000,1.800000
675,16.875000,1164.000000,487.210534,1.570796,0.000000,1.800000
676,16.900000,1164.000000,488.103391,1.570796,0.000000,1.800000
677,16.925000,1164.000000,488.996248,1.570796,0.000000,1.800000
678,16.950000,1164.000000,489.889105,1.570796,0.000000,1.800000
679,16.975000,1164.000000,490.781963,1.570796,0.000000,1.800000
680,17.000000,1164.000000,491.674820,1.570796,0.000000,1.800000
681,17.025000,1164.000000,492.567677,1.570796,0.000000,1.800000
682,17.050000,1164.000000,493.460534,1.570796,0.000000,1.800000
683,17.075000,1164.000000,494.353391,1.570796,0.000000,1.800000
684,17.100000,1164.000000,495.246248,1.570796,0.000000,1.800000
685,17.125000,1164.000000,496.139105,1.570796,0.000000,1.800000
686,17.150000,1164.000000,497.031963,1.570796,0.000000,1.800000
687,17.175000,1164.000000,497.924820,1.570796,0.000000,1.800000
688,17.200000,1164.000000,498.817677,1.570796,0.000000,1.800000
689,17.225000,1164.000000,499.710534,1.570796,0.000000,1.800000
690,17.250000,1164.000000,500.603391,1.570796,0.000000,1.800000
691,17.275000,1164.000000,501.496248,1.570796,0.000000,1.800000
692,17.300000,1164.000000,502.389105,1.570796,0.000000,1.800000
693,17.325000,1164.000000,503.281963,1.570796,0.000000,1.800000
694,17.350000,1164.000000,504.174820,1.570796,0.000000,1.800000
695,17.375000,1164.000000,505.067677,1.570796,0.000000,1.800000
696,17.400000,1164.000000,505.960534,1.570796,0.000000,1.800000
697,17.425000,1164.000000,506.853391,1.570796,0.000000,1.800000
698,17.450000,1164.000000,507.746248,1.570796,0.000000,1.800000
699,17.475000,1164.000000,508.639105,1.570796,0.000000,1.800000
700,17.500000,1164.000000,509.531963,1.570796,0.000000,1.800000
701,17.525000,1164.000000,510.424820,1.570796,0.000000,1.800000
702,17.550000,1164.000000,511.317677,1.570796,0.000000,1.800000
703,17.575000,1164.000000,512.210534,1.570796,0.000000,1.800000
704,17.600000,1164.000000,513.103391,1.570796,0.000000,1.800000
705,17.625000,1164.000000,513.996248,1.570796,0.000000,1.800000
706,17.650000,1164.000000,514.889105,1.570796,0.000000,1.800000
707,17.675000,1164.000000,515.781963,1.570796,0.000000,1.800000
708,17.700000,1164.000000,516.674820,1.570796,0.000000,1.800000
709,17.725000,1164.000000,517.567677,1.570796,0.000000,1.800000
710,17.750000,1164.000000,518.460534,1.570796,0.000000,1.800000
711,17.775000,1164.000000,519.353391,1.570796,0.000000,1.800000
712,17.800000,1164.000000,520.246248,1.570796,0.000000,1.800000
713,17.825000,1164.000000,521.139105,1.570796,0.000000,1.800000
714,17.850000,1164.000000,522.031963,1.570796,0.000000,1.800000
715,17.875000,1164.000000,522.924820,1.570796,0.000000,1.800000
716,17.900000,1164.000000,523.817677,1.570796,0.000000,1.800000
717,17.925000,1164.000000,524.710534,1.570796,0.000000,1.800000
718,17.950000,1164.000000,525.603391,1.570796,0.000000,1.800000
719,17.975000,1164.000000,526.496248,1.570796,0.000000,1.800000
720,18.000000,1164.000000,527.389105,1.570796,0.000000,1.800000
721,18.025000,1164.000000,528.281963,1.570796,0.000000,1.800000
722,18.050000,1164.000000,529.174820,1.570796,0.000000,1.800000
723,18.075000,1164.000000,530.067677,1.570796,0.000000,1.800000
724,18.100000,1164.000000,530.960534,1.570796,0.000000,1.800000
725,18.125000,1164.000000,531.853391,1.570796,0.000000,1.800000
726,18.150000,1164.000000,532.746248,1.570796,0.000000,1.800000
727,18.175000,1164.000000,533.639105,1.570796,0.000000,1.800000
728,18.200000,1164.000000,534.531963,1.570796,0.000000,1.800000
729,18.225000,1164.000000,535.424820,1.570796,0.000000,1.800000
730,18.250000,1164.000000,536.317677,1.570796,0.000000,1.800000
731,18.275000,1164.000000,537.210534,1.570796,0.000000,1.800000
732,18.300000,1164.000000,538.103391,1.570796,0.000000,1.800000
733,18.325000,1164.000000,538.996248,1.570796,0.000000,1.800000
734,18.350000,1164.000000,539.889105,1.570796,0.000000,1.800000
735,18.375000,1164.000000,540.781963,1.570796,0.000000,1.800000
736,18.400000,1164.000000,541.674820,1.570796,0.000000,1.800000
737,18.425000,1164.000000,542.567677,1.570796,0.000000,1.800000
738,18.450000,1164.000000,543.460534,1.570796,0.000000,1.800000
739,18.475000,1164.000000,544.353391,1.570796,0.000000,1.800000
740,18.500000,1164.000000,545.246248,1.570796,0.000000,1.800000
741,18.525000,1164.000000,546.139105,1.570796,0.000000,1.800000
742,18.550000,1164.000000,547.031963,1.570796,0.000000,1.800000
743,18.575000,1164.000000,547.924820,1.570796,0.000000,1.800000
744,18.600000,1164.000000,548.817677,1.570796,0.000000,1.800000
745,18.625000,1164.000000,549.710534,1.570796,0.000000,1.800000
746,18.650000,1164.000000,550.603391,1.570796,0.000000,1.800000
747,18.675000,1164.000000,551.496248,1.570796,0.000000,1.800000
748,18.700000,1164.000000,552.389105,1.570796,0.000000,1.800000
749,18.725000,1164.000000,553.281963,1.570796,0.000000,1.800000
750,18.750000,1164.000000,554.174820,1.570796,0.000000,1.800000
751,18.775000,1164.047855,555.047855,1.516037,0.098518,1.797302
752,18.800000,1164.679200,555.679200,0.785398,1.272792,1.272792
753,18.825000,1165.000000,556.439178,1.171370,0.700002,1.658311
754,18.850000,1165.000000,557.332035,1.570796,0.000000,1.800000
755,18.875000,1165.000000,558.224892,1.570796,0.000000,1.800000
756,18.900000,1165.000000,559.117749,1.570796,0.000000,1.800000
757,18.925000,1165.000000,560.010606,1.570796,0.000000,1.800000
758,18.950000,1165.000000,560.903463,1.570796,0.000000,1.800000
759,18.975000,1165.000000,561.796320,1.570796,0.000000,1.800000
760,19.000000,1165.000000,562.689178,1.570796,0.000000,1.800000
761,19.025000,1165.411561,563.411561,1.052934,0.891042,1.563983
762,19.050000,1166.000000,564.060678,0.834390,1.208934,1.333596
763,19.075000,1166.000000,564.953535,1.570796,0.000000,1.800000
764,19.100000,1166.000000,565.846393,1.570796,0.000000,1.800000
765,19.125000,1166.000000,566.739250,1.570796,0.000000,1.800000
766,19.150000,1166.000000,567.632107,1.570796,0.000000,1.800000
767,19.175000,1166.000000,568.524964,1.570796,0.000000,1.800000
768,19.200000,1166.000000,569.417821,1.570796,0.000000,1.800000
769,19.225000,1166.000000,570.310678,1.570796,0.000000,1.800000
770,19.250000,1166.000000,571.203535,1.570796,0.000000,1.800000
771,19.275000,1166.000000,572.096393,1.570796,0.000000,1.800000
772,19.300000,1166.000000,572.989250,1.570796,0.000000,1.800000
773,19.325000,1166.000000,573.882107,1.570796,0.000000,1.800000
774,19.350000,1166.000000,574.774964,1.570796,0.000000,1.800000
775,19.375000,1166.472221,575.472221,0.975499,1.009359,1.490367
776,19.400000,1167.000000,576.146465,0.906649,1.109498,1.417397
777,19.425000,1167.000000,577.039322,1.570796,0.000000,1.800000
778,19.450000,1167.000000,577.932179,1.570796,0.000000,1.800000
779,19.475000,1167.000000,578.825036,1.570796,0.000000,1.800000
780,19.500000,1167.000000,579.717893,1.570796,0.000000,1.800000
781,19.525000,1167.000000,580.610750,1.570796,0.000000,1.800000
782,19.550000,1167.000000,581.503608,1.570796,0.000000,1.800000
783,19.575000,1167.000000,582.396465,1.570796,0.000000,1.800000
784,19.600000,1167.000000,583.289322,1.570796,0.000000,1.800000
785,19.625000,1167.000000,584.182179,1.570796,0.000000,1.800000
786,19.650000,1167.000000,585.075036,1.570796,0.000000,1.800000
787,19.675000,1167.000000,585.967893,1.570796,0.000000,1.800000
788,19.700000,1167.000000,586.860750,1.570796,0.000000,1.800000
789,19.725000,1167.000000,587.753608,1.570796,0.000000,1.800000
790,19.750000,1167.000000,588.646465,1.570796,0.000000,1.800000
791,19.775000,1167.000000,589.539322,1.570796,0.000000,1.800000
792,19.800000,1167.000000,590.432179,1.570796,0.000000,1.800000
793,19.825000,1167.000000,591.325036,1.570796,0.000000,1.800000
794,19.850000,1167.000000,592.217893,1.570796,0.000000,1.800000
795,19.875000,1167.000000,593.110750,1.570796,0.000000,1.800000
796,19.900000,1166.997449,594.002551,1.573657,-0.005149,1.799993
797,19.925000,1166.366104,594.633896,2.356194,-1.272792,1.272792
798,19.950000,1166.000000,595.375108,2.029573,-0.797132,1.613871
799,19.975000,1166.000000,596.267965,1.570796,0.000000,1.800000
800,20.000000,1166.000000,597.160823,1.570796,0.000000,1.800000
801,20.025000,1166.000000,598.053680,1.570796,0.000000,1.800000
802,20.050000,1166.000000,598.946537,1.570796,0.000000,1.800000
803,20.075000,1166.000000,599.839394,1.570796,0.000000,1.800000
804,20.100000,1166.000000,600.732251,1.570796,0.000000,1.800000
805,20.125000,1166.000000,601.625108,1.570796,0.000000,1.800000
806,20.150000,1166.000000,602.517965,1.570796,0.000000,1.800000
807,20.175000,1166.000000,603.410823,1.570796,0.000000,1.800000
808,20.200000,1166.000000,604.303680,1.570796,0.000000,1.800000
809,20.225000,1166.000000,605.196537,1.570796,0.000000,1.800000
810,20.250000,1166.000000,606.089394,1.570796,0.000000,1.800000
811,20.275000,1166.000000,606.982251,1.570796,0.000000,1.800000
812,20.300000,1166.000000,607.875108,1.570796,0.000000,1.800000
813,20.325000,1166.000000,608.767965,1.570796,0.000000,1.800000
814,20.350000,1166.000000,609.660823,1.570796,0.000000,1.800000
815,20.375000,1166.000000,610.553680,1.570796,0.000000,1.800000
816,20.400000,1166.000000,611.446537,1.570796,0.000000,1.800000
817,20.425000,1166.000000,612.339394,1.570796,0.000000,1.800000
818,20.450000,1166.000000,613.232251,1.570796,0.000000,1.800000
819,20.475000,1166.000000,614.125108,1.570796,0.000000,1.800000
820,20.500000,1166.000000,615.017965,1.570796,0.000000,1.800000
821,20.525000,1166.000000,615.910823,1.570796,0.000000,1.800000
822,20.550000,1166.000000,616.803680,1.570796,0.000000,1.800000
823,20.575000,1166.000000,617.696537,1.570796,0.000000,1.800000
824,20.600000,1166.000000,618.589394,1.570796,0.000000,1.800000
825,20.625000,1166.000000,619.482251,1.570796,0.000000,1.800000
826,20.650000,1166.000000,620.375108,1.570796,0.000000,1.800000
827,20.675000,1166.000000,621.267965,1.570796,0.000000,1.800000
828,20.700000,1166.000000,622.160823,1.570796,0.000000,1.800000
829,20.725000,1166.000000,623.053680,1.570796,0.000000,1.800000
830,20.750000,1166.000000,623.946537,1.570796,0.000000,1.800000
831,20.775000,1166.000000,624.839394,1.570796,0.000000,1.800000
832,20.800000,1166.000000,625.732251,1.570796,0.000000,1.800000
833,20.825000,1166.000000,626.625108,1.570796,0.000000,1.800000
834,20.850000,1166.000000,627.517965,1.570796,0.000000,1.800000
835,20.875000,1166.000000,628.410823,1.570796,0.000000,1.800000
836,20.900000,1166.000000,629.303680,1.570796,0.000000,1.800000
837,20.925000,1166.000000,630.196537,1.570796,0.000000,1.800000
838,20.950000,1166.000000,631.089394,1.570796,0.000000,1.800000
839,20.975000,1166.000000,631.982251,1.570796,0.000000,1.800000
840,21.000000,1166.000000,632.875108,1.570796,0.000000,1.800000
841,21.025000,1166.000000,633.767965,1.570796,0.000000,1.800000
842,21.050000,1166.000000,634.660823,1.570796,0.000000,1.800000
843,21.075000,1166.000000,635.553680,1.570796,0.000000,1.800000
844,21.100000,1166.000000,636.446537,1.570796,0.000000,1.800000
845,21.125000,1166.000000,637.339394,1.570796,0.000000,1.800000
846,21.150000,1166.000000,638.232251,1.570796,0.000000,1.800000
847,21.175000,1166.000000,639.125108,1.570796,0.000000,1.800000
848,21.200000,1166.000000,640.017965,1.570796,0.000000,1.800000
849,21.225000,1166.000000,640.910823,1.570796,0.000000,1.800000
850,21.250000,1166.000000,641.803680,1.570796,0.000000,1.800000
851,21.275000,1166.000000,642.696537,1.570796,0.000000,1.800000
852,21.300000,1166.000000,643.589394,1.570796,0.000000,1.800000
853,21.325000,1166.000000,644.482251,1.570796,0.000000,1.800000
854,21.350000,1166.000000,645.375108,1.570796,0.000000,1.800000
855,21.375000,1166.000000,646.267965,1.570796,0.000000,1.800000
856,21.400000,1166.000000,647.160823,1.570796,0.000000,1.800000
857,21.425000,1166.000000,648.053680,1.570796,0.000000,1.800000
858,21.450000,1166.000000,648.946537,1.570796,0.000000,1.800000
859,21.475000,1166.000000,649.839394,1.570796,0.000000,1.800000
860,21.500000,1166.000000,650.732251,1.570796,0.000000,1.800000
861,21.525000,1166.000000,651.625108,1.570796,0.000000,1.800000
862,21.550000,1166.000000,652.517965,1.570796,0.000000,1.800000
863,21.575000,1166.000000,653.410823,1.570796,0.000000,1.800000
864,21.600000,1166.000000,654.303680,1.570796,0.000000,1.800000
865,21.625000,1166.000000,655.196537,1.570796,0.000000,1.800000
866,21.650000,1166.000000,656.089394,1.570796,0.000000,1.800000
867,21.675000,1166.000000,656.982251,1.570796,0.000000,1.800000
868,21.700000,1166.000000,657.875108,1.570796,0.000000,1.800000
869,21.725000,1166.000000,658.767965,1.570796,0.000000,1.800000
870,21.750000,1166.000000,659.660823,1.570796,0.000000,1.800000
871,21.775000,1166.000000,660.553680,1.570796,0.000000,1.800000
872,21.800000,1166.000000,661.446537,1.570796,0.000000,1.800000
873,21.825000,1166.000000,662.339394,1.570796,0.000000,1.800000
874,21.850000,1166.000000,663.232251,1.570796,0.000000,1.800000
875,21.875000,1166.000000,664.125108,1.570796,0.000000,1.800000
876,21.900000,1166.000000,665.017965,1.570796,0.000000,1.800000
877,21.925000,1166.000000,665.910823,1.570796,0.000000,1.800000
878,21.950000,1166.000000,666.803680,1.570796,0.000000,1.800000
879,21.975000,1166.000000,667.696537,1.570796,0.000000,1.800000
880,22.000000,1166.000000,668.589394,1.570796,0.000000,1.800000
881,22.025000,1166.000000,669.482251,1.570796,0.000000,1.800000
882,22.050000,1166.000000,670.375108,1.570796,0.000000,1.800000
883,22.075000,1166.000000,671.267965,1.570796,0.000000,1.800000
884,22.100000,1166.000000,672.160823,1.570796,0.000000,1.800000
885,22.125000,1166.000000,673.053680,1.570796,0.000000,1.800000
886,22.150000,1166.000000,673.946537,1.570796,0.000000,1.800000
887,22.175000,1166.000000,674.839394,1.570796,0.000000,1.800000
888,22.200000,1166.517780,675.517780,0.918867,1.092098,1.430847
889,22.225000,1167.000000,676.210895,0.962943,1.027993,1.477576
890,22.250000,1167.000000,677.103752,1.570796,0.000000,1.800000
891,22.275000,1167.000000,677.996609,1.570796,0.000000,1.800000
892,22.300000,1167.000000,678.889466,1.570796,0.000000,1.800000
893,22.325000,1167.000000,679.782323,1.570796,0.000000,1.800000
894,22.350000,1167.000000,680.675180,1.570796,0.000000,1.800000
895,22.375000,1167.000000,681.568038,1.570796,0.000000,1.800000
896,22.400000,1167.000000,682.460895,1.570796,0.000000,1.800000
897,22.425000,1167.000000,683.353752,1.570796,0.000000,1.800000
898,22.450000,1167.000000,684.246609,1.570796,0.000000,1.800000
899,22.475000,1167.000000,685.139466,1.570796,0.000000,1.800000
900,22.500000,1167.000000,686.032323,1.570796,0.000000,1.800000
901,22.525000,1167.000000,686.925180,1.570796,0.000000,1.800000
902,22.550000,1167.000000,687.818038,1.570796,0.000000,1.800000
903,22.575000,1167.000000,688.710895,1.570796,0.000000,1.800000
904,22.600000,1167.000000,689.603752,1.570796,0.000000,1.800000
905,22.625000,1167.000000,690.496609,1.570796,0.000000,1.800000
906,22.650000,1167.000000,691.389466,1.570796,0.000000,1.800000
907,22.675000,1167.000000,692.282323,1.570796,0.000000,1.800000
908,22.700000,1167.000000,693.175180,1.570796,0.000000,1.800000
909,22.725000,1167.000000,694.068038,1.570796,0.000000,1.800000
910,22.750000,1167.000000,694.960895,1.570796,0.000000,1.800000
911,22.775000,1167.000000,695.853752,1.570796,0.000000,1.800000
912,22.800000,1167.000000,696.746609,1.570796,0.000000,1.800000
913,22.825000,1167.000000,697.639466,1.570796,0.000000,1.800000
914,22.850000,1167.000000,698.532323,1.570796,0.000000,1.800000
915,22.875000,1167.000000,699.425180,1.570796,0.000000,1.800000
916,22.900000,1167.224887,700.224887,1.296665,0.487280,1.732789
917,22.925000,1167.856232,700.856232,0.785398,1.272792,1.272792
918,22.950000,1168.000000,701.689538,1.399951,0.306028,1.773794
919,22.975000,1168.000000,702.582395,1.570796,0.000000,1.800000
920,23.000000,1168.000000,703.475253,1.570796,0.000000,1.800000
921,23.025000,1168.000000,704.368110,1.570796,0.000000,1.800000
922,23.050000,1168.000000,705.260967,1.570796,0.000000,1.800000
923,23.075000,1168.000000,706.153824,1.570796,0.000000,1.800000
924,23.100000,1168.000000,707.046681,1.570796,0.000000,1.800000
925,23.125000,1168.000000,707.939538,1.570796,0.000000,1.800000
926,23.150000,1168.000000,708.832395,1.570796,0.000000,1.800000
927,23.175000,1168.000000,709.725253,1.570796,0.000000,1.800000
928,23.200000,1168.000000,710.618110,1.570796,0.000000,1.800000
929,23.225000,1168.000000,711.510967,1.570796,0.000000,1.800000
930,23.250000,1168.000000,712.403824,1.570796,0.000000,1.800000
931,23.275000,1168.000000,713.296681,1.570796,0.000000,1.800000
932,23.300000,1168.000000,714.189538,1.570796,0.000000,1.800000
933,23.325000,1168.000000,715.082395,1.570796,0.000000,1.800000
934,23.350000,1168.000000,715.975253,1.570796,0.000000,1.800000
935,23.375000,1168.000000,716.868110,1.570796,0.000000,1.800000
936,23.400000,1168.000000,717.760967,1.570796,0.000000,1.800000
937,23.425000,1168.000000,718.653824,1.570796,0.000000,1.800000
938,23.450000,1168.000000,719.546681,1.570796,0.000000,1.800000
939,23.475000,1168.310801,720.310801,1.184490,0.678185,1.667353
940,23.500000,1168.942146,720.942146,0.785398,1.272792,1.272792
941,23.525000,1169.000000,721.811039,1.504311,0.119586,1.796023
942,23.550000,1169.000000,722.703896,1.570796,0.000000,1.800000
943,23.575000,1169.000000,723.596753,1.570796,0.000000,1.800000
944,23.600000,1169.000000,724.489610,1.570796,0.000000,1.800000
945,23.625000,1169.000000,725.382468,1.570796,0.000000,1.800000
946,23.650000,1169.000000,726.275325,1.570796,0.000000,1.800000
947,23.675000,1169.000000,727.168182,1.570796,0.000000,1.800000
948,23.700000,1169.000000,728.061039,1.570796,0.000000,1.800000
949,23.725000,1169.000000,728.953896,1.570796,0.000000,1.800000
950,23.750000,1169.000000,729.846753,1.570796,0.000000,1.800000
951,23.775000,1169.000000,730.739610,1.570796,0.000000,1.800000
952,23.800000,1169.000000,731.632468,1.570796,0.000000,1.800000
953,23.825000,1169.371461,732.371461,1.105025,0.808402,1.608255
954,23.850000,1170.000000,733.003968,0.788545,1.268781,1.276791
955,23.875000,1170.000000,733.896825,1.570796,0.000000,1.800000
956,23.900000,1170.000000,734.789683,1.570796,0.000000,1.800000
957,23.925000,1170.000000,735.682540,1.570796,0.000000,1.800000
958,23.950000,1170.000000,736.575397,1.570796,0.000000,1.800000
959,23.975000,1170.000000,737.468254,1.570796,0.000000,1.800000
960,24.000000,1170.000000,738.361111,1.570796,0.000000,1.800000
961,24.025000,1170.000000,739.253968,1.570796,0.000000,1.800000
962,24.050000,1170.000000,740.146825,1.570796,0.000000,1.800000
963,24.075000,1170.000000,741.039683,1.570796,0.000000,1.800000
964,24.100000,1170.000000,741.932540,1.570796,0.000000,1.800000
965,24.125000,1170.000000,742.825397,1.570796,0.000000,1.800000
966,24.150000,1170.000000,743.718254,1.570796,0.000000,1.800000
967,24.175000,1170.000000,744.611111,1.570796,0.000000,1.800000
968,24.200000,1170.000000,745.503968,1.570796,0.000000,1.800000
969,24.225000,1170.000000,746.396825,1.570796,0.000000,1.800000
970,24.250000,1170.000000,747.289683,1.570796,0.000000,1.800000
971,24.275000,1170.000000,748.182540,1.570796,0.000000,1.800000
972,24.300000,1170.000000,749.075397,1.570796,0.000000,1.800000
973,24.325000,1170.000000,749.968254,1.570796,0.000000,1.800000
974,24.350000,1170.000000,750.861111,1.570796,0.000000,1.800000
975,24.375000,1170.000000,751.753968,1.570796,0.000000,1.800000
976,24.400000,1170.000000,752.646825,1.570796,0.000000,1.800000
977,24.425000,1170.000000,753.539683,1.570796,0.000000,1.800000
978,24.450000,1170.305852,754.305852,1.190983,0.667345,1.671721
979,24.475000,1170.937197,754.937197,0.785398,1.272792,1.272792
980,24.500000,1171.000000,755.804041,1.498473,0.130069,1.795294
981,24.525000,1171.000000,756.696898,1.570796,0.000000,1.800000
982,24.550000,1171.000000,757.589755,1.570796,0.000000,1.800000
983,24.575000,1171.000000,758.482612,1.570796,0.000000,1.800000
984,24.600000,1171.000000,759.375469,1.570796,0.000000,1.800000
985,24.625000,1171.000000,760.268326,1.570796,0.000000,1.800000
986,24.650000,1171.000000,761.161183,1.570796,0.000000,1.800000
987,24.675000,1171.000000,762.054041,1.570796,0.000000,1.800000
988,24.700000,1171.000000,762.946898,1.570796,0.000000,1.800000
989,24.725000,1171.000000,763.839755,1.570796,0.000000,1.800000
990,24.750000,1171.000000,764.732612,1.570796,0.000000,1.800000
991,24.775000,1171.000000,765.625469,1.570796,0.000000,1.800000
992,24.800000,1171.000000,766.518326,1.570796,0.000000,1.800000
993,24.825000,1171.000000,767.411183,1.570796,0.000000,1.800000
994,24.850000,1171.000000,768.304041,1.570796,0.000000,1.800000
995,24.875000,1171.000000,769.196898,1.570796,0.000000,1.800000
996,24.900000,1171.000000,770.089755,1.570796,0.000000,1.800000
997,24.925000,1171.000000,770.982612,1.570796,0.000000,1.800000
998,24.950000,1171.000000,771.875469,1.570796,0.000000,1.800000
999,24.975000,1171.000000,772.768326,1.570796,0.000000,1.800000
1000,25.000000,1171.000000,773.661183,1.570796,0.000000,1.800000
1001,25.025000,1171.000000,774.554041,1.570796,0.000000,1.800000
1002,25.050000,1171.000000,775.446898,1.570796,0.000000,1.800000
1003,25.075000,1171.000000,776.339755,1.570796,0.000000,1.800000
1004,25.100000,1171.000000,777.232612,1.570796,0.000000,1.800000
1005,25.125000,1171.000000,778.125469,1.570796,0.000000,1.800000
1006,25.150000,1171.000000,779.018326,1.570796,0.000000,1.800000
1007,25.175000,1171.000000,779.911183,1.570796,0.000000,1.800000
1008,25.200000,1171.000000,780.804041,1.570796,0.000000,1.800000
1009,25.225000,1171.492781,781.492781,0.949756,1.047387,1.463892
1010,25.250000,1172.000000,782.175541,0.931858,1.073418,1.444913
1011,25.275000,1172.000000,783.068398,1.570796,0.000000,1.800000
1012,25.300000,1172.000000,783.961256,1.570796,0.000000,1.800000
1013,25.325000,1172.000000,784.854113,1.570796,0.000000,1.800000
1014,25.350000,1172.000000,785.746970,1.570796,0.000000,1.800000
1015,25.375000,1172.000000,786.639827,1.570796,0.000000,1.800000
1016,25.400000,1172.000000,787.532684,1.570796,0.000000,1.800000
1017,25.425000,1172.000000,788.425541,1.570796,0.000000,1.800000
1018,25.450000,1172.000000,789.318398,1.570796,0.000000,1.800000
1019,25.475000,1172.000000,790.211256,1.570796,0.000000,1.800000
1020,25.500000,1172.000000,791.104113,1.570796,0.000000,1.800000
1021,25.525000,1172.000000,791.996970,1.570796,0.000000,1.800000
1022,25.550000,1172.000000,792.889827,1.570796,0.000000,1.800000
1023,25.575000,1172.000000,793.782684,1.570796,0.000000,1.800000
1024,25.600000,1172.000000,794.675541,1.570796,0.000000,1.800000
1025,25.625000,1172.000000,795.568398,1.570796,0.000000,1.800000
1026,25.650000,1172.000000,796.461256,1.570796,0.000000,1.800000
1027,25.675000,1172.000000,797.354113,1.570796,0.000000,1.800000
1028,25.700000,1172.000000,798.246970,1.570796,0.000000,1.800000
1029,25.725000,1172.000000,799.139827,1.570796,0.000000,1.800000
1030,25.750000,1172.000000,800.032684,1.570796,0.000000,1.800000
1031,25.775000,1172.000000,800.925541,1.570796,0.000000,1.800000
1032,25.800000,1172.000000,801.818398,1.570796,0.000000,1.800000
1033,25.825000,1172.000000,802.711256,1.570796,0.000000,1.800000
1034,25.850000,1172.000000,803.604113,1.570796,0.000000,1.800000
1035,25.875000,1172.000000,804.496970,1.570796,0.000000,1.800000
1036,25.900000,1172.000000,805.389827,1.570796,0.000000,1.800000
1037,25.925000,1172.000000,806.282684,1.570796,0.000000,1.800000
1038,25.950000,1172.000000,807.175541,1.570796,0.000000,1.800000
1039,25.975000,1172.048365,808.048365,1.515441,0.099589,1.797243
1040,26.000000,1172.679710,808.679710,0.785398,1.272792,1.272792
1041,26.025000,1173.000000,809.439899,1.172039,0.698892,1.658780
1042,26.050000,1173.000000,810.332756,1.570796,0.000000,1.800000
1043,26.075000,1173.000000,811.225613,1.570796,0.000000,1.800000
1044,26.100000,1173.000000,812.118471,1.570796,0.000000,1.800000
1045,26.125000,1173.000000,813.011328,1.570796,0.000000,1.800000
1046,26.150000,1173.000000,813.904185,1.570796,0.000000,1.800000
1047,26.175000,1173.000000,814.797042,1.570796,0.000000,1.800000
1048,26.200000,1173.000000,815.689899,1.570796,0.000000,1.800000
1049,26.225000,1173.000000,816.582756,1.570796,0.000000,1.800000
1050,26.250000,1173.000000,817.475613,1.570796,0.000000,1.800000
1051,26.275000,1173.000000,818.368471,1.570796,0.000000,1.800000
1052,26.300000,1173.000000,819.261328,1.570796,0.000000,1.800000
1053,26.325000,1173.000000,820.154185,1.570796,0.000000,1.800000
1054,26.350000,1173.000000,821.047042,1.570796,0.000000,1.800000
1055,26.375000,1173.000000,821.939899,1.570796,0.000000,1.800000
1056,26.400000,1173.000000,822.832756,1.570796,0.000000,1.800000
1057,26.425000,1173.000000,823.725613,1.570796,0.000000,1.800000
1058,26.450000,1173.000000,824.618471,1.570796,0.000000,1.800000
1059,26.475000,1173.000000,825.511328,1.570796,0.000000,1.800000
1060,26.500000,1173.000000,826.404185,1.570796,0.000000,1.800000
1061,26.525000,1173.000000,827.297042,1.570796,0.000000,1.800000
1062,26.550000,1173.000000,828.189899,1.570796,0.000000,1.800000
1063,26.575000,1173.000000,829.082756,1.570796,0.000000,1.800000
1064,26.600000,1173.000000,829.975613,1.570796,0.000000,1.800000
1065,26.625000,1173.000000,830.868471,1.570796,0.000000,1.800000
1066,26.650000,1173.000000,831.761328,1.570796,0.000000,1.800000
1067,26.675000,1173.000000,832.654185,1.570796,0.000000,1.800000
1068,26.700000,1173.000000,833.547042,1.570796,0.000000,1.800000
1069,26.725000,1173.000000,834.439899,1.570796,0.000000,1.800000
1070,26.750000,1173.000000,835.332756,1.570796,0.000000,1.800000
1071,26.775000,1173.000000,836.225613,1.570796,0.000000,1.800000
1072,26.800000,1173.000000,837.118471,1.570796,0.000000,1.800000
1073,26.825000,1173.000000,838.011328,1.570796,0.000000,1.800000
1074,26.850000,1173.000000,838.904185,1.570796,0.000000,1.800000
1075,26.875000,1173.000000,839.797042,1.570796,0.000000,1.800000
1076,26.900000,1173.000000,840.689899,1.570796,0.000000,1.800000
1077,26.925000,1172.587929,841.412071,2.089317,-0.892073,1.563396
1078,26.950000,1172.000000,842.061400,2.306609,-1.208142,1.334313
1079,26.975000,1172.000000,842.954257,1.570796,0.000000,1.800000
1080,27.000000,1172.000000,843.847114,1.570796,0.000000,1.800000
1081,27.025000,1172.000000,844.739971,1.570796,0.000000,1.800000
1082,27.050000,1172.000000,845.632828,1.570796,0.000000,1.800000
1083,27.075000,1172.000000,846.525686,1.570796,0.000000,1.800000
1084,27.100000,1172.000000,847.418543,1.570796,0.000000,1.800000
1085,27.125000,1172.000000,848.311400,1.570796,0.000000,1.800000
1086,27.150000,1172.000000,849.204257,1.570796,0.000000,1.800000
1087,27.175000,1172.000000,850.097114,1.570796,0.000000,1.800000
1088,27.200000,1172.000000,850.989971,1.570796,0.000000,1.800000
1089,27.225000,1172.000000,851.882828,1.570796,0.000000,1.800000
1090,27.250000,1172.000000,852.775686,1.570796,0.000000,1.800000
1091,27.275000,1172.000000,853.668543,1.570796,0.000000,1.800000
1092,27.300000,1171.603030,854.396970,2.069768,-0.861342,1.580535
1093,27.325000,1171.000000,855.040043,2.324071,-1.231256,1.313015
1094,27.350000,1171.000000,855.932901,1.570796,0.000000,1.800000
1095,27.375000,1171.000000,856.825758,1.570796,0.000000,1.800000
1096,27.400000,1171.000000,857.718615,1.570796,0.000000,1.800000
1097,27.425000,1171.000000,858.611472,1.570796,0.000000,1.800000
1098,27.450000,1171.000000,859.504329,1.570796,0.000000,1.800000
1099,27.475000,1171.000000,860.397186,1.570796,0.000000,1.800000
1100,27.500000,1171.000000,861.290043,1.570796,0.000000,1.800000
1101,27.525000,1171.000000,862.182901,1.570796,0.000000,1.800000
1102,27.550000,1171.000000,863.075758,1.570796,0.000000,1.800000
1103,27.575000,1171.000000,863.968615,1.570796,0.000000,1.800000
1104,27.600000,1171.000000,864.861472,1.570796,0.000000,1.800000
1105,27.625000,1171.000000,865.754329,1.570796,0.000000,1.800000
1106,27.650000,1171.000000,866.647186,1.570796,0.000000,1.800000
1107,27.675000,1170.618132,867.381868,2.050137,-0.830150,1.597138
1108,27.700000,1170.000000,868.018687,2.341305,-1.253701,1.291602
1109,27.725000,1170.000000,868.911544,1.570796,0.000000,1.800000
1110,27.750000,1170.000000,869.804401,1.570796,0.000000,1.800000
1111,27.775000,1170.000000,870.697258,1.570796,0.000000,1.800000
1112,27.800000,1170.000000,871.590116,1.570796,0.000000,1.800000
1113,27.825000,1170.000000,872.482973,1.570796,0.000000,1.800000
1114,27.850000,1170.000000,873.375830,1.570796,0.000000,1.800000
1115,27.875000,1170.000000,874.268687,1.570796,0.000000,1.800000
1116,27.900000,1170.000000,875.161544,1.570796,0.000000,1.800000
1117,27.925000,1170.000000,876.054401,1.570796,0.000000,1.800000
1118,27.950000,1170.000000,876.947258,1.570796,0.000000,1.800000
1119,27.975000,1170.000000,877.840116,1.570796,0.000000,1.800000
1120,28.000000,1170.000000,878.732973,1.570796,0.000000,1.800000
1121,28.025000,1170.000000,879.625830,1.570796,0.000000,1.800000
1122,28.050000,1170.000000,880.518687,1.570796,0.000000,1.800000
1123,28.075000,1170.000000,881.411544,1.570796,0.000000,1.800000
1124,28.100000,1170.000000,882.304401,1.570796,0.000000,1.800000
1125,28.125000,1170.000000,883.197258,1.570796,0.000000,1.800000
1126,28.150000,1170.000000,884.090116,1.570796,0.000000,1.800000
1127,28.175000,1170.000000,884.982973,1.570796,0.000000,1.800000
1128,28.200000,1170.000000,885.875830,1.570796,0.000000,1.800000
1129,28.225000,1170.000000,886.768687,1.570796,0.000000,1.800000
1130,28.250000,1170.000000,887.661544,1.570796,0.000000,1.800000
1131,28.275000,1170.000000,888.554401,1.570796,0.000000,1.800000
1132,28.300000,1170.000000,889.447258,1.570796,0.000000,1.800000
1133,28.325000,1170.000000,890.340116,1.570796,0.000000,1.800000
1134,28.350000,1170.000000,891.232973,1.570796,0.000000,1.800000
1135,28.375000,1170.000000,892.125830,1.570796,0.000000,1.800000
1136,28.400000,1170.000000,893.018687,1.570796,0.000000,1.800000
1137,28.425000,1170.000000,893.911544,1.570796,0.000000,1.800000
1138,28.450000,1170.000000,894.804401,1.570796,0.000000,1.800000
1139,28.475000,1170.000000,895.697258,1.570796,0.000000,1.800000
1140,28.500000,1170.000000,896.590116,1.570796,0.000000,1.800000
1141,28.525000,1170.000000,897.482973,1.570796,0.000000,1.800000
1142,28.550000,1170.000000,898.375830,1.570796,0.000000,1.800000
1143,28.575000,1170.000000,899.268687,1.570796,0.000000,1.800000
1144,28.600000,1170.000000,900.161544,1.570796,0.000000,1.800000
1145,28.625000,1170.000000,901.054401,1.570796,0.000000,1.800000
1146,28.650000,1170.000000,901.947258,1.570796,0.000000,1.800000
1147,28.675000,1170.000000,902.840116,1.570796,0.000000,1.800000
1148,28.700000,1170.000000,903.732973,1.570796,0.000000,1.800000
1149,28.725000,1170.000000,904.625830,1.570796,0.000000,1.800000
1150,28.750000,1170.000000,905.518687,1.570796,0.000000,1.800000
1151,28.775000,1170.000000,906.411544,1.570796,0.000000,1.800000
1152,28.800000,1170.000000,907.304401,1.570796,0.000000,1.800000
1153,28.825000,1170.000000,908.197258,1.570796,0.000000,1.800000
1154,28.850000,1170.000000,909.090116,1.570796,0.000000,1.800000
1155,28.875000,1170.000000,909.982973,1.570796,0.000000,1.800000
1156,28.900000,1170.000000,910.875830,1.570796,0.000000,1.800000
1157,28.925000,1170.000000,911.768687,1.570796,0.000000,1.800000
1158,28.950000,1170.000000,912.661544,1.570796,0.000000,1.800000
1159,28.975000,1170.000000,913.554401,1.570796,0.000000,1.800000
1160,29.000000,1170.000000,914.447258,1.570796,0.000000,1.800000
1161,29.025000,1170.000000,915.340116,1.570796,0.000000,1.800000
1162,29.050000,1170.000000,916.232973,1.570796,0.000000,1.800000
1163,29.075000,1170.000000,917.125830,1.570796,0.000000,1.800000
1164,29.100000,1170.000000,918.018687,1.570796,0.000000,1.800000
1165,29.125000,1170.000000,918.911544,1.570796,0.000000,1.800000
1166,29.150000,1170.000000,919.804401,1.570796,0.000000,1.800000
1167,29.175000,1170.000000,920.697258,1.570796,0.000000,1.800000
1168,29.200000,1170.000000,921.590116,1.570796,0.000000,1.800000
1169,29.225000,1170.000000,922.482973,1.570796,0.000000,1.800000
1170,29.250000,1170.000000,923.375830,1.570796,0.000000,1.800000
1171,29.275000,1170.000000,924.268687,1.570796,0.000000,1.800000
1172,29.300000,1170.000000,925.161544,1.570796,0.000000,1.800000
1173,29.325000,1170.000000,926.054401,1.570796,0.000000,1.800000
1174,29.350000,1170.000000,926.947258,1.570796,0.000000,1.800000
1175,29.375000,1170.000000,927.840116,1.570796,0.000000,1.800000
1176,29.400000,1170.000000,928.732973,1.570796,0.000000,1.800000
1177,29.425000,1170.000000,929.625830,1.570796,0.000000,1.800000
1178,29.450000,1170.000000,930.518687,1.570796,0.000000,1.800000
1179,29.475000,1170.000000,931.411544,1.570796,0.000000,1.800000
1180,29.500000,1170.000000,932.304401,1.570796,0.000000,1.800000
1181,29.525000,1170.000000,933.197258,1.570796,0.000000,1.800000
1182,29.550000,1170.000000,934.090116,1.570796,0.000000,1.800000
1183,29.575000,1170.000000,934.982973,1.570796,0.000000,1.800000
1184,29.600000,1170.000000,935.875830,1.570796,0.000000,1.800000
1185,29.625000,1170.000000,936.768687,1.570796,0.000000,1.800000
1186,29.650000,1170.000000,937.661544,1.570796,0.000000,1.800000
1187,29.675000,1170.000000,938.554401,1.570796,0.000000,1.800000
1188,29.700000,1170.000000,939.447258,1.570796,0.000000,1.800000
1189,29.725000,1170.000000,940.340116,1.570796,0.000000,1.800000
1190,29.750000,1170.000000,941.232973,1.570796,0.000000,1.800000
1191,29.775000,1170.000000,942.125830,1.570796,0.000000,1.800000
1192,29.800000,1170.000000,943.018687,1.570796,0.000000,1.800000
1193,29.825000,1170.000000,943.911544,1.570796,0.000000,1.800000
1194,29.850000,1170.000000,944.804401,1.570796,0.000000,1.800000
1195,29.875000,1170.000000,945.697258,1.570796,0.000000,1.800000
1196,29.900000,1170.000000,946.590116,1.570796,0.000000,1.800000
1197,29.925000,1170.000000,947.482973,1.570796,0.000000,1.800000
1198,29.950000,1170.000000,948.375830,1.570796,0.000000,1.800000
1199,29.975000,1170.000000,949.268687,1.570796,0.000000,1.800000
1200,30.000000,1170.000000,950.161544,1.570796,0.000000,1.800000
1201,30.025000,1169.961532,951.038468,1.614635,-0.078884,1.798271
1202,30.050000,1169.330187,951.669813,2.356194,-1.272792,1.272792
1203,30.075000,1169.000000,952.425902,1.982538,-0.720372,1.649565
1204,30.100000,1169.000000,953.318759,1.570796,0.000000,1.800000
1205,30.125000,1169.000000,954.211616,1.570796,0.000000,1.800000
1206,30.150000,1169.000000,955.104473,1.570796,0.000000,1.800000
1207,30.175000,1169.000000,955.997331,1.570796,0.000000,1.800000
1208,30.200000,1169.000000,956.890188,1.570796,0.000000,1.800000
1209,30.225000,1169.000000,957.783045,1.570796,0.000000,1.800000
1210,30.250000,1169.000000,958.675902,1.570796,0.000000,1.800000
1211,30.275000,1169.000000,959.568759,1.570796,0.000000,1.800000
1212,30.300000,1169.000000,960.461616,1.570796,0.000000,1.800000
1213,30.325000,1168.749349,961.250651,1.878382,-0.544965,1.715521
1214,30.350000,1168.118004,961.881996,2.356194,-1.272792,1.272792
1215,30.375000,1168.000000,962.725974,1.709715,-0.249249,1.782659
1216,30.400000,1168.000000,963.618831,1.570796,0.000000,1.800000
1217,30.425000,1168.000000,964.511688,1.570796,0.000000,1.800000
1218,30.450000,1168.000000,965.404546,1.570796,0.000000,1.800000
1219,30.475000,1168.000000,966.297403,1.570796,0.000000,1.800000
1220,30.500000,1168.000000,967.190260,1.570796,0.000000,1.800000
1221,30.525000,1168.000000,968.083117,1.570796,0.000000,1.800000
1222,30.550000,1168.000000,968.975974,1.570796,0.000000,1.800000
1223,30.575000,1168.000000,969.868831,1.570796,0.000000,1.800000
1224,30.600000,1167.461405,970.538595,2.248067,-1.128003,1.402715
1225,30.625000,1167.000000,971.240332,2.152439,-0.988915,1.504011
1226,30.650000,1167.000000,972.133189,1.570796,0.000000,1.800000
1227,30.675000,1167.000000,973.026046,1.570796,0.000000,1.800000
1228,30.700000,1167.000000,973.918903,1.570796,0.000000,1.800000
1229,30.725000,1167.000000,974.811761,1.570796,0.000000,1.800000
1230,30.750000,1166.501760,975.498240,2.198622,-1.057296,1.456752
1231,30.775000,1166.000000,976.183261,2.202986,-1.063643,1.452124
1232,30.800000,1166.000000,977.076118,1.570796,0.000000,1.800000
1233,30.825000,1166.000000,977.968976,1.570796,0.000000,1.800000
1234,30.850000,1166.000000,978.861833,1.570796,0.000000,1.800000
1235,30.875000,1166.000000,979.754690,1.570796,0.000000,1.800000
1236,30.900000,1165.542115,980.457885,2.147979,-0.982197,1.508406
1237,30.925000,1165.000000,981.126191,2.252316,-1.133953,1.397909
1238,30.950000,1165.000000,982.019048,1.570796,0.000000,1.800000
1239,30.975000,1165.000000,982.911905,1.570796,0.000000,1.800000
1240,31.000000,1165.000000,983.804762,1.570796,0.000000,1.800000
1241,31.025000,1164.506709,984.493291,2.192472,-1.048317,1.463226
1242,31.050000,1164.000000,985.176263,2.209105,-1.072508,1.445589
1243,31.075000,1164.000000,986.069120,1.570796,0.000000,1.800000
1244,31.100000,1164.000000,986.961977,1.570796,0.000000,1.800000
1245,31.125000,1164.000000,987.854834,1.570796,0.000000,1.800000
1246,31.150000,1163.471302,988.528698,2.236062,-1.111083,1.416155
1247,31.175000,1163.000000,989.226335,2.164937,-1.007634,1.491534
1248,31.200000,1163.000000,990.119192,1.570796,0.000000,1.800000
1249,31.225000,1162.991480,991.008520,1.580376,-0.017244,1.799917
1250,31.250000,1162.360135,991.639865,2.356194,-1.272792,1.272792
1251,31.275000,1162.000000,992.383550,2.021771,-0.784517,1.620041
1252,31.300000,1162.000000,993.276407,1.570796,0.000000,1.800000
1253,31.325000,1161.880312,994.119688,1.711786,-0.252941,1.782139
1254,31.350000,1161.248967,994.751033,2.356194,-1.272792,1.272792
1255,31.375000,1161.000000,995.540765,1.876189,-0.541202,1.716712
1256,31.400000,1161.000000,996.433622,1.570796,0.000000,1.800000
1257,31.425000,1160.769144,997.230856,1.852658,-0.500660,1.728971
1258,31.450000,1160.137799,997.862201,2.356194,-1.272792,1.272792
1259,31.475000,1160.000000,998.697980,1.734201,-0.292822,1.776022
1260,31.500000,1159.582215,999.417785,2.096690,-0.903575,1.556776
1261,31.525000,1159.000000,1000.069481,2.299945,-1.199222,1.342336
1262,31.550000,1159.000000,1000.962338,1.570796,0.000000,1.800000
1263,31.575000,1158.395286,1001.604714,2.326004,-1.233791,1.310633
1264,31.600000,1158.000000,1002.333839,2.067583,-0.857886,1.582413
1265,31.625000,1157.839702,1003.160298,1.762375,-0.342736,1.767069
1266,31.650000,1157.208357,1003.791643,2.356194,-1.272792,1.272792
1267,31.675000,1156.577011,1004.422989,2.356194,-1.272792,1.272792
1268,31.700000,1156.000000,1005.076840,2.293848,-1.191016,1.349622
1269,31.725000,1156.000000,1005.969697,1.570796,0.000000,1.800000
1270,31.750000,1155.390082,1006.609918,2.331960,-1.241576,1.303261
1271,31.775000,1154.758737,1007.241263,2.356194,-1.272792,1.272792
1272,31.800000,1154.127391,1007.872609,2.356194,-1.272792,1.272792
1273,31.825000,1153.496046,1008.503954,2.356194,-1.272792,1.272792
1274,31.850000,1152.864701,1009.135299,2.356194,-1.272792,1.272792
1275,31.875000,1152.233355,1009.766645,2.356194,-1.272792,1.272792
1276,31.900000,1151.437157,1010.000000,2.856490,-1.727339,0.506261
1277,31.925000,1150.677771,1010.322229,2.740291,-1.656996,0.703110
1278,31.950000,1150.046426,1010.953574,2.356194,-1.272792,1.272792
1279,31.975000,1149.172799,1011.000000,3.088501,-1.797464,0.095520
1280,32.000000,1148.279942,1011.000000,3.141593,-1.800000,0.000000
1281,32.025000,1147.566604,1011.433396,2.595632,-1.538332,0.934630
1282,32.050000,1146.908441,1012.000000,2.430812,-1.364135,1.174366
1283,32.075000,1146.015584,1012.000000,3.141593,-1.800000,0.000000
1284,32.100000,1145.122727,1012.000000,3.141593,-1.800000,0.000000
1285,32.125000,1144.229870,1012.000000,3.141593,-1.800000,0.000000
1286,32.150000,1143.531197,1012.468803,2.550603,-1.494701,1.002930
1287,32.175000,1142.858369,1013.000000,2.473287,-1.412771,1.115382
1288,32.200000,1141.965512,1013.000000,3.141593,-1.800000,0.000000
1289,32.225000,1141.072655,1013.000000,3.141593,-1.800000,0.000000
1290,32.250000,1140.179798,1013.000000,3.141593,-1.800000,0.000000
1291,32.275000,1139.286941,1013.000000,3.141593,-1.800000,0.000000
1292,32.300000,1138.394084,1013.000000,3.141593,-1.800000,0.000000
1293,32.325000,1137.501226,1013.000000,3.141593,-1.800000,0.000000
1294,32.350000,1136.608369,1013.000000,3.141593,-1.800000,0.000000
1295,32.375000,1135.715512,1013.000000,3.141593,-1.800000,0.000000
1296,32.400000,1134.822655,1013.000000,3.141593,-1.800000,0.000000
1297,32.425000,1133.929798,1013.000000,3.141593,-1.800000,0.000000
1298,32.450000,1133.036941,1013.000000,3.141593,-1.800000,0.000000
1299,32.475000,1132.144084,1013.000000,3.141593,-1.800000,0.000000
1300,32.500000,1131.251226,1013.000000,3.141593,-1.800000,0.000000
1301,32.525000,1130.546299,1013.453701,2.569720,-1.513600,0.974174
1302,32.550000,1129.879726,1014.000000,2.455036,-1.392180,1.140980
1303,32.575000,1128.986869,1014.000000,3.141593,-1.800000,0.000000
1304,32.600000,1128.094011,1014.000000,3.141593,-1.800000,0.000000
1305,32.625000,1127.201154,1014.000000,3.141593,-1.800000,0.000000
1306,32.650000,1126.308297,1014.000000,3.141593,-1.800000,0.000000
1307,32.675000,1125.415440,1014.000000,3.141593,-1.800000,0.000000
1308,32.700000,1124.522583,1014.000000,3.141593,-1.800000,0.000000
1309,32.725000,1123.629726,1014.000000,3.141593,-1.800000,0.000000
1310,32.750000,1122.736869,1014.000000,3.141593,-1.800000,0.000000
1311,32.775000,1121.844011,1014.000000,3.141593,-1.800000,0.000000
1312,32.800000,1120.951154,1014.000000,3.141593,-1.800000,0.000000
1313,32.825000,1120.058297,1014.000000,3.141593,-1.800000,0.000000
1314,32.850000,1119.165440,1014.000000,3.141593,-1.800000,0.000000
1315,32.875000,1118.272583,1014.000000,3.141593,-1.800000,0.000000
1316,32.900000,1117.379726,1014.000000,3.141593,-1.800000,0.000000
1317,32.925000,1116.486869,1014.000000,3.141593,-1.800000,0.000000
1318,32.950000,1115.594011,1014.000000,3.141593,-1.800000,0.000000
1319,32.975000,1114.701154,1014.000000,3.141593,-1.800000,0.000000
1320,33.000000,1113.808297,1014.000000,3.141593,-1.800000,0.000000
1321,33.025000,1112.915440,1014.000000,3.141593,-1.800000,0.000000
1322,33.050000,1112.022583,1014.000000,3.141593,-1.800000,0.000000
1323,33.075000,1111.129726,1014.000000,3.141593,-1.800000,0.000000
1324,33.100000,1110.236869,1014.000000,3.141593,-1.800000,0.000000
1325,33.125000,1109.344011,1014.000000,3.141593,-1.800000,0.000000
1326,33.150000,1108.451154,1014.000000,3.141593,-1.800000,0.000000
1327,33.175000,1107.558297,1014.000000,3.141593,-1.800000,0.000000
1328,33.200000,1106.665440,1014.000000,3.141593,-1.800000,0.000000
1329,33.225000,1105.772583,1014.000000,3.141593,-1.800000,0.000000
1330,33.250000,1104.879726,1014.000000,3.141593,-1.800000,0.000000
1331,33.275000,1103.986869,1014.000000,3.141593,-1.800000,0.000000
1332,33.300000,1103.094011,1014.000000,3.141593,-1.800000,0.000000
1333,33.325000,1102.435131,1013.435131,-2.432866,-1.366545,-1.171561
1334,33.350000,1101.722511,1013.000000,-2.593410,-1.536252,-0.938046
1335,33.375000,1100.829654,1013.000000,3.141593,-1.800000,0.000000
1336,33.400000,1099.936796,1013.000000,3.141593,-1.800000,0.000000
1337,33.425000,1099.043939,1013.000000,3.141593,-1.800000,0.000000
1338,33.450000,1098.151082,1013.000000,3.141593,-1.800000,0.000000
1339,33.475000,1097.475486,1012.475486,-2.481426,-1.421802,-1.103848
1340,33.500000,1096.779581,1012.000000,-2.542188,-1.486209,-1.015472
1341,33.525000,1095.886724,1012.000000,3.141593,-1.800000,0.000000
1342,33.550000,1094.993867,1012.000000,3.141593,-1.800000,0.000000
1343,33.575000,1094.101010,1012.000000,3.141593,-1.800000,0.000000
1344,33.600000,1093.208153,1012.000000,3.141593,-1.800000,0.000000
1345,33.625000,1092.315296,1012.000000,3.141593,-1.800000,0.000000
1346,33.650000,1091.422439,1012.000000,3.141593,-1.800000,0.000000
1347,33.675000,1090.529581,1012.000000,3.141593,-1.800000,0.000000
1348,33.700000,1089.636724,1012.000000,3.141593,-1.800000,0.000000
1349,33.725000,1088.743867,1012.000000,3.141593,-1.800000,0.000000
1350,33.750000,1087.851010,1012.000000,3.141593,-1.800000,0.000000
1351,33.775000,1086.958153,1012.000000,3.141593,-1.800000,0.000000
1352,33.800000,1086.065296,1012.000000,3.141593,-1.800000,0.000000
1353,33.825000,1085.172439,1012.000000,3.141593,-1.800000,0.000000
1354,33.850000,1084.279581,1012.000000,3.141593,-1.800000,0.000000
1355,33.875000,1083.566349,1011.566349,-2.595306,-1.538027,-0.935133
1356,33.900000,1082.908081,1011.000000,-2.431114,-1.364489,-1.173954
1357,33.925000,1082.015224,1011.000000,3.141593,-1.800000,0.000000
1358,33.950000,1081.122366,1011.000000,3.141593,-1.800000,0.000000
1359,33.975000,1080.229509,1011.000000,3.141593,-1.800000,0.000000
1360,34.000000,1079.336652,1011.000000,3.141593,-1.800000,0.000000
1361,34.025000,1078.443795,1011.000000,3.141593,-1.800000,0.000000
1362,34.050000,1077.550938,1011.000000,3.141593,-1.800000,0.000000
1363,34.075000,1076.658081,1011.000000,3.141593,-1.800000,0.000000
1364,34.100000,1075.765224,1011.000000,3.141593,-1.800000,0.000000
1365,34.125000,1074.872366,1011.000000,3.141593,-1.800000,0.000000
1366,34.150000,1073.979509,1011.000000,3.141593,-1.800000,0.000000
1367,34.175000,1073.086652,1011.000000,3.141593,-1.800000,0.000000
1368,34.200000,1072.193795,1011.000000,3.141593,-1.800000,0.000000
1369,34.225000,1071.300938,1011.000000,3.141593,-1.800000,0.000000
1370,34.250000,1070.581450,1010.581450,-2.614713,-1.555884,-0.905110
1371,34.275000,1069.929437,1010.000000,-2.413339,-1.343409,-1.198021
1372,34.300000,1069.036580,1010.000000,3.141593,-1.800000,0.000000
1373,34.325000,1068.143723,1010.000000,3.141593,-1.800000,0.000000
1374,34.350000,1067.250866,1010.000000,3.141593,-1.800000,0.000000
1375,34.375000,1066.358008,1010.000000,3.141593,-1.800000,0.000000
1376,34.400000,1065.465151,1010.000000,3.141593,-1.800000,0.000000
1377,34.425000,1064.572294,1010.000000,3.141593,-1.800000,0.000000
1378,34.450000,1063.679437,1010.000000,3.141593,-1.800000,0.000000
1379,34.475000,1062.849089,1009.849089,-2.961811,-1.770989,-0.321867
1380,34.500000,1062.217744,1009.217744,-2.356194,-1.272792,-1.272792
1381,34.525000,1061.415079,1009.000000,-2.876692,-1.737213,-0.471265
1382,34.550000,1060.522222,1009.000000,3.141593,-1.800000,0.000000
1383,34.575000,1059.629365,1009.000000,3.141593,-1.800000,0.000000
1384,34.600000,1058.736508,1009.000000,3.141593,-1.800000,0.000000
1385,34.625000,1057.843651,1009.000000,3.141593,-1.800000,0.000000
1386,34.650000,1056.950793,1009.000000,3.141593,-1.800000,0.000000
1387,34.675000,1056.057936,1009.000000,3.141593,-1.800000,0.000000
1388,34.700000,1055.165079,1009.000000,3.141593,-1.800000,0.000000
1389,34.725000,1054.272222,1009.000000,3.141593,-1.800000,0.000000
1390,34.750000,1053.379365,1009.000000,3.141593,-1.800000,0.000000
1391,34.775000,1052.636906,1008.636906,-2.686749,-1.616994,-0.790779
1392,34.800000,1052.005561,1008.005561,-2.356194,-1.272792,-1.272792
1393,34.825000,1051.115007,1008.000000,-3.135349,-1.799965,-0.011239
1394,34.850000,1050.222150,1008.000000,3.141593,-1.800000,0.000000
1395,34.875000,1049.329293,1008.000000,3.141593,-1.800000,0.000000
1396,34.900000,1048.436436,1008.000000,3.141593,-1.800000,0.000000
1397,34.925000,1047.543578,1008.000000,3.141593,-1.800000,0.000000
1398,34.950000,1046.650721,1008.000000,3.141593,-1.800000,0.000000
1399,34.975000,1045.757864,1008.000000,3.141593,-1.800000,0.000000
1400,35.000000,1044.865007,1008.000000,3.141593,-1.800000,0.000000
1401,35.025000,1043.972150,1008.000000,3.141593,-1.800000,0.000000
1402,35.050000,1043.079293,1008.000000,3.141593,-1.800000,0.000000
1403,35.075000,1042.186436,1008.000000,3.141593,-1.800000,0.000000
1404,35.100000,1041.293578,1008.000000,3.141593,-1.800000,0.000000
1405,35.125000,1040.400721,1008.000000,3.141593,-1.800000,0.000000
1406,35.150000,1039.652007,1007.652007,-2.706510,-1.632303,-0.758674
1407,35.175000,1039.020662,1007.020662,-2.356194,-1.272792,-1.272792
1408,35.200000,1038.136363,1007.000000,-3.118231,-1.799509,-0.042046
1409,35.225000,1037.243506,1007.000000,3.141593,-1.800000,0.000000
1410,35.250000,1036.350649,1007.000000,3.141593,-1.800000,0.000000
1411,35.275000,1035.457792,1007.000000,3.141593,-1.800000,0.000000
1412,35.300000,1034.564935,1007.000000,3.141593,-1.800000,0.000000
1413,35.325000,1033.672078,1007.000000,3.141593,-1.800000,0.000000
1414,35.350000,1032.779221,1007.000000,3.141593,-1.800000,0.000000
1415,35.375000,1031.886363,1007.000000,3.141593,-1.800000,0.000000
1416,35.400000,1030.993506,1007.000000,3.141593,-1.800000,0.000000
1417,35.425000,1030.100649,1007.000000,3.141593,-1.800000,0.000000
1418,35.450000,1029.207792,1007.000000,3.141593,-1.800000,0.000000
1419,35.475000,1028.314935,1007.000000,3.141593,-1.800000,0.000000
1420,35.500000,1027.422078,1007.000000,3.141593,-1.800000,0.000000
1421,35.525000,1026.529221,1007.000000,3.141593,-1.800000,0.000000
1422,35.550000,1025.636363,1007.000000,3.141593,-1.800000,0.000000
1423,35.575000,1024.743506,1007.000000,3.141593,-1.800000,0.000000
1424,35.600000,1023.850649,1007.000000,3.141593,-1.800000,0.000000
1425,35.625000,1022.957792,1007.000000,3.141593,-1.800000,0.000000
1426,35.650000,1022.064935,1007.000000,3.141593,-1.800000,0.000000
1427,35.675000,1021.172078,1007.000000,3.141593,-1.800000,0.000000
1428,35.700000,1020.279221,1007.000000,3.141593,-1.800000,0.000000
1429,35.725000,1019.386363,1007.000000,3.141593,-1.800000,0.000000
1430,35.750000,1018.493506,1007.000000,3.141593,-1.800000,0.000000
1431,35.775000,1017.717616,1006.717616,-2.792546,-1.691459,-0.615603
1432,35.800000,1017.086271,1006.086271,-2.356194,-1.272792,-1.272792
1433,35.825000,1016.229148,1006.000000,-3.041279,-1.790951,-0.180263
1434,35.850000,1015.336291,1006.000000,3.141593,-1.800000,0.000000
1435,35.875000,1014.443434,1006.000000,3.141593,-1.800000,0.000000
1436,35.900000,1013.550577,1006.000000,3.141593,-1.800000,0.000000
1437,35.925000,1012.657720,1006.000000,3.141593,-1.800000,0.000000
1438,35.950000,1011.764863,1006.000000,3.141593,-1.800000,0.000000
1439,35.975000,1010.872006,1006.000000,3.141593,-1.800000,0.000000
1440,36.000000,1009.979148,1006.000000,3.141593,-1.800000,0.000000
1441,36.025000,1009.086291,1006.000000,3.141593,-1.800000,0.000000
1442,36.050000,1008.193434,1006.000000,3.141593,-1.800000,0.000000
1443,36.075000,1007.300577,1006.000000,3.141593,-1.800000,0.000000
1444,36.100000,1006.407720,1006.000000,3.141593,-1.800000,0.000000
1445,36.125000,1005.514863,1006.000000,3.141593,-1.800000,0.000000
1446,36.150000,1004.622006,1006.000000,3.141593,-1.800000,0.000000
1447,36.175000,1003.729148,1006.000000,3.141593,-1.800000,0.000000
1448,36.200000,1002.836291,1006.000000,3.141593,-1.800000,0.000000
1449,36.225000,1001.943434,1006.000000,3.141593,-1.800000,0.000000
1450,36.250000,1001.050577,1006.000000,3.141593,-1.800000,0.000000
1451,36.275000,1000.157720,1006.000000,3.141593,-1.800000,0.000000
1452,36.300000,999.264863,1006.000000,3.141593,-1.800000,0.000000
1453,36.325000,998.372006,1006.000000,3.141593,-1.800000,0.000000
1454,36.350000,997.479148,1006.000000,3.141593,-1.800000,0.000000
1455,36.375000,996.586291,1006.000000,3.141593,-1.800000,0.000000
1456,36.400000,995.693434,1006.000000,3.141593,-1.800000,0.000000
1457,36.425000,994.800577,1006.000000,3.141593,-1.800000,0.000000
1458,36.450000,993.907720,1006.000000,3.141593,-1.800000,0.000000
1459,36.475000,993.014863,1006.000000,3.141593,-1.800000,0.000000
1460,36.500000,992.122006,1006.000000,3.141593,-1.800000,0.000000
1461,36.525000,991.229148,1006.000000,3.141593,-1.800000,0.000000
1462,36.550000,990.336291,1006.000000,3.141593,-1.800000,0.000000
1463,36.575000,989.443434,1006.000000,3.141593,-1.800000,0.000000
1464,36.600000,988.550577,1006.000000,3.141593,-1.800000,0.000000
1465,36.625000,987.657720,1006.000000,3.141593,-1.800000,0.000000
1466,36.650000,986.764863,1006.000000,3.141593,-1.800000,0.000000
1467,36.675000,985.872006,1006.000000,3.141593,-1.800000,0.000000
1468,36.700000,984.979148,1006.000000,3.141593,-1.800000,0.000000
1469,36.725000,984.086291,1006.000000,3.141593,-1.800000,0.000000
1470,36.750000,983.193434,1006.000000,3.141593,-1.800000,0.000000
1471,36.775000,982.300577,1006.000000,3.141593,-1.800000,0.000000
1472,36.800000,981.407720,1006.000000,3.141593,-1.800000,0.000000
1473,36.825000,980.514863,1006.000000,3.141593,-1.800000,0.000000
1474,36.850000,979.622006,1006.000000,3.141593,-1.800000,0.000000
1475,36.875000,978.729148,1006.000000,3.141593,-1.800000,0.000000
1476,36.900000,977.836291,1006.000000,3.141593,-1.800000,0.000000
1477,36.925000,976.943434,1006.000000,3.141593,-1.800000,0.000000
1478,36.950000,976.050577,1006.000000,3.141593,-1.800000,0.000000
1479,36.975000,975.157720,1006.000000,3.141593,-1.800000,0.000000
1480,37.000000,974.264863,1006.000000,3.141593,-1.800000,0.000000
1481,37.025000,973.372006,1006.000000,3.141593,-1.800000,0.000000
1482,37.050000,972.479148,1006.000000,3.141593,-1.800000,0.000000
1483,37.075000,971.586291,1006.000000,3.141593,-1.800000,0.000000
1484,37.100000,970.693434,1006.000000,3.141593,-1.800000,0.000000
1485,37.125000,969.800577,1006.000000,3.141593,-1.800000,0.000000
1486,37.150000,968.907720,1006.000000,3.141593,-1.800000,0.000000
1487,37.175000,968.014863,1006.000000,3.141593,-1.800000,0.000000
1488,37.200000,967.122006,1006.000000,3.141593,-1.800000,0.000000
1489,37.225000,966.229148,1006.000000,3.141593,-1.800000,0.000000
1490,37.250000,965.336291,1006.000000,3.141593,-1.800000,0.000000
1491,37.275000,964.443434,1006.000000,3.141593,-1.800000,0.000000
1492,37.300000,963.550577,1006.000000,3.141593,-1.800000,0.000000
1493,37.325000,962.657720,1006.000000,3.141593,-1.800000,0.000000
1494,37.350000,961.764863,1006.000000,3.141593,-1.800000,0.000000
1495,37.375000,960.872006,1006.000000,3.141593,-1.800000,0.000000
1496,37.400000,959.979148,1006.000000,3.141593,-1.800000,0.000000
1497,37.425000,959.086291,1006.000000,3.141593,-1.800000,0.000000
1498,37.450000,958.193434,1006.000000,3.141593,-1.800000,0.000000
1499,37.475000,957.300577,1006.000000,3.141593,-1.800000,0.000000
1500,37.500000,956.407720,1006.000000,3.141593,-1.800000,0.000000
1501,37.525000,955.514863,1006.000000,3.141593,-1.800000,0.000000
1502,37.550000,954.622006,1006.000000,3.141593,-1.800000,0.000000
1503,37.575000,953.729148,1006.000000,3.141593,-1.800000,0.000000
1504,37.600000,952.836291,1006.000000,3.141593,-1.800000,0.000000
1505,37.625000,951.943434,1006.000000,3.141593,-1.800000,0.000000
1506,37.650000,951.050577,1006.000000,3.141593,-1.800000,0.000000
1507,37.675000,950.157720,1006.000000,3.141593,-1.800000,0.000000
1508,37.700000,949.264863,1006.000000,3.141593,-1.800000,0.000000
1509,37.725000,948.372006,1006.000000,3.141593,-1.800000,0.000000
1510,37.750000,947.479148,1006.000000,3.141593,-1.800000,0.000000
1511,37.775000,946.586291,1006.000000,3.141593,-1.800000,0.000000
1512,37.800000,945.693434,1006.000000,3.141593,-1.800000,0.000000
1513,37.825000,944.800577,1006.000000,3.141593,-1.800000,0.000000
1514,37.850000,943.907720,1006.000000,3.141593,-1.800000,0.000000
1515,37.875000,943.014863,1006.000000,3.141593,-1.800000,0.000000
1516,37.900000,942.122006,1006.000000,3.141593,-1.800000,0.000000
1517,37.925000,941.229148,1006.000000,3.141593,-1.800000,0.000000
1518,37.950000,940.336291,1006.000000,3.141593,-1.800000,0.000000
1519,37.975000,939.443434,1006.000000,3.141593,-1.800000,0.000000
1520,38.000000,938.550577,1006.000000,3.141593,-1.800000,0.000000
1521,38.025000,937.657720,1006.000000,3.141593,-1.800000,0.000000
1522,38.050000,936.764863,1006.000000,3.141593,-1.800000,0.000000
1523,38.075000,935.872006,1006.000000,3.141593,-1.800000,0.000000
1524,38.100000,934.979148,1006.000000,3.141593,-1.800000,0.000000
1525,38.125000,934.086291,1006.000000,3.141593,-1.800000,0.000000
1526,38.150000,933.193434,1006.000000,3.141593,-1.800000,0.000000
1527,38.175000,932.300577,1006.000000,3.141593,-1.800000,0.000000
1528,38.200000,931.407720,1006.000000,3.141593,-1.800000,0.000000
1529,38.225000,930.514863,1006.000000,3.141593,-1.800000,0.000000
1530,38.250000,929.622006,1006.000000,3.141593,-1.800000,0.000000
1531,38.275000,928.729148,1006.000000,3.141593,-1.800000,0.000000
1532,38.300000,927.836291,1006.000000,3.141593,-1.800000,0.000000
1533,38.325000,926.943434,1006.000000,3.141593,-1.800000,0.000000
1534,38.350000,926.050577,1006.000000,3.141593,-1.800000,0.000000
1535,38.375000,925.157720,1006.000000,3.141593,-1.800000,0.000000
1536,38.400000,924.264863,1006.000000,3.141593,-1.800000,0.000000
1537,38.425000,923.372006,1006.000000,3.141593,-1.800000,0.000000
1538,38.450000,922.479148,1006.000000,3.141593,-1.800000,0.000000
1539,38.475000,921.586291,1006.000000,3.141593,-1.800000,0.000000
1540,38.500000,920.693434,1006.000000,3.141593,-1.800000,0.000000
1541,38.525000,919.800577,1006.000000,3.141593,-1.800000,0.000000
1542,38.550000,918.907720,1006.000000,3.141593,-1.800000,0.000000
1543,38.575000,918.014863,1006.000000,3.141593,-1.800000,0.000000
1544,38.600000,917.122006,1006.000000,3.141593,-1.800000,0.000000
1545,38.625000,916.229148,1006.000000,3.141593,-1.800000,0.000000
1546,38.650000,915.336291,1006.000000,3.141593,-1.800000,0.000000
1547,38.675000,914.443434,1006.000000,3.141593,-1.800000,0.000000
1548,38.700000,913.550577,1006.000000,3.141593,-1.800000,0.000000
1549,38.725000,912.657720,1006.000000,3.141593,-1.800000,0.000000
1550,38.750000,911.764863,1006.000000,3.141593,-1.800000,0.000000
1551,38.775000,910.872006,1006.000000,3.141593,-1.800000,0.000000
1552,38.800000,909.979148,1006.000000,3.141593,-1.800000,0.000000
1553,38.825000,909.086291,1006.000000,3.141593,-1.800000,0.000000
1554,38.850000,908.193434,1006.000000,3.141593,-1.800000,0.000000
1555,38.875000,907.300577,1006.000000,3.141593,-1.800000,0.000000
1556,38.900000,906.407720,1006.000000,3.141593,-1.800000,0.000000
1557,38.925000,905.514863,1006.000000,3.141593,-1.800000,0.000000
1558,38.950000,904.622006,1006.000000,3.141593,-1.800000,0.000000
1559,38.975000,903.729148,1006.000000,3.141593,-1.800000,0.000000
1560,39.000000,902.836291,1006.000000,3.141593,-1.800000,0.000000
1561,39.025000,901.943434,1006.000000,3.141593,-1.800000,0.000000
1562,39.050000,901.050577,1006.000000,3.141593,-1.800000,0.000000
1563,39.075000,900.157720,1006.000000,3.141593,-1.800000,0.000000
1564,39.100000,899.264863,1006.000000,3.141593,-1.800000,0.000000
1565,39.125000,898.372006,1006.000000,3.141593,-1.800000,0.000000
1566,39.150000,897.479148,1006.000000,3.141593,-1.800000,0.000000
1567,39.175000,896.586291,1006.000000,3.141593,-1.800000,0.000000
1568,39.200000,895.693434,1006.000000,3.141593,-1.800000,0.000000
1569,39.225000,894.800577,1006.000000,3.141593,-1.800000,0.000000
1570,39.250000,893.907720,1006.000000,3.141593,-1.800000,0.000000
1571,39.275000,893.014863,1006.000000,3.141593,-1.800000,0.000000
1572,39.300000,892.122006,1006.000000,3.141593,-1.800000,0.000000
1573,39.325000,891.229148,1006.000000,3.141593,-1.800000,0.000000
1574,39.350000,890.336291,1006.000000,3.141593,-1.800000,0.000000
1575,39.375000,889.443434,1006.000000,3.141593,-1.800000,0.000000
1576,39.400000,888.550577,1006.000000,3.141593,-1.800000,0.000000
1577,39.425000,887.757971,1006.242029,2.845227,-1.721528,0.525683
1578,39.450000,887.126626,1006.873374,2.356194,-1.272792,1.272792
1579,39.475000,886.286219,1007.000000,2.992045,-1.779909,0.268183
1580,39.500000,885.393362,1007.000000,3.141593,-1.800000,0.000000
1581,39.525000,884.500505,1007.000000,3.141593,-1.800000,0.000000
1582,39.550000,883.607648,1007.000000,3.141593,-1.800000,0.000000
1583,39.575000,882.714791,1007.000000,3.141593,-1.800000,0.000000
1584,39.600000,881.821933,1007.000000,3.141593,-1.800000,0.000000
1585,39.625000,880.929076,1007.000000,3.141593,-1.800000,0.000000
1586,39.650000,880.036219,1007.000000,3.141593,-1.800000,0.000000
1587,39.675000,879.143362,1007.000000,3.141593,-1.800000,0.000000
1588,39.700000,878.250505,1007.000000,3.141593,-1.800000,0.000000
1589,39.725000,877.357648,1007.000000,3.141593,-1.800000,0.000000
1590,39.750000,876.464791,1007.000000,3.141593,-1.800000,0.000000
1591,39.775000,875.571933,1007.000000,3.141593,-1.800000,0.000000
1592,39.800000,874.679076,1007.000000,3.141593,-1.800000,0.000000
1593,39.825000,873.786219,1007.000000,3.141593,-1.800000,0.000000
1594,39.850000,872.893362,1007.000000,3.141593,-1.800000,0.000000
1595,39.875000,872.000505,1007.000000,3.141593,-1.800000,0.000000
1596,39.900000,871.107648,1007.000000,3.141593,-1.800000,0.000000
1597,39.925000,870.214791,1007.000000,3.141593,-1.800000,0.000000
1598,39.950000,869.321933,1007.000000,3.141593,-1.800000,0.000000
1599,39.975000,868.429076,1007.000000,3.141593,-1.800000,0.000000
1600,40.000000,867.536219,1007.000000,3.141593,-1.800000,0.000000
1601,40.025000,866.643362,1007.000000,3.141593,-1.800000,0.000000
1602,40.050000,865.750505,1007.000000,3.141593,-1.800000,0.000000
1603,40.075000,864.857648,1007.000000,3.141593,-1.800000,0.000000
1604,40.100000,863.964791,1007.000000,3.141593,-1.800000,0.000000
1605,40.125000,863.071933,1007.000000,3.141593,-1.800000,0.000000
1606,40.150000,862.179076,1007.000000,3.141593,-1.800000,0.000000
1607,40.175000,861.286219,1007.000000,3.141593,-1.800000,0.000000
1608,40.200000,860.393362,1007.000000,3.141593,-1.800000,0.000000
1609,40.225000,859.500505,1007.000000,3.141593,-1.800000,0.000000
1610,40.250000,858.607648,1007.000000,3.141593,-1.800000,0.000000
1611,40.275000,857.714791,1007.000000,3.141593,-1.800000,0.000000
1612,40.300000,856.821933,1007.000000,3.141593,-1.800000,0.000000
1613,40.325000,855.929076,1007.000000,3.141593,-1.800000,0.000000
1614,40.350000,855.036219,1007.000000,3.141593,-1.800000,0.000000
1615,40.375000,854.143362,1007.000000,3.141593,-1.800000,0.000000
1616,40.400000,853.250505,1007.000000,3.141593,-1.800000,0.000000
1617,40.425000,852.357648,1007.000000,3.141593,-1.800000,0.000000
1618,40.450000,851.464791,1007.000000,3.141593,-1.800000,0.000000
1619,40.475000,850.571933,1007.000000,3.141593,-1.800000,0.000000
1620,40.500000,849.679076,1007.000000,3.141593,-1.800000,0.000000
1621,40.525000,848.786219,1007.000000,3.141593,-1.800000,0.000000
1622,40.550000,847.893362,1007.000000,3.141593,-1.800000,0.000000
1623,40.575000,847.000505,1007.000000,3.141593,-1.800000,0.000000
1624,40.600000,846.107648,1007.000000,3.141593,-1.800000,0.000000
1625,40.625000,845.214791,1007.000000,3.141593,-1.800000,0.000000
1626,40.650000,844.321933,1007.000000,3.141593,-1.800000,0.000000
1627,40.675000,843.429076,1007.000000,3.141593,-1.800000,0.000000
1628,40.700000,842.536219,1007.000000,3.141593,-1.800000,0.000000
1629,40.725000,841.643362,1007.000000,3.141593,-1.800000,0.000000
1630,40.750000,840.750505,1007.000000,3.141593,-1.800000,0.000000
1631,40.775000,839.857648,1007.000000,3.141593,-1.800000,0.000000
1632,40.800000,838.964791,1007.000000,3.141593,-1.800000,0.000000
1633,40.825000,838.071933,1007.000000,3.141593,-1.800000,0.000000
1634,40.850000,837.179076,1007.000000,3.141593,-1.800000,0.000000
1635,40.875000,836.286219,1007.000000,3.141593,-1.800000,0.000000
1636,40.900000,835.393362,1007.000000,3.141593,-1.800000,0.000000
1637,40.925000,834.500505,1007.000000,3.141593,-1.800000,0.000000
1638,40.950000,833.607648,1007.000000,3.141593,-1.800000,0.000000
1639,40.975000,832.714791,1007.000000,3.141593,-1.800000,0.000000
1640,41.000000,831.821933,1007.000000,3.141593,-1.800000,0.000000
1641,41.025000,830.929076,1007.000000,3.141593,-1.800000,0.000000
1642,41.050000,830.036219,1007.000000,3.141593,-1.800000,0.000000
1643,41.075000,829.143362,1007.000000,3.141593,-1.800000,0.000000
1644,41.100000,828.250505,1007.000000,3.141593,-1.800000,0.000000
1645,41.125000,827.357648,1007.000000,3.141593,-1.800000,0.000000
1646,41.150000,826.464791,1007.000000,3.141593,-1.800000,0.000000
1647,41.175000,825.571933,1007.000000,3.141593,-1.800000,0.000000
1648,41.200000,824.679076,1007.000000,3.141593,-1.800000,0.000000
1649,41.225000,823.786219,1007.000000,3.141593,-1.800000,0.000000
1650,41.250000,822.893362,1007.000000,3.141593,-1.800000,0.000000
1651,41.275000,822.000505,1007.000000,3.141593,-1.800000,0.000000
1652,41.300000,821.107648,1007.000000,3.141593,-1.800000,0.000000
1653,41.325000,820.214791,1007.000000,3.141593,-1.800000,0.000000
1654,41.350000,819.321933,1007.000000,3.141593,-1.800000,0.000000
1655,41.375000,818.429076,1007.000000,3.141593,-1.800000,0.000000
1656,41.400000,817.536219,1007.000000,3.141593,-1.800000,0.000000
1657,41.425000,816.643362,1007.000000,3.141593,-1.800000,0.000000
1658,41.450000,815.750505,1007.000000,3.141593,-1.800000,0.000000
1659,41.475000,814.857648,1007.000000,3.141593,-1.800000,0.000000
1660,41.500000,813.964791,1007.000000,3.141593,-1.800000,0.000000
1661,41.525000,813.071933,1007.000000,3.141593,-1.800000,0.000000
1662,41.550000,812.179076,1007.000000,3.141593,-1.800000,0.000000
1663,41.575000,811.286219,1007.000000,3.141593,-1.800000,0.000000
1664,41.600000,810.393362,1007.000000,3.141593,-1.800000,0.000000
1665,41.625000,809.500505,1007.000000,3.141593,-1.800000,0.000000
1666,41.650000,808.607648,1007.000000,3.141593,-1.800000,0.000000
1667,41.675000,807.714791,1007.000000,3.141593,-1.800000,0.000000
1668,41.700000,806.821933,1007.000000,3.141593,-1.800000,0.000000
1669,41.725000,805.929076,1007.000000,3.141593,-1.800000,0.000000
1670,41.750000,805.036219,1007.000000,3.141593,-1.800000,0.000000
1671,41.775000,804.143362,1007.000000,3.141593,-1.800000,0.000000
1672,41.800000,803.250505,1007.000000,3.141593,-1.800000,0.000000
1673,41.825000,802.357648,1007.000000,3.141593,-1.800000,0.000000
1674,41.850000,801.464791,1007.000000,3.141593,-1.800000,0.000000
1675,41.875000,800.571933,1007.000000,3.141593,-1.800000,0.000000
1676,41.900000,799.679076,1007.000000,3.141593,-1.800000,0.000000
1677,41.925000,798.786219,1007.000000,3.141593,-1.800000,0.000000
1678,41.950000,797.893362,1007.000000,3.141593,-1.800000,0.000000
1679,41.975000,797.000505,1007.000000,3.141593,-1.800000,0.000000
1680,42.000000,796.107648,1007.000000,3.141593,-1.800000,0.000000
1681,42.025000,795.214791,1007.000000,3.141593,-1.800000,0.000000
1682,42.050000,794.321933,1007.000000,3.141593,-1.800000,0.000000
1683,42.075000,793.429076,1007.000000,3.141593,-1.800000,0.000000
1684,42.100000,792.536219,1007.000000,3.141593,-1.800000,0.000000
1685,42.125000,791.643362,1007.000000,3.141593,-1.800000,0.000000
1686,42.150000,790.750505,1007.000000,3.141593,-1.800000,0.000000
1687,42.175000,789.857648,1007.000000,3.141593,-1.800000,0.000000
1688,42.200000,788.964791,1007.000000,3.141593,-1.800000,0.000000
1689,42.225000,788.071933,1007.000000,3.141593,-1.800000,0.000000
1690,42.250000,787.179076,1007.000000,3.141593,-1.800000,0.000000
1691,42.275000,786.286219,1007.000000,3.141593,-1.800000,0.000000
1692,42.300000,785.393362,1007.000000,3.141593,-1.800000,0.000000
1693,42.325000,784.500505,1007.000000,3.141593,-1.800000,0.000000
1694,42.350000,783.607648,1007.000000,3.141593,-1.800000,0.000000
1695,42.375000,782.714791,1007.000000,3.141593,-1.800000,0.000000
1696,42.400000,781.821933,1007.000000,3.141593,-1.800000,0.000000
1697,42.425000,780.929076,1007.000000,3.141593,-1.800000,0.000000
1698,42.450000,780.036219,1007.000000,3.141593,-1.800000,0.000000
1699,42.475000,779.143362,1007.000000,3.141593,-1.800000,0.000000
1700,42.500000,778.250505,1007.000000,3.141593,-1.800000,0.000000
1701,42.525000,777.357648,1007.000000,3.141593,-1.800000,0.000000
1702,42.550000,776.464791,1007.000000,3.141593,-1.800000,0.000000
1703,42.575000,775.571933,1007.000000,3.141593,-1.800000,0.000000
1704,42.600000,774.679076,1007.000000,3.141593,-1.800000,0.000000
1705,42.625000,773.786219,1007.000000,3.141593,-1.800000,0.000000
1706,42.650000,772.893362,1007.000000,3.141593,-1.800000,0.000000
1707,42.675000,772.000505,1007.000000,3.141593,-1.800000,0.000000
1708,42.700000,771.107648,1007.000000,3.141593,-1.800000,0.000000
1709,42.725000,770.214791,1007.000000,3.141593,-1.800000,0.000000
1710,42.750000,769.321933,1007.000000,3.141593,-1.800000,0.000000
1711,42.775000,768.429076,1007.000000,3.141593,-1.800000,0.000000
1712,42.800000,767.536219,1007.000000,3.141593,-1.800000,0.000000
1713,42.825000,766.643362,1007.000000,3.141593,-1.800000,0.000000
1714,42.850000,765.750505,1007.000000,3.141593,-1.800000,0.000000
1715,42.875000,764.857648,1007.000000,3.141593,-1.800000,0.000000
1716,42.900000,763.964791,1007.000000,3.141593,-1.800000,0.000000
1717,42.925000,763.071933,1007.000000,3.141593,-1.800000,0.000000
1718,42.950000,762.179076,1007.000000,3.141593,-1.800000,0.000000
1719,42.975000,761.286219,1007.000000,3.141593,-1.800000,0.000000
1720,43.000000,760.393362,1007.000000,3.141593,-1.800000,0.000000
1721,43.025000,759.500505,1007.000000,3.141593,-1.800000,0.000000
1722,43.050000,758.607648,1007.000000,3.141593,-1.800000,0.000000
1723,43.075000,757.714791,1007.000000,3.141593,-1.800000,0.000000
1724,43.100000,756.821933,1007.000000,3.141593,-1.800000,0.000000
1725,43.125000,755.929076,1007.000000,3.141593,-1.800000,0.000000
1726,43.150000,755.036219,1007.000000,3.141593,-1.800000,0.000000
1727,43.175000,754.143362,1007.000000,3.141593,-1.800000,0.000000
1728,43.200000,753.250505,1007.000000,3.141593,-1.800000,0.000000
1729,43.225000,752.357648,1007.000000,3.141593,-1.800000,0.000000
1730,43.250000,751.464791,1007.000000,3.141593,-1.800000,0.000000
1731,43.275000,750.571933,1007.000000,3.141593,-1.800000,0.000000
1732,43.300000,749.773073,1006.773073,-2.864820,-1.731496,-0.491855
1733,43.325000,749.141727,1006.141727,-2.356194,-1.272792,-1.272792
1734,43.350000,748.307576,1006.000000,-2.973294,-1.774568,-0.301510
1735,43.375000,747.414718,1006.000000,3.141593,-1.800000,0.000000
1736,43.400000,746.521861,1006.000000,3.141593,-1.800000,0.000000
1737,43.425000,745.629004,1006.000000,3.141593,-1.800000,0.000000
1738,43.450000,744.736147,1006.000000,3.141593,-1.800000,0.000000
1739,43.475000,743.843290,1006.000000,3.141593,-1.800000,0.000000
1740,43.500000,742.950433,1006.000000,3.141593,-1.800000,0.000000
1741,43.525000,742.057576,1006.000000,3.141593,-1.800000,0.000000
1742,43.550000,741.164718,1006.000000,3.141593,-1.800000,0.000000
1743,43.575000,740.271861,1006.000000,3.141593,-1.800000,0.000000
1744,43.600000,739.379004,1006.000000,3.141593,-1.800000,0.000000
1745,43.625000,738.486147,1006.000000,3.141593,-1.800000,0.000000
1746,43.650000,737.593290,1006.000000,3.141593,-1.800000,0.000000
1747,43.675000,736.700433,1006.000000,3.141593,-1.800000,0.000000
1748,43.700000,735.807576,1006.000000,3.141593,-1.800000,0.000000
1749,43.725000,734.914718,1006.000000,3.141593,-1.800000,0.000000
1750,43.750000,734.021861,1006.000000,3.141593,-1.800000,0.000000
1751,43.775000,733.129004,1006.000000,3.141593,-1.800000,0.000000
1752,43.800000,732.236147,1006.000000,3.141593,-1.800000,0.000000
1753,43.825000,731.343290,1006.000000,3.141593,-1.800000,0.000000
1754,43.850000,730.450433,1006.000000,3.141593,-1.800000,0.000000
1755,43.875000,729.557576,1006.000000,3.141593,-1.800000,0.000000
1756,43.900000,728.664718,1006.000000,3.141593,-1.800000,0.000000
1757,43.925000,727.771861,1006.000000,3.141593,-1.800000,0.000000
1758,43.950000,726.879004,1006.000000,3.141593,-1.800000,0.000000
1759,43.975000,725.986147,1006.000000,3.141593,-1.800000,0.000000
1760,44.000000,725.093290,1006.000000,3.141593,-1.800000,0.000000
1761,44.025000,724.200433,1006.000000,3.141593,-1.800000,0.000000
1762,44.050000,723.307576,1006.000000,3.141593,-1.800000,0.000000
1763,44.075000,722.414718,1006.000000,3.141593,-1.800000,0.000000
1764,44.100000,721.521861,1006.000000,3.141593,-1.800000,0.000000
1765,44.125000,720.629004,1006.000000,3.141593,-1.800000,0.000000
1766,44.150000,719.736147,1006.000000,3.141593,-1.800000,0.000000
1767,44.175000,718.843290,1006.000000,3.141593,-1.800000,0.000000
1768,44.200000,717.950433,1006.000000,3.141593,-1.800000,0.000000
1769,44.225000,717.057576,1006.000000,3.141593,-1.800000,0.000000
1770,44.250000,716.409367,1005.409367,-2.402636,-1.330509,-1.212330
1771,44.275000,715.686075,1005.000000,-2.626566,-1.566503,-0.886605
1772,44.300000,714.793218,1005.000000,3.141593,-1.800000,0.000000
1773,44.325000,713.900361,1005.000000,3.141593,-1.800000,0.000000
1774,44.350000,713.007503,1005.000000,3.141593,-1.800000,0.000000
1775,44.375000,712.114646,1005.000000,3.141593,-1.800000,0.000000
1776,44.400000,711.221789,1005.000000,3.141593,-1.800000,0.000000
1777,44.425000,710.328932,1005.000000,3.141593,-1.800000,0.000000
1778,44.450000,709.436075,1005.000000,3.141593,-1.800000,0.000000
1779,44.475000,708.543218,1005.000000,3.141593,-1.800000,0.000000
1780,44.500000,707.650361,1005.000000,3.141593,-1.800000,0.000000
1781,44.525000,706.757503,1005.000000,3.141593,-1.800000,0.000000
1782,44.550000,705.864646,1005.000000,3.141593,-1.800000,0.000000
1783,44.575000,704.971789,1005.000000,3.141593,-1.800000,0.000000
1784,44.600000,704.078932,1005.000000,3.141593,-1.800000,0.000000
1785,44.625000,703.186075,1005.000000,3.141593,-1.800000,0.000000
1786,44.650000,702.293218,1005.000000,3.141593,-1.800000,0.000000
1787,44.675000,701.400361,1005.000000,3.141593,-1.800000,0.000000
1788,44.700000,700.507503,1005.000000,3.141593,-1.800000,0.000000
1789,44.725000,699.614646,1005.000000,3.141593,-1.800000,0.000000
1790,44.750000,698.721789,1005.000000,3.141593,-1.800000,0.000000
1791,44.775000,697.828932,1005.000000,3.141593,-1.800000,0.000000
1792,44.800000,696.936075,1005.000000,3.141593,-1.800000,0.000000
1793,44.825000,696.043218,1005.000000,3.141593,-1.800000,0.000000
1794,44.850000,695.150361,1005.000000,3.141593,-1.800000,0.000000
1795,44.875000,694.257503,1005.000000,3.141593,-1.800000,0.000000
1796,44.900000,693.364646,1005.000000,3.141593,-1.800000,0.000000
1797,44.925000,692.471789,1005.000000,3.141593,-1.800000,0.000000
1798,44.950000,691.578932,1005.000000,3.141593,-1.800000,0.000000
1799,44.975000,690.686075,1005.000000,3.141593,-1.800000,0.000000
1800,45.000000,689.793218,1005.000000,3.141593,-1.800000,0.000000
1801,45.025000,688.900361,1005.000000,3.141593,-1.800000,0.000000
1802,45.050000,688.007503,1005.000000,3.141593,-1.800000,0.000000
1803,45.075000,687.114646,1005.000000,3.141593,-1.800000,0.000000
1804,45.100000,686.221789,1005.000000,3.141593,-1.800000,0.000000
1805,45.125000,685.328932,1005.000000,3.141593,-1.800000,0.000000
1806,45.150000,684.436075,1005.000000,3.141593,-1.800000,0.000000
1807,45.175000,683.543218,1005.000000,3.141593,-1.800000,0.000000
1808,45.200000,682.650361,1005.000000,3.141593,-1.800000,0.000000
1809,45.225000,681.757503,1005.000000,3.141593,-1.800000,0.000000
1810,45.250000,680.864646,1005.000000,3.141593,-1.800000,0.000000
1811,45.275000,679.971789,1005.000000,3.141593,-1.800000,0.000000
1812,45.300000,679.078932,1005.000000,3.141593,-1.800000,0.000000
1813,45.325000,678.186075,1005.000000,3.141593,-1.800000,0.000000
1814,45.350000,677.293218,1005.000000,3.141593,-1.800000,0.000000
1815,45.375000,676.400361,1005.000000,3.141593,-1.800000,0.000000
1816,45.400000,675.507503,1005.000000,3.141593,-1.800000,0.000000
1817,45.425000,674.614646,1005.000000,3.141593,-1.800000,0.000000
1818,45.450000,673.721789,1005.000000,3.141593,-1.800000,0.000000
1819,45.475000,672.828932,1005.000000,3.141593,-1.800000,0.000000
1820,45.500000,671.936075,1005.000000,3.141593,-1.800000,0.000000
1821,45.525000,671.043218,1005.000000,3.141593,-1.800000,0.000000
1822,45.550000,670.150361,1005.000000,3.141593,-1.800000,0.000000
1823,45.575000,669.257503,1005.000000,3.141593,-1.800000,0.000000
1824,45.600000,668.364646,1005.000000,3.141593,-1.800000,0.000000
1825,45.625000,667.471789,1005.000000,3.141593,-1.800000,0.000000
1826,45.650000,666.578932,1005.000000,3.141593,-1.800000,0.000000
1827,45.675000,665.686075,1005.000000,3.141593,-1.800000,0.000000
1828,45.700000,664.793218,1005.000000,3.141593,-1.800000,0.000000
1829,45.725000,663.900361,1005.000000,3.141593,-1.800000,0.000000
1830,45.750000,663.007503,1005.000000,3.141593,-1.800000,0.000000
1831,45.775000,662.114646,1005.000000,3.141593,-1.800000,0.000000
1832,45.800000,661.221789,1005.000000,3.141593,-1.800000,0.000000
1833,45.825000,660.328932,1005.000000,3.141593,-1.800000,0.000000
1834,45.850000,659.436075,1005.000000,3.141593,-1.800000,0.000000
1835,45.875000,658.543218,1005.000000,3.141593,-1.800000,0.000000
1836,45.900000,657.650361,1005.000000,3.141593,-1.800000,0.000000
1837,45.925000,656.757503,1005.000000,3.141593,-1.800000,0.000000
1838,45.950000,655.864646,1005.000000,3.141593,-1.800000,0.000000
1839,45.975000,654.971789,1005.000000,3.141593,-1.800000,0.000000
1840,46.000000,654.078932,1005.000000,3.141593,-1.800000,0.000000
1841,46.025000,653.186075,1005.000000,3.141593,-1.800000,0.000000
1842,46.050000,652.293218,1005.000000,3.141593,-1.800000,0.000000
1843,46.075000,651.400361,1005.000000,3.141593,-1.800000,0.000000
1844,46.100000,650.507503,1005.000000,3.141593,-1.800000,0.000000
1845,46.125000,649.614646,1005.000000,3.141593,-1.800000,0.000000
1846,46.150000,648.721789,1005.000000,3.141593,-1.800000,0.000000
1847,46.175000,647.828932,1005.000000,3.141593,-1.800000,0.000000
1848,46.200000,646.936075,1005.000000,3.141593,-1.800000,0.000000
1849,46.225000,646.043218,1005.000000,3.141593,-1.800000,0.000000
1850,46.250000,645.150361,1005.000000,3.141593,-1.800000,0.000000
1851,46.275000,644.257503,1005.000000,3.141593,-1.800000,0.000000
1852,46.300000,643.364646,1005.000000,3.141593,-1.800000,0.000000
1853,46.325000,642.471789,1005.000000,3.141593,-1.800000,0.000000
1854,46.350000,641.578932,1005.000000,3.141593,-1.800000,0.000000
1855,46.375000,640.686075,1005.000000,3.141593,-1.800000,0.000000
1856,46.400000,639.793218,1005.000000,3.141593,-1.800000,0.000000
1857,46.425000,638.900361,1005.000000,3.141593,-1.800000,0.000000
1858,46.450000,638.007503,1005.000000,3.141593,-1.800000,0.000000
1859,46.475000,637.114646,1005.000000,3.141593,-1.800000,0.000000
1860,46.500000,636.221789,1005.000000,3.141593,-1.800000,0.000000
1861,46.525000,635.328932,1005.000000,3.141593,-1.800000,0.000000
1862,46.550000,634.436075,1005.000000,3.141593,-1.800000,0.000000
1863,46.575000,633.543218,1005.000000,3.141593,-1.800000,0.000000
1864,46.600000,632.650361,1005.000000,3.141593,-1.800000,0.000000
1865,46.625000,631.757503,1005.000000,3.141593,-1.800000,0.000000
1866,46.650000,630.864646,1005.000000,3.141593,-1.800000,0.000000
1867,46.675000,629.971789,1005.000000,3.141593,-1.800000,0.000000
1868,46.700000,629.078932,1005.000000,3.141593,-1.800000,0.000000
1869,46.725000,628.186075,1005.000000,3.141593,-1.800000,0.000000
1870,46.750000,627.293218,1005.000000,3.141593,-1.800000,0.000000
1871,46.775000,626.400361,1005.000000,3.141593,-1.800000,0.000000
1872,46.800000,625.507503,1005.000000,3.141593,-1.800000,0.000000
1873,46.825000,624.614646,1005.000000,3.141593,-1.800000,0.000000
1874,46.850000,623.721789,1005.000000,3.141593,-1.800000,0.000000
1875,46.875000,622.828932,1005.000000,3.141593,-1.800000,0.000000
1876,46.900000,621.936075,1005.000000,3.141593,-1.800000,0.000000
1877,46.925000,621.043218,1005.000000,3.141593,-1.800000,0.000000
1878,46.950000,620.150361,1005.000000,3.141593,-1.800000,0.000000
1879,46.975000,619.257503,1005.000000,3.141593,-1.800000,0.000000
1880,47.000000,618.364646,1005.000000,3.141593,-1.800000,0.000000
1881,47.025000,617.471789,1005.000000,3.141593,-1.800000,0.000000
1882,47.050000,616.578932,1005.000000,3.141593,-1.800000,0.000000
1883,47.075000,615.686075,1005.000000,3.141593,-1.800000,0.000000
1884,47.100000,614.793218,1005.000000,3.141593,-1.800000,0.000000
1885,47.125000,613.900361,1005.000000,3.141593,-1.800000,0.000000
1886,47.150000,613.007503,1005.000000,3.141593,-1.800000,0.000000
1887,47.175000,612.114646,1005.000000,3.141593,-1.800000,0.000000
1888,47.200000,611.449722,1004.449722,-2.450259,-1.386714,-1.147617
1889,47.225000,610.743146,1004.000000,-2.574780,-1.518510,-0.966502
1890,47.250000,609.850288,1004.000000,3.141593,-1.800000,0.000000
1891,47.275000,608.957431,1004.000000,3.141593,-1.800000,0.000000
1892,47.300000,608.064574,1004.000000,3.141593,-1.800000,0.000000
1893,47.325000,607.171717,1004.000000,3.141593,-1.800000,0.000000
1894,47.350000,606.278860,1004.000000,3.141593,-1.800000,0.000000
1895,47.375000,605.386003,1004.000000,3.141593,-1.800000,0.000000
1896,47.400000,604.493146,1004.000000,3.141593,-1.800000,0.000000
1897,47.425000,603.600288,1004.000000,3.141593,-1.800000,0.000000
1898,47.450000,602.707431,1004.000000,3.141593,-1.800000,0.000000
1899,47.475000,601.814574,1004.000000,3.141593,-1.800000,0.000000
1900,47.500000,600.921717,1004.000000,3.141593,-1.800000,0.000000
1901,47.525000,600.028860,1004.000000,3.141593,-1.800000,0.000000
1902,47.550000,599.136003,1004.000000,3.141593,-1.800000,0.000000
1903,47.575000,598.243146,1004.000000,3.141593,-1.800000,0.000000
1904,47.600000,597.350288,1004.000000,3.141593,-1.800000,0.000000
1905,47.625000,596.616346,1003.616346,-2.659927,-1.595204,-0.833861
1906,47.650000,595.978788,1003.000000,-2.373110,-1.294139,-1.251081
1907,47.675000,595.085931,1003.000000,3.141593,-1.800000,0.000000
1908,47.700000,594.193073,1003.000000,3.141593,-1.800000,0.000000
1909,47.725000,593.300216,1003.000000,3.141593,-1.800000,0.000000
1910,47.750000,592.407359,1003.000000,3.141593,-1.800000,0.000000
1911,47.775000,591.514502,1003.000000,3.141593,-1.800000,0.000000
1912,47.800000,590.621645,1003.000000,3.141593,-1.800000,0.000000
1913,47.825000,589.728788,1003.000000,3.141593,-1.800000,0.000000
1914,47.850000,588.835931,1003.000000,3.141593,-1.800000,0.000000
1915,47.875000,587.943073,1003.000000,3.141593,-1.800000,0.000000
1916,47.900000,587.050216,1003.000000,3.141593,-1.800000,0.000000
1917,47.925000,586.157359,1003.000000,3.141593,-1.800000,0.000000
1918,47.950000,585.264502,1003.000000,3.141593,-1.800000,0.000000
1919,47.975000,584.371645,1003.000000,3.141593,-1.800000,0.000000
1920,48.000000,583.478788,1003.000000,3.141593,-1.800000,0.000000
1921,48.025000,582.585931,1003.000000,3.141593,-1.800000,0.000000
1922,48.050000,581.693073,1003.000000,3.141593,-1.800000,0.000000
1923,48.075000,580.800216,1003.000000,3.141593,-1.800000,0.000000
1924,48.100000,579.907359,1003.000000,3.141593,-1.800000,0.000000
1925,48.125000,579.014502,1003.000000,3.141593,-1.800000,0.000000
1926,48.150000,578.121645,1003.000000,3.141593,-1.800000,0.000000
1927,48.175000,577.228788,1003.000000,3.141593,-1.800000,0.000000
1928,48.200000,576.335931,1003.000000,3.141593,-1.800000,0.000000
1929,48.225000,575.443073,1003.000000,3.141593,-1.800000,0.000000
1930,48.250000,574.550216,1003.000000,3.141593,-1.800000,0.000000
1931,48.275000,573.657359,1003.000000,3.141593,-1.800000,0.000000
1932,48.300000,572.764502,1003.000000,3.141593,-1.800000,0.000000
1933,48.325000,571.871645,1003.000000,3.141593,-1.800000,0.000000
1934,48.350000,570.978788,1003.000000,3.141593,-1.800000,0.000000
1935,48.375000,570.085931,1003.000000,3.141593,-1.800000,0.000000
1936,48.400000,569.193073,1003.000000,3.141593,-1.800000,0.000000
1937,48.425000,568.300216,1003.000000,3.141593,-1.800000,0.000000
1938,48.450000,567.407359,1003.000000,3.141593,-1.800000,0.000000
1939,48.475000,566.514502,1003.000000,3.141593,-1.800000,0.000000
1940,48.500000,565.621645,1003.000000,3.141593,-1.800000,0.000000
1941,48.525000,564.728788,1003.000000,3.141593,-1.800000,0.000000
1942,48.550000,563.835931,1003.000000,3.141593,-1.800000,0.000000
1943,48.575000,562.943073,1003.000000,3.141593,-1.800000,0.000000
1944,48.600000,562.050216,1003.000000,3.141593,-1.800000,0.000000
1945,48.625000,561.157359,1003.000000,3.141593,-1.800000,0.000000
1946,48.650000,560.264502,1003.000000,3.141593,-1.800000,0.000000
1947,48.675000,559.371645,1003.000000,3.141593,-1.800000,0.000000
1948,48.700000,558.478788,1003.000000,3.141593,-1.800000,0.000000
1949,48.725000,557.585931,1003.000000,3.141593,-1.800000,0.000000
1950,48.750000,556.693073,1003.000000,3.141593,-1.800000,0.000000
1951,48.775000,555.800216,1003.000000,3.141593,-1.800000,0.000000
1952,48.800000,554.907359,1003.000000,3.141593,-1.800000,0.000000
1953,48.825000,554.014502,1003.000000,3.141593,-1.800000,0.000000
1954,48.850000,553.121645,1003.000000,3.141593,-1.800000,0.000000
1955,48.875000,552.228788,1003.000000,3.141593,-1.800000,0.000000
1956,48.900000,551.335931,1003.000000,3.141593,-1.800000,0.000000
1957,48.925000,550.443073,1003.000000,3.141593,-1.800000,0.000000
1958,48.950000,549.550216,1003.000000,3.141593,-1.800000,0.000000
1959,48.975000,548.657359,1003.000000,3.141593,-1.800000,0.000000
1960,49.000000,547.764502,1003.000000,3.141593,-1.800000,0.000000
1961,49.025000,546.871645,1003.000000,3.141593,-1.800000,0.000000
1962,49.050000,545.978788,1003.000000,3.141593,-1.800000,0.000000
1963,49.075000,545.085931,1003.000000,3.141593,-1.800000,0.000000
1964,49.100000,544.193073,1003.000000,3.141593,-1.800000,0.000000
1965,49.125000,543.505178,1003.494822,2.518013,-1.461228,1.051101
1966,49.150000,542.821573,1004.000000,2.505175,-1.447614,1.069773
1967,49.175000,541.928716,1004.000000,3.141593,-1.800000,0.000000
1968,49.200000,541.035858,1004.000000,3.141593,-1.800000,0.000000
1969,49.225000,540.143001,1004.000000,3.141593,-1.800000,0.000000
1970,49.250000,539.250144,1004.000000,3.141593,-1.800000,0.000000
1971,49.275000,538.545533,1004.454467,2.568748,-1.512652,0.975645
1972,49.300000,537.878643,1005.000000,2.455956,-1.393230,1.139698
1973,49.325000,536.985786,1005.000000,3.141593,-1.800000,0.000000
1974,49.350000,536.092929,1005.000000,3.141593,-1.800000,0.000000
1975,49.375000,535.200072,1005.000000,3.141593,-1.800000,0.000000
1976,49.400000,534.510127,1005.489873,2.524175,-1.467677,1.042077
1977,49.425000,533.828571,1006.000000,2.499069,-1.441055,1.078592
1978,49.450000,532.935714,1006.000000,3.141593,-1.800000,0.000000
1979,49.475000,532.042857,1006.000000,3.141593,-1.800000,0.000000
1980,49.500000,531.150000,1006.000000,3.141593,-1.800000,0.000000
1981,49.525000,530.474721,1006.525279,2.480492,-1.420771,1.105175
1982,49.550000,529.778499,1007.000000,2.543150,-1.487185,1.014041
1983,49.575000,528.885642,1007.000000,3.141593,-1.800000,0.000000
1984,49.600000,527.992785,1007.000000,3.141593,-1.800000,0.000000
1985,49.625000,527.099928,1007.000000,3.141593,-1.800000,0.000000
1986,49.650000,526.207071,1007.000000,3.141593,-1.800000,0.000000
1987,49.675000,525.515076,1007.484924,2.530355,-1.474089,1.032987
1988,49.700000,524.835570,1008.000000,2.492982,-1.434463,1.087344
1989,49.725000,523.942713,1008.000000,3.141593,-1.800000,0.000000
1990,49.750000,523.049856,1008.000000,3.141593,-1.800000,0.000000
1991,49.775000,522.156998,1008.000000,3.141593,-1.800000,0.000000
1992,49.800000,521.264141,1008.000000,3.141593,-1.800000,0.000000
1993,49.825000,520.371284,1008.000000,3.141593,-1.800000,0.000000
1994,49.850000,519.631192,1008.368808,2.679284,-1.611046,0.802828
1995,49.875000,518.999783,1009.000000,2.356366,-1.273011,1.272574
1996,49.900000,518.106926,1009.000000,3.141593,-1.800000,0.000000
1997,49.925000,517.214069,1009.000000,3.141593,-1.800000,0.000000
1998,49.950000,516.321212,1009.000000,3.141593,-1.800000,0.000000
1999,49.975000,515.428355,1009.000000,3.141593,-1.800000,0.000000
2000,50.000000,514.671547,1009.328453,2.732126,-1.651200,0.716617
2001,50.025000,514.040202,1009.959798,2.356194,-1.272792,1.272792
2002,50.050000,513.163997,1010.000000,3.095743,-1.798108,0.082501
2003,50.075000,512.271140,1010.000000,3.141593,-1.800000,0.000000
2004,50.100000,511.378283,1010.000000,3.141593,-1.800000,0.000000
2005,50.125000,510.485425,1010.000000,3.141593,-1.800000,0.000000
2006,50.150000,509.592568,1010.000000,3.141593,-1.800000,0.000000
2007,50.175000,508.787664,1010.212336,2.883666,-1.740458,0.459138
2008,50.200000,508.156318,1010.843682,2.356194,-1.272792,1.272792
2009,50.225000,507.328210,1011.000000,2.955022,-1.768763,0.333882
2010,50.250000,506.435353,1011.000000,3.141593,-1.800000,0.000000
2011,50.275000,505.542496,1011.000000,3.141593,-1.800000,0.000000
2012,50.300000,504.649639,1011.000000,3.141593,-1.800000,0.000000
2013,50.325000,503.756782,1011.000000,3.141593,-1.800000,0.000000
2014,50.350000,502.903780,1011.096220,3.029266,-1.788656,0.201763
2015,50.375000,502.272435,1011.727565,2.356194,-1.272792,1.272792
2016,50.400000,501.492424,1012.000000,2.805568,-1.699331,0.593527
2017,50.425000,500.716851,1011.716851,-2.791544,-1.690841,-0.617298
2018,50.450000,500.085506,1011.085506,-2.356194,-1.272792,-1.272792
2019,50.475000,499.228066,1011.000000,-3.042199,-1.791116,-0.178614
2020,50.500000,498.529922,1010.529922,-2.548994,-1.493086,-1.005333
2021,50.525000,497.898576,1009.898576,-2.356194,-1.272792,-1.272792
2022,50.550000,497.267231,1009.267231,-2.356194,-1.272792,-1.272792
2023,50.575000,496.635886,1008.635886,-2.356194,-1.272792,-1.272792
2024,50.600000,496.004540,1008.004540,-2.356194,-1.272792,-1.272792
2025,50.625000,495.373195,1007.373195,-2.356194,-1.272792,-1.272792
2026,50.650000,494.741850,1006.741850,-2.356194,-1.272792,-1.272792
2027,50.675000,494.110504,1006.110504,-2.356194,-1.272792,-1.272792
2028,50.700000,493.479159,1005.479159,-2.356194,-1.272792,-1.272792
2029,50.725000,492.847814,1004.847814,-2.356194,-1.272792,-1.272792
2030,50.750000,492.216468,1004.216468,-2.356194,-1.272792,-1.272792
2031,50.775000,491.585123,1003.585123,-2.356194,-1.272792,-1.272792
2032,50.800000,491.000000,1002.934632,-2.303340,-1.203774,-1.338256
2033,50.825000,491.000000,1002.041775,-1.570796,0.000000,-1.800000
2034,50.850000,490.398194,1001.398194,-2.322664,-1.229407,-1.314747
2035,50.875000,490.000000,1000.670274,-2.071356,-0.863850,-1.579165
2036,50.900000,489.842610,999.842610,-1.758714,-0.336265,-1.768312
2037,50.925000,489.211265,999.211265,-2.356194,-1.272792,-1.272792
2038,50.950000,489.000000,998.405916,-1.827343,-0.456735,-1.741090
2039,50.975000,488.655681,997.655681,-2.001067,-0.750810,-1.635935
2040,51.000000,488.024335,997.024335,-2.356194,-1.272792,-1.272792
2041,51.025000,488.000000,996.141558,-1.598356,-0.049601,-1.799316
2042,51.050000,488.000000,995.248701,-1.570796,0.000000,-1.800000
2043,51.075000,488.000000,994.355844,-1.570796,0.000000,-1.800000
2044,51.100000,488.000000,993.462987,-1.570796,0.000000,-1.800000
2045,51.125000,487.696036,992.696036,-1.948133,-0.663203,-1.673368
2046,51.150000,487.064690,992.064690,-2.356194,-1.272792,-1.272792
2047,51.175000,487.000000,991.198629,-1.645353,-0.134077,-1.795000
2048,51.200000,487.000000,990.305772,-1.570796,0.000000,-1.800000
2049,51.225000,487.000000,989.412915,-1.570796,0.000000,-1.800000
2050,51.250000,487.000000,988.520058,-1.570796,0.000000,-1.800000
2051,51.275000,487.000000,987.627200,-1.570796,0.000000,-1.800000
2052,51.300000,486.812152,986.812152,-1.797315,-0.404256,-1.754017
2053,51.325000,486.180807,986.180807,-2.356194,-1.272792,-1.272792
2054,51.350000,486.000000,985.362842,-1.788343,-0.388503,-1.757574
2055,51.375000,486.000000,984.469985,-1.570796,0.000000,-1.800000
2056,51.400000,486.000000,983.577128,-1.570796,0.000000,-1.800000
2057,51.425000,486.000000,982.684271,-1.570796,0.000000,-1.800000
2058,51.450000,486.000000,981.791414,-1.570796,0.000000,-1.800000
2059,51.475000,486.000000,980.898557,-1.570796,0.000000,-1.800000
2060,51.500000,486.000000,980.005700,-1.570796,0.000000,-1.800000
2061,51.525000,486.000000,979.112842,-1.570796,0.000000,-1.800000
2062,51.550000,486.000000,978.219985,-1.570796,0.000000,-1.800000
2063,51.575000,486.000000,977.327128,-1.570796,0.000000,-1.800000
2064,51.600000,486.000000,976.434271,-1.570796,0.000000,-1.800000
2065,51.625000,486.000000,975.541414,-1.570796,0.000000,-1.800000
2066,51.650000,486.000000,974.648557,-1.570796,0.000000,-1.800000
2067,51.675000,486.000000,973.755700,-1.570796,0.000000,-1.800000
2068,51.700000,486.000000,972.862842,-1.570796,0.000000,-1.800000
2069,51.725000,486.000000,971.969985,-1.570796,0.000000,-1.800000
2070,51.750000,486.000000,971.077128,-1.570796,0.000000,-1.800000
2071,51.775000,486.000000,970.184271,-1.570796,0.000000,-1.800000
2072,51.800000,486.000000,969.291414,-1.570796,0.000000,-1.800000
2073,51.825000,486.000000,968.398557,-1.570796,0.000000,-1.800000
2074,51.850000,486.000000,967.505700,-1.570796,0.000000,-1.800000
2075,51.875000,486.000000,966.612842,-1.570796,0.000000,-1.800000
2076,51.900000,486.000000,965.719985,-1.570796,0.000000,-1.800000
2077,51.925000,486.000000,964.827128,-1.570796,0.000000,-1.800000
2078,51.950000,486.000000,963.934271,-1.570796,0.000000,-1.800000
2079,51.975000,486.000000,963.041414,-1.570796,0.000000,-1.800000
2080,52.000000,485.397939,962.397939,-2.322957,-1.229792,-1.314386
2081,52.025000,485.000000,961.669913,-2.071025,-0.863328,-1.579451
2082,52.050000,485.000000,960.777056,-1.570796,0.000000,-1.800000
2083,52.075000,485.000000,959.884199,-1.570796,0.000000,-1.800000
2084,52.100000,485.000000,958.991342,-1.570796,0.000000,-1.800000
2085,52.125000,485.000000,958.098485,-1.570796,0.000000,-1.800000
2086,52.150000,485.000000,957.205627,-1.570796,0.000000,-1.800000
2087,52.175000,485.000000,956.312770,-1.570796,0.000000,-1.800000
2088,52.200000,485.000000,955.419913,-1.570796,0.000000,-1.800000
2089,52.225000,485.000000,954.527056,-1.570796,0.000000,-1.800000
2090,52.250000,485.000000,953.634199,-1.570796,0.000000,-1.800000
2091,52.275000,485.000000,952.741342,-1.570796,0.000000,-1.800000
2092,52.300000,485.000000,951.848485,-1.570796,0.000000,-1.800000
2093,52.325000,485.000000,950.955627,-1.570796,0.000000,-1.800000
2094,52.350000,485.000000,950.062770,-1.570796,0.000000,-1.800000
2095,52.375000,485.000000,949.169913,-1.570796,0.000000,-1.800000
2096,52.400000,485.000000,948.277056,-1.570796,0.000000,-1.800000
2097,52.425000,485.000000,947.384199,-1.570796,0.000000,-1.800000
2098,52.450000,485.000000,946.491342,-1.570796,0.000000,-1.800000
2099,52.475000,485.000000,945.598485,-1.570796,0.000000,-1.800000
2100,52.500000,485.000000,944.705627,-1.570796,0.000000,-1.800000
2101,52.525000,485.000000,943.812770,-1.570796,0.000000,-1.800000
2102,52.550000,485.000000,942.919913,-1.570796,0.000000,-1.800000
2103,52.575000,485.000000,942.027056,-1.570796,0.000000,-1.800000
2104,52.600000,485.000000,941.134199,-1.570796,0.000000,-1.800000
2105,52.625000,485.000000,940.241342,-1.570796,0.000000,-1.800000
2106,52.650000,485.000000,939.348485,-1.570796,0.000000,-1.800000
2107,52.675000,485.000000,938.455627,-1.570796,0.000000,-1.800000
2108,52.700000,485.000000,937.562770,-1.570796,0.000000,-1.800000
2109,52.725000,485.000000,936.669913,-1.570796,0.000000,-1.800000
2110,52.750000,485.000000,935.777056,-1.570796,0.000000,-1.800000
2111,52.775000,485.000000,934.884199,-1.570796,0.000000,-1.800000
2112,52.800000,485.000000,933.991342,-1.570796,0.000000,-1.800000
2113,52.825000,485.000000,933.098485,-1.570796,0.000000,-1.800000
2114,52.850000,485.000000,932.205627,-1.570796,0.000000,-1.800000
2115,52.875000,485.000000,931.312770,-1.570796,0.000000,-1.800000
2116,52.900000,485.000000,930.419913,-1.570796,0.000000,-1.800000
2117,52.925000,485.000000,929.527056,-1.570796,0.000000,-1.800000
2118,52.950000,485.000000,928.634199,-1.570796,0.000000,-1.800000
2119,52.975000,485.000000,927.741342,-1.570796,0.000000,-1.800000
2120,53.000000,485.000000,926.848485,-1.570796,0.000000,-1.800000
2121,53.025000,485.000000,925.955627,-1.570796,0.000000,-1.800000
2122,53.050000,485.000000,925.062770,-1.570796,0.000000,-1.800000
2123,53.075000,485.000000,924.169913,-1.570796,0.000000,-1.800000
2124,53.100000,485.000000,923.277056,-1.570796,0.000000,-1.800000
2125,53.125000,485.000000,922.384199,-1.570796,0.000000,-1.800000
2126,53.150000,485.000000,921.491342,-1.570796,0.000000,-1.800000
2127,53.175000,485.000000,920.598485,-1.570796,0.000000,-1.800000
2128,53.200000,485.000000,919.705627,-1.570796,0.000000,-1.800000
2129,53.225000,485.000000,918.812770,-1.570796,0.000000,-1.800000
2130,53.250000,485.000000,917.919913,-1.570796,0.000000,-1.800000
2131,53.275000,485.000000,917.027056,-1.570796,0.000000,-1.800000
2132,53.300000,485.000000,916.134199,-1.570796,0.000000,-1.800000
2133,53.325000,485.000000,915.241342,-1.570796,0.000000,-1.800000
2134,53.350000,485.000000,914.348485,-1.570796,0.000000,-1.800000
2135,53.375000,485.000000,913.455627,-1.570796,0.000000,-1.800000
2136,53.400000,485.000000,912.562770,-1.570796,0.000000,-1.800000
2137,53.425000,485.000000,911.669913,-1.570796,0.000000,-1.800000
2138,53.450000,485.000000,910.777056,-1.570796,0.000000,-1.800000
2139,53.475000,485.000000,909.884199,-1.570796,0.000000,-1.800000
2140,53.500000,485.000000,908.991342,-1.570796,0.000000,-1.800000
2141,53.525000,485.000000,908.098485,-1.570796,0.000000,-1.800000
2142,53.550000,485.000000,907.205627,-1.570796,0.000000,-1.800000
2143,53.575000,485.000000,906.312770,-1.570796,0.000000,-1.800000
2144,53.600000,485.410183,905.589817,-1.054714,0.888258,-1.565566
2145,53.625000,486.000000,904.941270,-0.832788,1.211068,-1.331659
2146,53.650000,486.000000,904.048412,-1.570796,0.000000,-1.800000
2147,53.675000,486.000000,903.155555,-1.570796,0.000000,-1.800000
2148,53.700000,486.000000,902.262698,-1.570796,0.000000,-1.800000
2149,53.725000,486.000000,901.369841,-1.570796,0.000000,-1.800000
2150,53.750000,486.000000,900.476984,-1.570796,0.000000,-1.800000
2151,53.775000,486.000000,899.584127,-1.570796,0.000000,-1.800000
2152,53.800000,486.000000,898.691270,-1.570796,0.000000,-1.800000
2153,53.825000,486.000000,897.798412,-1.570796,0.000000,-1.800000
2154,53.850000,486.000000,896.905555,-1.570796,0.000000,-1.800000
2155,53.875000,486.000000,896.012698,-1.570796,0.000000,-1.800000
2156,53.900000,486.000000,895.119841,-1.570796,0.000000,-1.800000
2157,53.925000,486.000000,894.226984,-1.570796,0.000000,-1.800000
2158,53.950000,486.000000,893.334127,-1.570796,0.000000,-1.800000
2159,53.975000,486.000000,892.441270,-1.570796,0.000000,-1.800000
2160,54.000000,486.000000,891.548412,-1.570796,0.000000,-1.800000
2161,54.025000,486.000000,890.655555,-1.570796,0.000000,-1.800000
2162,54.050000,486.000000,889.762698,-1.570796,0.000000,-1.800000
2163,54.075000,486.000000,888.869841,-1.570796,0.000000,-1.800000
2164,54.100000,486.000000,887.976984,-1.570796,0.000000,-1.800000
2165,54.125000,486.000000,887.084127,-1.570796,0.000000,-1.800000
2166,54.150000,486.000000,886.191270,-1.570796,0.000000,-1.800000
2167,54.175000,486.000000,885.298412,-1.570796,0.000000,-1.800000
2168,54.200000,486.000000,884.405555,-1.570796,0.000000,-1.800000
2169,54.225000,486.000000,883.512698,-1.570796,0.000000,-1.800000
2170,54.250000,486.000000,882.619841,-1.570796,0.000000,-1.800000
2171,54.275000,486.000000,881.726984,-1.570796,0.000000,-1.800000
2172,54.300000,486.000000,880.834127,-1.570796,0.000000,-1.800000
2173,54.325000,486.000000,879.941270,-1.570796,0.000000,-1.800000
2174,54.350000,486.000000,879.048412,-1.570796,0.000000,-1.800000
2175,54.375000,486.000000,878.155555,-1.570796,0.000000,-1.800000
2176,54.400000,485.478649,877.478649,-2.227099,-1.098345,-1.426057
2177,54.425000,485.000000,876.784055,-2.174173,-1.021367,-1.482164
2178,54.450000,485.000000,875.891197,-1.570796,0.000000,-1.800000
2179,54.475000,484.998826,874.998826,-1.572111,-0.002367,-1.799998
2180,54.500000,484.367481,874.367481,-2.356194,-1.272792,-1.272792
2181,54.525000,484.000000,873.626840,-2.031372,-0.800035,-1.612434
2182,54.550000,484.000000,872.733982,-1.570796,0.000000,-1.800000
2183,54.575000,483.887659,871.887659,-1.702765,-0.236855,-1.784349
2184,54.600000,483.256313,871.256313,-2.356194,-1.272792,-1.272792
2185,54.625000,483.000000,870.469625,-1.885763,-0.557613,-1.711452
2186,54.650000,483.000000,869.576767,-1.570796,0.000000,-1.800000
2187,54.675000,482.776491,868.776491,-1.843146,-0.484192,-1.733655
2188,54.700000,482.145145,868.145145,-2.356194,-1.272792,-1.272792
2189,54.725000,482.000000,867.312410,-1.743362,-0.309079,-1.773265
2190,54.750000,481.589562,866.589562,-2.087208,-0.888774,-1.565273
2191,54.775000,481.000000,865.940909,-2.308508,-1.210673,-1.332018
2192,54.800000,481.000000,865.048052,-1.570796,0.000000,-1.800000
2193,54.825000,480.402632,864.402632,-2.317549,-1.222667,-1.321017
2194,54.850000,480.000000,863.676551,-2.077109,-0.872921,-1.574169
2195,54.875000,479.847048,862.847048,-1.753138,-0.326399,-1.770159
2196,54.900000,479.215703,862.215703,-2.356194,-1.272792,-1.272792
2197,54.925000,479.000000,861.412193,-1.833064,-0.466688,-1.738448
2198,54.950000,478.660119,860.660119,-1.995250,-0.741281,-1.640275
2199,54.975000,478.028774,860.028774,-2.356194,-1.272792,-1.272792
2200,55.000000,477.397429,859.397429,-2.356194,-1.272792,-1.272792
2201,55.025000,476.766083,858.766083,-2.356194,-1.272792,-1.272792
2202,55.050000,476.134738,858.134738,-2.356194,-1.272792,-1.272792
2203,55.075000,475.503393,857.503393,-2.356194,-1.272792,-1.272792
2204,55.100000,474.872047,856.872047,-2.356194,-1.272792,-1.272792
2205,55.125000,474.240702,856.240702,-2.356194,-1.272792,-1.272792
2206,55.150000,473.447547,856.000000,-2.846952,-1.722432,-0.522713
2207,55.175000,472.685118,855.685118,-2.749931,-1.663697,-0.687105
2208,55.200000,472.053773,855.053773,-2.356194,-1.272792,-1.272792
2209,55.225000,471.183189,855.000000,-3.079905,-1.796576,-0.110968
2210,55.250000,470.498189,854.498189,-2.509340,-1.452057,-1.063735
2211,55.275000,469.811688,854.000000,-2.513830,-1.456819,-1.057203
2212,55.300000,468.918831,854.000000,3.141593,-1.800000,0.000000
2213,55.325000,468.025974,854.000000,3.141593,-1.800000,0.000000
2214,55.350000,467.387021,853.387021,-2.376938,-1.298919,-1.246117
2215,55.375000,466.654473,853.000000,-2.655545,-1.591535,-0.840842
2216,55.400000,465.761616,853.000000,3.141593,-1.800000,0.000000
2217,55.425000,464.907198,852.907198,-3.033403,-1.789476,-0.194362
2218,55.450000,464.275853,852.275853,-2.356194,-1.272792,-1.272792
2219,55.475000,463.497258,852.000000,-2.801096,-1.696660,-0.601120
2220,55.500000,462.720269,851.720269,-2.796020,-1.693587,-0.609724
2221,55.525000,462.088924,851.088924,-2.356194,-1.272792,-1.272792
2222,55.550000,461.457579,850.457579,-2.356194,-1.272792,-1.272792
2223,55.575000,460.754257,850.000000,-2.564798,-1.508787,-0.981611
2224,55.600000,459.861399,850.000000,3.141593,-1.800000,0.000000
2225,55.625000,458.968542,850.000000,3.141593,-1.800000,0.000000
2226,55.650000,458.075685,850.000000,3.141593,-1.800000,0.000000
2227,55.675000,457.182828,850.000000,3.141593,-1.800000,0.000000
2228,55.700000,456.497934,849.497934,-2.509024,-1.451721,-1.064193
2229,55.725000,455.811327,849.000000,-2.514147,-1.457154,-1.056742
2230,55.750000,454.918470,849.000000,3.141593,-1.800000,0.000000
2231,55.775000,454.025613,849.000000,3.141593,-1.800000,0.000000
2232,55.800000,453.132756,849.000000,3.141593,-1.800000,0.000000
2233,55.825000,452.239899,849.000000,3.141593,-1.800000,0.000000
2234,55.850000,451.347042,849.000000,3.141593,-1.800000,0.000000
2235,55.875000,450.454184,849.000000,3.141593,-1.800000,0.000000
2236,55.900000,449.561327,849.000000,3.141593,-1.800000,0.000000
2237,55.925000,448.765573,848.765573,-2.855100,-1.726634,-0.508661
2238,55.950000,448.134228,848.134228,-2.356194,-1.272792,-1.272792
2239,55.975000,447.296969,848.000000,-2.982627,-1.777305,-0.284934
2240,56.000000,446.404112,848.000000,3.141593,-1.800000,0.000000
2241,56.025000,445.511255,848.000000,3.141593,-1.800000,0.000000
2242,56.050000,444.618398,848.000000,3.141593,-1.800000,0.000000
2243,56.075000,443.725541,848.000000,3.141593,-1.800000,0.000000
2244,56.100000,442.832684,848.000000,3.141593,-1.800000,0.000000
2245,56.125000,441.939827,848.000000,3.141593,-1.800000,0.000000
2246,56.150000,441.046969,848.000000,3.141593,-1.800000,0.000000
2247,56.175000,440.154112,848.000000,3.141593,-1.800000,0.000000
2248,56.200000,439.261255,848.000000,3.141593,-1.800000,0.000000
2249,56.225000,438.368398,848.000000,3.141593,-1.800000,0.000000
2250,56.250000,437.475541,848.000000,3.141593,-1.800000,0.000000
2251,56.275000,436.582684,848.000000,3.141593,-1.800000,0.000000
2252,56.300000,435.689827,848.000000,3.141593,-1.800000,0.000000
2253,56.325000,434.796969,848.000000,3.141593,-1.800000,0.000000
2254,56.350000,433.904112,848.000000,3.141593,-1.800000,0.000000
2255,56.375000,433.011255,848.000000,3.141593,-1.800000,0.000000
2256,56.400000,432.118398,848.000000,3.141593,-1.800000,0.000000
2257,56.425000,431.225541,848.000000,3.141593,-1.800000,0.000000
2258,56.450000,430.332684,848.000000,3.141593,-1.800000,0.000000
2259,56.475000,429.439827,848.000000,3.141593,-1.800000,0.000000
2260,56.500000,428.546969,848.000000,3.141593,-1.800000,0.000000
2261,56.525000,427.755420,847.755420,-2.841910,-1.719774,-0.531391
2262,56.550000,427.124075,847.124075,-2.356194,-1.272792,-1.272792
2263,56.575000,426.282612,847.000000,-2.995196,-1.780746,-0.262574
2264,56.600000,425.389754,847.000000,3.141593,-1.800000,0.000000
2265,56.625000,424.496897,847.000000,3.141593,-1.800000,0.000000
2266,56.650000,423.604040,847.000000,3.141593,-1.800000,0.000000
2267,56.675000,422.711183,847.000000,3.141593,-1.800000,0.000000
2268,56.700000,421.818326,847.000000,3.141593,-1.800000,0.000000
2269,56.725000,420.925469,847.000000,3.141593,-1.800000,0.000000
2270,56.750000,420.032612,847.000000,3.141593,-1.800000,0.000000
2271,56.775000,419.139754,847.000000,3.141593,-1.800000,0.000000
2272,56.800000,418.246897,847.000000,3.141593,-1.800000,0.000000
2273,56.825000,417.354040,847.000000,3.141593,-1.800000,0.000000
2274,56.850000,416.461183,847.000000,3.141593,-1.800000,0.000000
2275,56.875000,415.694760,847.305240,2.762582,-1.672256,0.666002
2276,56.900000,415.063415,847.936585,2.356194,-1.272792,1.272792
2277,56.925000,414.196825,848.000000,3.068545,-1.795200,0.131368
2278,56.950000,413.303968,848.000000,3.141593,-1.800000,0.000000
2279,56.975000,412.411111,848.000000,3.141593,-1.800000,0.000000
2280,57.000000,411.518254,848.000000,3.141593,-1.800000,0.000000
2281,57.025000,410.625397,848.000000,3.141593,-1.800000,0.000000
2282,57.050000,409.732539,848.000000,3.141593,-1.800000,0.000000
2283,57.075000,408.839682,848.000000,3.141593,-1.800000,0.000000
2284,57.100000,407.946825,848.000000,3.141593,-1.800000,0.000000
2285,57.125000,407.053968,848.000000,3.141593,-1.800000,0.000000
2286,57.150000,406.161111,848.000000,3.141593,-1.800000,0.000000
2287,57.175000,405.268254,848.000000,3.141593,-1.800000,0.000000
2288,57.200000,404.375397,848.000000,3.141593,-1.800000,0.000000
2289,57.225000,403.482539,848.000000,3.141593,-1.800000,0.000000
2290,57.250000,402.589682,848.000000,3.141593,-1.800000,0.000000
2291,57.275000,401.696825,848.000000,3.141593,-1.800000,0.000000
2292,57.300000,400.803968,848.000000,3.141593,-1.800000,0.000000
2293,57.325000,399.911111,848.000000,3.141593,-1.800000,0.000000
2294,57.350000,399.018254,848.000000,3.141593,-1.800000,0.000000
2295,57.375000,398.125397,848.000000,3.141593,-1.800000,0.000000
2296,57.400000,397.232539,848.000000,3.141593,-1.800000,0.000000
2297,57.425000,396.339682,848.000000,3.141593,-1.800000,0.000000
2298,57.450000,395.446825,848.000000,3.141593,-1.800000,0.000000
2299,57.475000,394.553968,848.000000,3.141593,-1.800000,0.000000
2300,57.500000,393.661111,848.000000,3.141593,-1.800000,0.000000
2301,57.525000,392.768254,848.000000,3.141593,-1.800000,0.000000
2302,57.550000,391.875397,848.000000,3.141593,-1.800000,0.000000
2303,57.575000,390.982539,848.000000,3.141593,-1.800000,0.000000
2304,57.600000,390.089682,848.000000,3.141593,-1.800000,0.000000
2305,57.625000,389.196825,848.000000,3.141593,-1.800000,0.000000
2306,57.650000,388.303968,848.000000,3.141593,-1.800000,0.000000
2307,57.675000,387.411111,848.000000,3.141593,-1.800000,0.000000
2308,57.700000,386.518254,848.000000,3.141593,-1.800000,0.000000
2309,57.725000,385.625397,848.000000,3.141593,-1.800000,0.000000
2310,57.750000,384.732539,848.000000,3.141593,-1.800000,0.000000
2311,57.775000,383.839682,848.000000,3.141593,-1.800000,0.000000
2312,57.800000,382.946825,848.000000,3.141593,-1.800000,0.000000
2313,57.825000,382.053968,848.000000,3.141593,-1.800000,0.000000
2314,57.850000,381.161111,848.000000,3.141593,-1.800000,0.000000
2315,57.875000,380.268254,848.000000,3.141593,-1.800000,0.000000
2316,57.900000,379.375397,848.000000,3.141593,-1.800000,0.000000
2317,57.925000,378.482539,848.000000,3.141593,-1.800000,0.000000
2318,57.950000,377.589682,848.000000,3.141593,-1.800000,0.000000
2319,57.975000,376.696825,848.000000,3.141593,-1.800000,0.000000
2320,58.000000,375.803968,848.000000,3.141593,-1.800000,0.000000
2321,58.025000,374.911111,848.000000,3.141593,-1.800000,0.000000
2322,58.050000,374.018254,848.000000,3.141593,-1.800000,0.000000
2323,58.075000,373.125397,848.000000,3.141593,-1.800000,0.000000
2324,58.100000,372.232539,848.000000,3.141593,-1.800000,0.000000
2325,58.125000,371.339682,848.000000,3.141593,-1.800000,0.000000
2326,58.150000,370.446825,848.000000,3.141593,-1.800000,0.000000
2327,58.175000,369.553968,848.000000,3.141593,-1.800000,0.000000
2328,58.200000,368.661111,848.000000,3.141593,-1.800000,0.000000
2329,58.225000,367.768254,848.000000,3.141593,-1.800000,0.000000
2330,58.250000,366.875397,848.000000,3.141593,-1.800000,0.000000
2331,58.275000,365.982539,848.000000,3.141593,-1.800000,0.000000
2332,58.300000,365.089682,848.000000,3.141593,-1.800000,0.000000
2333,58.325000,364.196825,848.000000,3.141593,-1.800000,0.000000
2334,58.350000,363.303968,848.000000,3.141593,-1.800000,0.000000
2335,58.375000,362.411111,848.000000,3.141593,-1.800000,0.000000
2336,58.400000,361.518254,848.000000,3.141593,-1.800000,0.000000
2337,58.425000,360.625397,848.000000,3.141593,-1.800000,0.000000
2338,58.450000,359.810877,848.189123,2.913445,-1.753357,0.407112
2339,58.475000,359.179531,848.820469,2.356194,-1.272792,1.272792
2340,58.500000,358.361039,849.000000,2.925668,-1.758202,0.385651
2341,58.525000,357.468182,849.000000,3.141593,-1.800000,0.000000
2342,58.550000,356.575324,849.000000,3.141593,-1.800000,0.000000
2343,58.575000,355.682467,849.000000,3.141593,-1.800000,0.000000
2344,58.600000,354.789610,849.000000,3.141593,-1.800000,0.000000
2345,58.625000,353.896753,849.000000,3.141593,-1.800000,0.000000
2346,58.650000,353.003896,849.000000,3.141593,-1.800000,0.000000
2347,58.675000,352.111039,849.000000,3.141593,-1.800000,0.000000
2348,58.700000,351.218182,849.000000,3.141593,-1.800000,0.000000
2349,58.725000,350.325324,849.000000,3.141593,-1.800000,0.000000
2350,58.750000,349.432467,849.000000,3.141593,-1.800000,0.000000
2351,58.775000,348.539610,849.000000,3.141593,-1.800000,0.000000
2352,58.800000,347.646753,849.000000,3.141593,-1.800000,0.000000
2353,58.825000,346.753896,849.000000,3.141593,-1.800000,0.000000
2354,58.850000,345.861039,849.000000,3.141593,-1.800000,0.000000
2355,58.875000,344.968182,849.000000,3.141593,-1.800000,0.000000
2356,58.900000,344.075324,849.000000,3.141593,-1.800000,0.000000
2357,58.925000,343.182467,849.000000,3.141593,-1.800000,0.000000
2358,58.950000,342.289610,849.000000,3.141593,-1.800000,0.000000
2359,58.975000,341.396753,849.000000,3.141593,-1.800000,0.000000
2360,59.000000,340.503896,849.000000,3.141593,-1.800000,0.000000
2361,59.025000,339.611039,849.000000,3.141593,-1.800000,0.000000
2362,59.050000,338.718182,849.000000,3.141593,-1.800000,0.000000
2363,59.075000,337.825324,849.000000,3.141593,-1.800000,0.000000
2364,59.100000,336.932467,849.000000,3.141593,-1.800000,0.000000
2365,59.125000,336.039610,849.000000,3.141593,-1.800000,0.000000
2366,59.150000,335.146753,849.000000,3.141593,-1.800000,0.000000
2367,59.175000,334.253896,849.000000,3.141593,-1.800000,0.000000
2368,59.200000,333.361039,849.000000,3.141593,-1.800000,0.000000
2369,59.225000,332.468182,849.000000,3.141593,-1.800000,0.000000
2370,59.250000,331.575324,849.000000,3.141593,-1.800000,0.000000
2371,59.275000,330.682467,849.000000,3.141593,-1.800000,0.000000
2372,59.300000,329.789610,849.000000,3.141593,-1.800000,0.000000
2373,59.325000,328.896753,849.000000,3.141593,-1.800000,0.000000
2374,59.350000,328.003896,849.000000,3.141593,-1.800000,0.000000
2375,59.375000,327.111039,849.000000,3.141593,-1.800000,0.000000
2376,59.400000,326.218182,849.000000,3.141593,-1.800000,0.000000
2377,59.425000,325.325324,849.000000,3.141593,-1.800000,0.000000
2378,59.450000,324.432467,849.000000,3.141593,-1.800000,0.000000
2379,59.475000,323.539610,849.000000,3.141593,-1.800000,0.000000
2380,59.500000,322.646753,849.000000,3.141593,-1.800000,0.000000
2381,59.525000,321.753896,849.000000,3.141593,-1.800000,0.000000
2382,59.550000,320.861039,849.000000,3.141593,-1.800000,0.000000
2383,59.575000,319.968182,849.000000,3.141593,-1.800000,0.000000
2384,59.600000,319.075324,849.000000,3.141593,-1.800000,0.000000
2385,59.625000,318.182467,849.000000,3.141593,-1.800000,0.000000
2386,59.650000,317.289610,849.000000,3.141593,-1.800000,0.000000
2387,59.675000,316.396753,849.000000,3.141593,-1.800000,0.000000
2388,59.700000,315.503896,849.000000,3.141593,-1.800000,0.000000
2389,59.725000,314.611039,849.000000,3.141593,-1.800000,0.000000
2390,59.750000,313.718182,849.000000,3.141593,-1.800000,0.000000
2391,59.775000,312.825324,849.000000,3.141593,-1.800000,0.000000
2392,59.800000,311.932467,849.000000,3.141593,-1.800000,0.000000
2393,59.825000,311.039610,849.000000,3.141593,-1.800000,0.000000
2394,59.850000,310.146753,849.000000,3.141593,-1.800000,0.000000
2395,59.875000,309.253896,849.000000,3.141593,-1.800000,0.000000
2396,59.900000,308.361039,849.000000,3.141593,-1.800000,0.000000
2397,59.925000,307.468182,849.000000,3.141593,-1.800000,0.000000
2398,59.950000,306.575324,849.000000,3.141593,-1.800000,0.000000
2399,59.975000,305.682467,849.000000,3.141593,-1.800000,0.000000
2400,60.000000,304.789610,849.000000,3.141593,-1.800000,0.000000
2401,60.025000,303.896753,849.000000,3.141593,-1.800000,0.000000
2402,60.050000,303.003896,849.000000,3.141593,-1.800000,0.000000
2403,60.075000,302.111039,849.000000,3.141593,-1.800000,0.000000
2404,60.100000,301.218182,849.000000,3.141593,-1.800000,0.000000
2405,60.125000,300.325324,849.000000,3.141593,-1.800000,0.000000
2406,60.150000,299.432467,849.000000,3.141593,-1.800000,0.000000
2407,60.175000,298.539610,849.000000,3.141593,-1.800000,0.000000
2408,60.200000,297.646753,849.000000,3.141593,-1.800000,0.000000
2409,60.225000,296.753896,849.000000,3.141593,-1.800000,0.000000
2410,60.250000,295.861039,849.000000,3.141593,-1.800000,0.000000
2411,60.275000,294.968182,849.000000,3.141593,-1.800000,0.000000
2412,60.300000,294.075324,849.000000,3.141593,-1.800000,0.000000
2413,60.325000,293.182467,849.000000,3.141593,-1.800000,0.000000
2414,60.350000,292.289610,849.000000,3.141593,-1.800000,0.000000
2415,60.375000,291.396753,849.000000,3.141593,-1.800000,0.000000
2416,60.400000,290.503896,849.000000,3.141593,-1.800000,0.000000
2417,60.425000,289.611039,849.000000,3.141593,-1.800000,0.000000
2418,60.450000,288.718182,849.000000,3.141593,-1.800000,0.000000
2419,60.475000,287.825324,849.000000,3.141593,-1.800000,0.000000
2420,60.500000,286.932467,849.000000,3.141593,-1.800000,0.000000
2421,60.525000,286.039610,849.000000,3.141593,-1.800000,0.000000
2422,60.550000,285.146753,849.000000,3.141593,-1.800000,0.000000
2423,60.575000,284.253896,849.000000,3.141593,-1.800000,0.000000
2424,60.600000,283.361039,849.000000,3.141593,-1.800000,0.000000
2425,60.625000,282.468182,849.000000,3.141593,-1.800000,0.000000
2426,60.650000,281.575324,849.000000,3.141593,-1.800000,0.000000
2427,60.675000,280.682467,849.000000,3.141593,-1.800000,0.000000
2428,60.700000,279.789610,849.000000,3.141593,-1.800000,0.000000
2429,60.725000,278.896753,849.000000,3.141593,-1.800000,0.000000
2430,60.750000,278.003896,849.000000,3.141593,-1.800000,0.000000
2431,60.775000,277.111039,849.000000,3.141593,-1.800000,0.000000
2432,60.800000,276.218182,849.000000,3.141593,-1.800000,0.000000
2433,60.825000,275.325324,849.000000,3.141593,-1.800000,0.000000
2434,60.850000,274.432467,849.000000,3.141593,-1.800000,0.000000
2435,60.875000,273.539610,849.000000,3.141593,-1.800000,0.000000
2436,60.900000,272.646753,849.000000,3.141593,-1.800000,0.000000
2437,60.925000,271.753896,849.000000,3.141593,-1.800000,0.000000
2438,60.950000,270.861039,849.000000,3.141593,-1.800000,0.000000
2439,60.975000,269.968182,849.000000,3.141593,-1.800000,0.000000
2440,61.000000,269.075324,849.000000,3.141593,-1.800000,0.000000
2441,61.025000,268.182467,849.000000,3.141593,-1.800000,0.000000
2442,61.050000,267.289610,849.000000,3.141593,-1.800000,0.000000
2443,61.075000,266.396753,849.000000,3.141593,-1.800000,0.000000
2444,61.100000,265.503896,849.000000,3.141593,-1.800000,0.000000
2445,61.125000,264.611039,849.000000,3.141593,-1.800000,0.000000
2446,61.150000,263.718182,849.000000,3.141593,-1.800000,0.000000
2447,61.175000,262.825324,849.000000,3.141593,-1.800000,0.000000
2448,61.200000,261.932467,849.000000,3.141593,-1.800000,0.000000
2449,61.225000,261.039610,849.000000,3.141593,-1.800000,0.000000
2450,61.250000,260.146753,849.000000,3.141593,-1.800000,0.000000
2451,61.275000,259.253896,849.000000,3.141593,-1.800000,0.000000
2452,61.300000,258.361039,849.000000,3.141593,-1.800000,0.000000
2453,61.325000,257.468182,849.000000,3.141593,-1.800000,0.000000
2454,61.350000,256.575324,849.000000,3.141593,-1.800000,0.000000
2455,61.375000,255.682467,849.000000,3.141593,-1.800000,0.000000
2456,61.400000,254.789610,849.000000,3.141593,-1.800000,0.000000
2457,61.425000,253.896753,849.000000,3.141593,-1.800000,0.000000
2458,61.450000,253.003896,849.000000,3.141593,-1.800000,0.000000
2459,61.475000,252.111039,849.000000,3.141593,-1.800000,0.000000
2460,61.500000,251.218182,849.000000,3.141593,-1.800000,0.000000
2461,61.525000,250.325324,849.000000,3.141593,-1.800000,0.000000
2462,61.550000,249.432467,849.000000,3.141593,-1.800000,0.000000
2463,61.575000,248.539610,849.000000,3.141593,-1.800000,0.000000
2464,61.600000,247.646753,849.000000,3.141593,-1.800000,0.000000
2465,61.625000,246.753896,849.000000,3.141593,-1.800000,0.000000
2466,61.650000,245.861039,849.000000,3.141593,-1.800000,0.000000
2467,61.675000,244.968182,849.000000,3.141593,-1.800000,0.000000
2468,61.700000,244.075324,849.000000,3.141593,-1.800000,0.000000
2469,61.725000,243.182467,849.000000,3.141593,-1.800000,0.000000
2470,61.750000,242.289610,849.000000,3.141593,-1.800000,0.000000
2471,61.775000,241.396753,849.000000,3.141593,-1.800000,0.000000
2472,61.800000,240.503896,849.000000,3.141593,-1.800000,0.000000
2473,61.825000,239.724963,848.724963,-2.802163,-1.697301,-0.599308
2474,61.850000,239.093617,848.093617,-2.356194,-1.272792,-1.272792
2475,61.875000,238.239538,848.000000,-3.032416,-1.789283,-0.196127
2476,61.900000,237.346681,848.000000,3.141593,-1.800000,0.000000
2477,61.925000,236.453824,848.000000,3.141593,-1.800000,0.000000
2478,61.950000,235.560967,848.000000,3.141593,-1.800000,0.000000
2479,61.975000,234.668109,848.000000,3.141593,-1.800000,0.000000
2480,62.000000,233.841079,847.841079,-2.951748,-1.767661,-0.339671
2481,62.025000,233.209734,847.209734,-2.356194,-1.272792,-1.272792
2482,62.050000,232.403752,847.000000,-2.887017,-1.741986,-0.453302
2483,62.075000,231.510894,847.000000,3.141593,-1.800000,0.000000
2484,62.100000,230.618037,847.000000,3.141593,-1.800000,0.000000
2485,62.125000,229.725180,847.000000,3.141593,-1.800000,0.000000
2486,62.150000,228.832323,847.000000,3.141593,-1.800000,0.000000
2487,62.175000,227.957196,846.957196,-3.092720,-1.797851,-0.087936
2488,62.200000,227.325851,846.325851,-2.356194,-1.272792,-1.272792
2489,62.225000,226.567965,846.000000,-2.735539,-1.653636,-0.710976
2490,62.250000,225.675108,846.000000,3.141593,-1.800000,0.000000
2491,62.275000,224.846028,845.846028,-2.957970,-1.769740,-0.328666
2492,62.300000,224.214683,845.214683,-2.356194,-1.272792,-1.272792
2493,62.325000,223.410750,845.000000,-2.880641,-1.739061,-0.464400
2494,62.350000,222.517893,845.000000,3.141593,-1.800000,0.000000
2495,62.375000,221.734860,844.734860,-2.815104,-1.704914,-0.577294
2496,62.400000,221.103515,844.103515,-2.356194,-1.272792,-1.272792
2497,62.425000,220.253535,844.000000,-3.020404,-1.786798,-0.217606
2498,62.450000,219.547931,843.547931,-2.571795,-1.515618,-0.971032
2499,62.475000,218.916586,842.916586,-2.356194,-1.272792,-1.272792
2500,62.500000,218.285240,842.285240,-2.356194,-1.272792,-1.272792
2501,62.525000,217.510534,842.000000,-2.788804,-1.689143,-0.621928
2502,62.550000,216.729656,841.729656,-2.808303,-1.700948,-0.588877
2503,62.575000,216.098311,841.098311,-2.356194,-1.272792,-1.272792
2504,62.600000,215.466966,840.466966,-2.356194,-1.272792,-1.272792
2505,62.625000,214.835620,839.835620,-2.356194,-1.272792,-1.272792
2506,62.650000,214.204275,839.204275,-2.356194,-1.272792,-1.272792
2507,62.675000,213.572930,838.572930,-2.356194,-1.272792,-1.272792
2508,62.700000,212.941584,837.941584,-2.356194,-1.272792,-1.272792
2509,62.725000,212.310239,837.310239,-2.356194,-1.272792,-1.272792
2510,62.750000,211.678894,836.678894,-2.356194,-1.272792,-1.272792
2511,62.775000,211.047548,836.047548,-2.356194,-1.272792,-1.272792
2512,62.800000,211.000000,835.174386,-1.625198,-0.097875,-1.797337
2513,62.825000,210.491964,834.491964,-2.210742,-1.074873,-1.443831
2514,62.850000,209.860619,833.860619,-2.356194,-1.272792,-1.272792
2515,62.875000,209.229274,833.229274,-2.356194,-1.272792,-1.272792
2516,62.900000,208.597928,832.597928,-2.356194,-1.272792,-1.272792
2517,62.925000,208.000000,831.952741,-2.318197,-1.223522,-1.320225
2518,62.950000,208.000000,831.059884,-1.570796,0.000000,-1.800000
2519,62.975000,208.000000,830.167027,-1.570796,0.000000,-1.800000
2520,63.000000,208.000000,829.274170,-1.570796,0.000000,-1.800000
2521,63.025000,208.000000,828.381313,-1.570796,0.000000,-1.800000
2522,63.050000,208.000000,827.488456,-1.570796,0.000000,-1.800000
2523,63.075000,208.000000,826.595599,-1.570796,0.000000,-1.800000
2524,63.100000,208.000000,825.702741,-1.570796,0.000000,-1.800000
2525,63.125000,207.865568,824.865568,-1.730016,-0.285385,-1.777232
2526,63.150000,207.234223,824.234223,-2.356194,-1.272792,-1.272792
2527,63.175000,207.000000,823.438384,-1.857024,-0.508203,-1.726768
2528,63.200000,207.000000,822.545526,-1.570796,0.000000,-1.800000
2529,63.225000,206.754400,821.754400,-1.871806,-0.533673,-1.719067
2530,63.250000,206.123055,821.123055,-2.356194,-1.272792,-1.272792
2531,63.275000,206.000000,820.281169,-1.715934,-0.260332,-1.781075
2532,63.300000,206.000000,819.388311,-1.570796,0.000000,-1.800000
2533,63.325000,206.000000,818.495454,-1.570796,0.000000,-1.800000
2534,63.350000,205.718994,817.718994,-1.918039,-0.612551,-1.692566
2535,63.375000,205.087648,817.087648,-2.356194,-1.272792,-1.272792
2536,63.400000,205.000000,816.231096,-1.672768,-0.183232,-1.790650
2537,63.425000,205.000000,815.338239,-1.570796,0.000000,-1.800000
2538,63.450000,205.000000,814.445382,-1.570796,0.000000,-1.800000
2539,63.475000,205.000000,813.552525,-1.570796,0.000000,-1.800000
2540,63.500000,205.000000,812.659668,-1.570796,0.000000,-1.800000
2541,63.525000,204.835110,811.835110,-1.768167,-0.352964,-1.765054
2542,63.550000,204.203765,811.203765,-2.356194,-1.272792,-1.272792
2543,63.575000,204.000000,810.395310,-1.817696,-0.439918,-1.745415
2544,63.600000,204.000000,809.502453,-1.570796,0.000000,-1.800000
2545,63.625000,204.000000,808.609596,-1.570796,0.000000,-1.800000
2546,63.650000,203.799704,807.799704,-1.813244,-0.432142,-1.747356
2547,63.675000,203.168359,807.168359,-2.356194,-1.272792,-1.272792
2548,63.700000,203.000000,806.345238,-1.772550,-0.360699,-1.763490
2549,63.725000,203.000000,805.452381,-1.570796,0.000000,-1.800000
2550,63.750000,203.000000,804.559524,-1.570796,0.000000,-1.800000
2551,63.775000,203.000000,803.666666,-1.570796,0.000000,-1.800000
2552,63.800000,203.000000,802.773809,-1.570796,0.000000,-1.800000
2553,63.825000,203.000000,801.880952,-1.570796,0.000000,-1.800000
2554,63.850000,202.991582,800.991582,-1.580261,-0.017037,-1.799919
2555,63.875000,202.360237,800.360237,-2.356194,-1.272792,-1.272792
2556,63.900000,202.000000,799.616594,-2.021904,-0.784733,-1.619937
2557,63.925000,202.000000,798.723737,-1.570796,0.000000,-1.800000
2558,63.950000,202.000000,797.830880,-1.570796,0.000000,-1.800000
2559,63.975000,202.000000,796.938023,-1.570796,0.000000,-1.800000
2560,64.000000,202.000000,796.045166,-1.570796,0.000000,-1.800000
2561,64.025000,202.000000,795.152308,-1.570796,0.000000,-1.800000
2562,64.050000,202.000000,794.259451,-1.570796,0.000000,-1.800000
2563,64.075000,202.000000,793.366594,-1.570796,0.000000,-1.800000
2564,64.100000,202.000000,792.473737,-1.570796,0.000000,-1.800000
2565,64.125000,202.000000,791.580880,-1.570796,0.000000,-1.800000
2566,64.150000,202.000000,790.688023,-1.570796,0.000000,-1.800000
2567,64.175000,202.000000,789.795166,-1.570796,0.000000,-1.800000
2568,64.200000,202.000000,788.902308,-1.570796,0.000000,-1.800000
2569,64.225000,202.000000,788.009451,-1.570796,0.000000,-1.800000
2570,64.250000,202.000000,787.116594,-1.570796,0.000000,-1.800000
2571,64.275000,202.000000,786.223737,-1.570796,0.000000,-1.800000
2572,64.300000,202.000000,785.330880,-1.570796,0.000000,-1.800000
2573,64.325000,202.000000,784.438023,-1.570796,0.000000,-1.800000
2574,64.350000,202.000000,783.545166,-1.570796,0.000000,-1.800000
2575,64.375000,202.000000,782.652308,-1.570796,0.000000,-1.800000
2576,64.400000,202.000000,781.759451,-1.570796,0.000000,-1.800000
2577,64.425000,202.000000,780.866594,-1.570796,0.000000,-1.800000
2578,64.450000,202.000000,779.973737,-1.570796,0.000000,-1.800000
2579,64.475000,202.000000,779.080880,-1.570796,0.000000,-1.800000
2580,64.500000,202.000000,778.188023,-1.570796,0.000000,-1.800000
2581,64.525000,202.000000,777.295166,-1.570796,0.000000,-1.800000
2582,64.550000,202.422632,776.577368,-1.038660,0.913275,-1.551106
2583,64.575000,203.000000,775.923665,-0.847326,1.191582,-1.349123
2584,64.600000,203.000000,775.030808,-1.570796,0.000000,-1.800000
2585,64.625000,203.000000,774.137951,-1.570796,0.000000,-1.800000
2586,64.650000,203.533800,773.466200,-0.899332,1.119839,-1.409241
2587,64.675000,204.000000,772.766450,-0.983090,0.998016,-1.497987
2588,64.700000,204.089383,771.910617,-1.466733,0.186975,-1.790263
2589,64.725000,204.720729,771.279271,-0.785398,1.272792,-1.272792
2590,64.750000,205.000000,770.502092,-1.225826,0.608705,-1.693954
2591,64.775000,205.000000,769.609235,-1.570796,0.000000,-1.800000
2592,64.800000,205.200551,768.799449,-1.328022,0.432714,-1.747214
2593,64.825000,205.831897,768.168103,-0.785398,1.272792,-1.272792
2594,64.850000,206.000000,767.344877,-1.369365,0.360130,-1.763606
2595,64.875000,206.387480,766.612520,-1.084151,0.841794,-1.591032
2596,64.900000,207.000000,765.973376,-0.806666,1.245437,-1.299571
2597,64.925000,207.000000,765.080519,-1.570796,0.000000,-1.800000
2598,64.950000,207.574410,764.425590,-0.850803,1.186884,-1.353258
2599,64.975000,208.205755,763.794245,-0.785398,1.272792,-1.272792
2600,65.000000,208.837100,763.162900,-0.785398,1.272792,-1.272792
2601,65.025000,209.000000,762.337518,-1.375938,0.348530,-1.765935
2602,65.050000,209.392684,761.607316,-1.077387,0.852536,-1.585302
2603,65.075000,210.024030,760.975970,-0.785398,1.272792,-1.272792
2604,65.100000,210.655375,760.344625,-0.785398,1.272792,-1.272792
2605,65.125000,211.000000,759.594516,-1.140125,0.751465,-1.635634
2606,65.150000,211.210959,758.789041,-1.314644,0.456049,-1.741269
2607,65.175000,211.842304,758.157696,-0.785398,1.272792,-1.272792
2608,65.200000,212.473650,757.526350,-0.785398,1.272792,-1.272792
2609,65.225000,213.104995,756.895005,-0.785398,1.272792,-1.272792
2610,65.250000,213.736340,756.263660,-0.785398,1.272792,-1.272792
2611,65.275000,214.000000,755.480014,-1.246241,0.573997,-1.706027
2612,65.300000,214.291924,754.708076,-1.209249,0.636699,-1.683631
2613,65.325000,214.923269,754.076731,-0.785398,1.272792,-1.272792
2614,65.350000,215.000000,753.215656,-1.481921,0.159765,-1.792896
2615,65.375000,215.478853,752.521147,-0.967163,1.021748,-1.481901
2616,65.400000,216.110199,751.889801,-0.785398,1.272792,-1.272792
2617,65.425000,216.741544,751.258456,-0.785398,1.272792,-1.272792
2618,65.450000,217.372889,750.627111,-0.785398,1.272792,-1.272792
2619,65.475000,218.004235,749.995765,-0.785398,1.272792,-1.272792
2620,65.500000,218.635580,749.364420,-0.785398,1.272792,-1.272792
2621,65.525000,219.266925,748.733075,-0.785398,1.272792,-1.272792
2622,65.550000,219.898271,748.101729,-0.785398,1.272792,-1.272792
2623,65.575000,220.529616,747.470384,-0.785398,1.272792,-1.272792
2624,65.600000,221.000000,746.772366,-0.977813,1.005908,-1.492699
2625,65.625000,221.085200,745.914800,-1.471770,0.177956,-1.791182
2626,65.650000,221.716545,745.283455,-0.785398,1.272792,-1.272792
2627,65.675000,222.000000,744.508008,-1.220347,0.617975,-1.690594
2628,65.700000,222.272129,743.727871,-1.235171,0.592847,-1.699568
2629,65.725000,222.903475,743.096525,-0.785398,1.272792,-1.272792
2630,65.750000,223.534820,742.465180,-0.785398,1.272792,-1.272792
2631,65.775000,224.166165,741.833835,-0.785398,1.272792,-1.272792
2632,65.800000,224.797511,741.202489,-0.785398,1.272792,-1.272792
2633,65.825000,225.428856,740.571144,-0.785398,1.272792,-1.272792
2634,65.850000,226.060201,739.939799,-0.785398,1.272792,-1.272792
2635,65.875000,226.691547,739.308453,-0.785398,1.272792,-1.272792
2636,65.900000,227.000000,738.543362,-1.187570,0.673047,-1.669433
2637,65.925000,227.247130,737.752870,-1.267794,0.537096,-1.718001
2638,65.950000,227.878476,737.121524,-0.785398,1.272792,-1.272792
2639,65.975000,228.000000,736.279004,-1.427545,0.256971,-1.781563
2640,66.000000,228.434060,735.565940,-1.023986,0.935937,-1.537537
2641,66.025000,229.065405,734.934595,-0.785398,1.272792,-1.272792
2642,66.050000,229.696750,734.303250,-0.785398,1.272792,-1.272792
2643,66.075000,230.463997,734.000000,-0.376399,1.673989,-0.661634
2644,66.100000,231.252334,733.747666,-0.309779,1.714321,-0.548728
2645,66.125000,231.883680,733.116320,-0.785398,1.272792,-1.272792
2646,66.150000,232.515025,732.484975,-0.785398,1.272792,-1.272792
2647,66.175000,233.000000,731.793001,-0.959495,1.033080,-1.474024
2648,66.200000,233.070609,730.929391,-1.489218,0.146679,-1.794014
2649,66.225000,233.701954,730.298046,-0.785398,1.272792,-1.272792
2650,66.250000,234.333300,729.666700,-0.785398,1.272792,-1.272792
2651,66.275000,234.964645,729.035355,-0.785398,1.272792,-1.272792
2652,66.300000,235.595990,728.404010,-0.785398,1.272792,-1.272792
2653,66.325000,236.227336,727.772664,-0.785398,1.272792,-1.272792
2654,66.350000,236.858681,727.141319,-0.785398,1.272792,-1.272792
2655,66.375000,237.693002,727.000000,-0.167790,1.774721,-0.300606
2656,66.400000,238.414265,726.585735,-0.521353,1.560863,-0.896498
2657,66.425000,239.000000,725.935497,-0.837539,1.204729,-1.337396
2658,66.450000,239.000000,725.042640,-1.570796,0.000000,-1.800000
2659,66.475000,239.601194,724.398806,-0.819633,1.228481,-1.315612
2660,66.500000,240.232539,723.767461,-0.785398,1.272792,-1.272792
2661,66.525000,240.863885,723.136115,-0.785398,1.272792,-1.272792
2662,66.550000,241.495230,722.504770,-0.785398,1.272792,-1.272792
2663,66.575000,242.126575,721.873425,-0.785398,1.272792,-1.272792
2664,66.600000,242.757921,721.242079,-0.785398,1.272792,-1.272792
2665,66.625000,243.389266,720.610734,-0.785398,1.272792,-1.272792
2666,66.650000,244.020611,719.979389,-0.785398,1.272792,-1.272792
2667,66.675000,244.651957,719.348043,-0.785398,1.272792,-1.272792
2668,66.700000,245.000000,718.599350,-1.135647,0.758782,-1.632253
2669,66.725000,245.207541,717.792459,-1.319043,0.448384,-1.743259
2670,66.750000,245.838886,717.161114,-0.785398,1.272792,-1.272792
2671,66.775000,246.470231,716.529769,-0.785398,1.272792,-1.272792
2672,66.800000,247.101577,715.898423,-0.785398,1.272792,-1.272792
2673,66.825000,247.732922,715.267078,-0.785398,1.272792,-1.272792
2674,66.850000,248.364267,714.635733,-0.785398,1.272792,-1.272792
2675,66.875000,248.995613,714.004387,-0.785398,1.272792,-1.272792
2676,66.900000,249.626958,713.373042,-0.785398,1.272792,-1.272792
2677,66.925000,250.258303,712.741697,-0.785398,1.272792,-1.272792
2678,66.950000,250.889649,712.110351,-0.785398,1.272792,-1.272792
2679,66.975000,251.520994,711.479006,-0.785398,1.272792,-1.272792
2680,67.000000,252.152339,710.847661,-0.785398,1.272792,-1.272792
2681,67.025000,252.783685,710.216315,-0.785398,1.272792,-1.272792
2682,67.050000,253.415030,709.584970,-0.785398,1.272792,-1.272792
2683,67.075000,254.046375,708.953625,-0.785398,1.272792,-1.272792
2684,67.100000,254.677721,708.322279,-0.785398,1.272792,-1.272792
2685,67.125000,255.000000,707.562914,-1.169429,0.703220,-1.656950
2686,67.150000,255.233305,706.766695,-1.285759,0.506147,-1.727372
2687,67.175000,255.864650,706.135350,-0.785398,1.272792,-1.272792
2688,67.200000,256.495995,705.504005,-0.785398,1.272792,-1.272792
2689,67.225000,257.127341,704.872659,-0.785398,1.272792,-1.272792
2690,67.250000,257.758686,704.241314,-0.785398,1.272792,-1.272792
2691,67.275000,258.390031,703.609969,-0.785398,1.272792,-1.272792
2692,67.300000,259.021377,702.978623,-0.785398,1.272792,-1.272792
2693,67.325000,259.652722,702.347278,-0.785398,1.272792,-1.272792
2694,67.350000,260.284067,701.715933,-0.785398,1.272792,-1.272792
2695,67.375000,260.915413,701.084587,-0.785398,1.272792,-1.272792
2696,67.400000,261.546758,700.453242,-0.785398,1.272792,-1.272792
2697,67.425000,262.178103,699.821897,-0.785398,1.272792,-1.272792
2698,67.450000,262.809449,699.190551,-0.785398,1.272792,-1.272792
2699,67.475000,263.000000,698.376623,-1.340825,0.410309,-1.752611
2700,67.500000,263.365033,697.634967,-1.113419,0.794873,-1.614985
2701,67.525000,263.996378,697.003622,-0.785398,1.272792,-1.272792
2702,67.550000,264.627723,696.372277,-0.785398,1.272792,-1.272792
2703,67.575000,265.000000,695.633622,-1.103960,0.810114,-1.607394
2704,67.600000,265.000000,694.740764,-1.570796,0.000000,-1.800000
2705,67.625000,265.107546,693.892454,-1.444693,0.226386,-1.785707
2706,67.650000,265.738891,693.261109,-0.785398,1.272792,-1.272792
2707,67.675000,266.000000,692.476407,-1.249572,0.568312,-1.707929
2708,67.700000,266.294475,691.705525,-1.205905,0.642326,-1.681492
2709,67.725000,266.925820,691.074180,-0.785398,1.272792,-1.272792
2710,67.750000,267.557166,690.442834,-0.785398,1.272792,-1.272792
2711,67.775000,268.188511,689.811489,-0.785398,1.272792,-1.272792
2712,67.800000,268.819856,689.180144,-0.785398,1.272792,-1.272792
2713,67.825000,269.451202,688.548798,-0.785398,1.272792,-1.272792
2714,67.850000,270.082547,687.917453,-0.785398,1.272792,-1.272792
2715,67.875000,270.713892,687.286108,-0.785398,1.272792,-1.272792
2716,67.900000,271.345238,686.654762,-0.785398,1.272792,-1.272792
2717,67.925000,271.976583,686.023417,-0.785398,1.272792,-1.272792
2718,67.950000,272.000000,685.140259,-1.544288,0.047710,-1.799368
2719,67.975000,272.532167,684.467833,-0.901313,1.117045,-1.411457
2720,68.000000,273.163512,683.836488,-0.785398,1.272792,-1.272792
2721,68.025000,273.794858,683.205142,-0.785398,1.272792,-1.272792
2722,68.050000,274.426203,682.573797,-0.785398,1.272792,-1.272792
2723,68.075000,275.081386,682.000000,-0.719273,1.354113,-1.185908
2724,68.100000,275.974243,682.000000,0.000000,1.800000,0.000000
2725,68.125000,276.613132,681.386868,-0.764829,1.298702,-1.246344
2726,68.150000,277.244478,680.755522,-0.785398,1.272792,-1.272792
2727,68.175000,277.875823,680.124177,-0.785398,1.272792,-1.272792
2728,68.200000,278.000000,679.282756,-1.424274,0.262798,-1.780713
2729,68.225000,278.431407,678.568593,-1.027387,0.930703,-1.540711
2730,68.250000,279.062752,677.937248,-0.785398,1.272792,-1.272792
2731,68.275000,279.694098,677.305902,-0.785398,1.272792,-1.272792
2732,68.300000,280.325443,676.674557,-0.785398,1.272792,-1.272792
2733,68.325000,280.956788,676.043212,-0.785398,1.272792,-1.272792
2734,68.350000,281.000000,675.168254,-1.521449,0.088789,-1.797809
2735,68.375000,281.512372,674.487628,-0.925508,1.082571,-1.438068
2736,68.400000,282.143717,673.856283,-0.785398,1.272792,-1.272792
2737,68.425000,282.775063,673.224937,-0.785398,1.272792,-1.272792
2738,68.450000,283.574748,673.000000,-0.274197,1.732757,-0.487394
2739,68.475000,284.330647,672.669353,-0.412345,1.649130,-0.721366
2740,68.500000,284.961992,672.038008,-0.785398,1.272792,-1.272792
2741,68.525000,285.593337,671.406663,-0.785398,1.272792,-1.272792
2742,68.550000,286.000000,670.682251,-1.059266,0.881122,-1.569594
2743,68.575000,286.148921,669.851079,-1.393507,0.317451,-1.771786
2744,68.600000,286.780267,669.219733,-0.785398,1.272792,-1.272792
2745,68.625000,287.411612,668.588388,-0.785398,1.272792,-1.272792
2746,68.650000,288.042957,667.957043,-0.785398,1.272792,-1.272792
2747,68.675000,288.674303,667.325697,-0.785398,1.272792,-1.272792
2748,68.700000,289.432252,667.000000,-0.405852,1.653779,-0.710644
2749,68.725000,290.229887,666.770113,-0.280606,1.729598,-0.498488
2750,68.750000,290.861232,666.138768,-0.785398,1.272792,-1.272792
2751,68.775000,291.492577,665.507423,-0.785398,1.272792,-1.272792
2752,68.800000,292.000000,664.824747,-0.931607,1.073782,-1.444643
2753,68.825000,292.048161,663.951839,-1.515679,0.099161,-1.797267
2754,68.850000,292.679506,663.320494,-0.785398,1.272792,-1.272792
2755,68.875000,293.310852,662.689148,-0.785398,1.272792,-1.272792
2756,68.900000,293.942197,662.057803,-0.785398,1.272792,-1.272792
2757,68.925000,294.573542,661.426458,-0.785398,1.272792,-1.272792
2758,68.950000,295.204888,660.795112,-0.785398,1.272792,-1.272792
2759,68.975000,295.836233,660.163767,-0.785398,1.272792,-1.272792
2760,69.000000,296.467579,659.532421,-0.785398,1.272792,-1.272792
2761,69.025000,297.000000,658.860101,-0.901004,1.117481,-1.411111
2762,69.050000,297.023162,657.976838,-1.544579,0.047186,-1.799381
2763,69.075000,297.654508,657.345492,-0.785398,1.272792,-1.272792
2764,69.100000,298.285853,656.714147,-0.785398,1.272792,-1.272792
2765,69.125000,298.917198,656.082802,-0.785398,1.272792,-1.272792
2766,69.150000,299.548544,655.451456,-0.785398,1.272792,-1.272792
2767,69.175000,300.179889,654.820111,-0.785398,1.272792,-1.272792
2768,69.200000,300.811234,654.188766,-0.785398,1.272792,-1.272792
2769,69.225000,301.442580,653.557420,-0.785398,1.272792,-1.272792
2770,69.250000,302.073925,652.926075,-0.785398,1.272792,-1.272792
2771,69.275000,302.705270,652.294730,-0.785398,1.272792,-1.272792
2772,69.300000,303.336616,651.663384,-0.785398,1.272792,-1.272792
2773,69.325000,303.967961,651.032039,-0.785398,1.272792,-1.272792
2774,69.350000,304.599307,650.400693,-0.785398,1.272792,-1.272792
2775,69.375000,305.230652,649.769348,-0.785398,1.272792,-1.272792
2776,69.400000,305.861997,649.138003,-0.785398,1.272792,-1.272792
2777,69.425000,306.493343,648.506657,-0.785398,1.272792,-1.272792
2778,69.450000,307.124688,647.875312,-0.785398,1.272792,-1.272792
2779,69.475000,307.756033,647.243967,-0.785398,1.272792,-1.272792
2780,69.500000,308.387379,646.612621,-0.785398,1.272792,-1.272792
2781,69.525000,309.018724,645.981276,-0.785398,1.272792,-1.272792
2782,69.550000,309.650069,645.349931,-0.785398,1.272792,-1.272792
2783,69.575000,310.281415,644.718585,-0.785398,1.272792,-1.272792
2784,69.600000,310.912760,644.087240,-0.785398,1.272792,-1.272792
2785,69.625000,311.544105,643.455895,-0.785398,1.272792,-1.272792
2786,69.650000,312.175451,642.824549,-0.785398,1.272792,-1.272792
2787,69.675000,312.806796,642.193204,-0.785398,1.272792,-1.272792
2788,69.700000,313.438141,641.561859,-0.785398,1.272792,-1.272792
2789,69.725000,314.069487,640.930513,-0.785398,1.272792,-1.272792
2790,69.750000,314.700832,640.299168,-0.785398,1.272792,-1.272792
2791,69.775000,315.469770,640.000000,-0.371046,1.677508,-0.652662
2792,69.800000,316.256416,639.743584,-0.315101,1.711377,-0.557842
2793,69.825000,316.887761,639.112239,-0.785398,1.272792,-1.272792
2794,69.850000,317.519107,638.480893,-0.785398,1.272792,-1.272792
2795,69.875000,318.150452,637.849548,-0.785398,1.272792,-1.272792
2796,69.900000,318.781797,637.218203,-0.785398,1.272792,-1.272792
2797,69.925000,319.413143,636.586857,-0.785398,1.272792,-1.272792
2798,69.950000,320.044488,635.955512,-0.785398,1.272792,-1.272792
2799,69.975000,320.675833,635.324167,-0.785398,1.272792,-1.272792
2800,70.000000,321.307179,634.692821,-0.785398,1.272792,-1.272792
2801,70.025000,321.938524,634.061476,-0.785398,1.272792,-1.272792
2802,70.050000,322.569869,633.430131,-0.785398,1.272792,-1.272792
2803,70.075000,323.000000,632.715440,-1.029024,0.928180,-1.542233
2804,70.100000,323.125453,631.874547,-1.422698,0.265603,-1.780296
2805,70.125000,323.756798,631.243202,-0.785398,1.272792,-1.272792
2806,70.150000,324.388144,630.611856,-0.785398,1.272792,-1.272792
2807,70.175000,325.027562,630.000000,-0.763375,1.300513,-1.244455
2808,70.200000,325.920419,630.000000,0.000000,1.800000,0.000000
2809,70.225000,326.575073,629.424927,-0.720774,1.352331,-1.187939
2810,70.250000,327.206418,628.793582,-0.785398,1.272792,-1.272792
2811,70.275000,327.837764,628.162236,-0.785398,1.272792,-1.272792
2812,70.300000,328.000000,627.336580,-1.376775,0.347052,-1.766226
2813,70.325000,328.393348,626.606652,-1.076526,0.853901,-1.584567
2814,70.350000,329.024693,625.975307,-0.785398,1.272792,-1.272792
2815,70.375000,329.656038,625.343962,-0.785398,1.272792,-1.272792
2816,70.400000,330.287384,624.712616,-0.785398,1.272792,-1.272792
2817,70.425000,330.918729,624.081271,-0.785398,1.272792,-1.272792
2818,70.450000,331.550074,623.449926,-0.785398,1.272792,-1.272792
2819,70.475000,332.181420,622.818580,-0.785398,1.272792,-1.272792
2820,70.500000,332.812765,622.187235,-0.785398,1.272792,-1.272792
2821,70.525000,333.444110,621.555890,-0.785398,1.272792,-1.272792
2822,70.550000,334.075456,620.924544,-0.785398,1.272792,-1.272792
2823,70.575000,334.706801,620.293199,-0.785398,1.272792,-1.272792
2824,70.600000,335.338146,619.661854,-0.785398,1.272792,-1.272792
2825,70.625000,335.969492,619.030508,-0.785398,1.272792,-1.272792
2826,70.650000,336.600837,618.399163,-0.785398,1.272792,-1.272792
2827,70.675000,337.232182,617.767818,-0.785398,1.272792,-1.272792
2828,70.700000,337.863528,617.136472,-0.785398,1.272792,-1.272792
2829,70.725000,338.494873,616.505127,-0.785398,1.272792,-1.272792
2830,70.750000,339.126218,615.873782,-0.785398,1.272792,-1.272792
2831,70.775000,339.757564,615.242436,-0.785398,1.272792,-1.272792
2832,70.800000,340.388909,614.611091,-0.785398,1.272792,-1.272792
2833,70.825000,341.020254,613.979746,-0.785398,1.272792,-1.272792
2834,70.850000,341.651600,613.348400,-0.785398,1.272792,-1.272792
2835,70.875000,342.282945,612.717055,-0.785398,1.272792,-1.272792
2836,70.900000,342.914290,612.085710,-0.785398,1.272792,-1.272792
2837,70.925000,343.545636,611.454364,-0.785398,1.272792,-1.272792
2838,70.950000,344.176981,610.823019,-0.785398,1.272792,-1.272792
2839,70.975000,344.808326,610.191674,-0.785398,1.272792,-1.272792
2840,71.000000,345.439672,609.560328,-0.785398,1.272792,-1.272792
2841,71.025000,346.000000,608.899567,-0.867462,1.164175,-1.372842
2842,71.050000,346.000000,608.006709,-1.570796,0.000000,-1.800000
2843,71.075000,346.626601,607.373399,-0.790723,1.265996,-1.279552
2844,71.100000,347.257946,606.742054,-0.785398,1.272792,-1.272792
2845,71.125000,347.889292,606.110708,-0.785398,1.272792,-1.272792
2846,71.150000,348.736292,606.000000,-0.129969,1.784819,-0.233287
2847,71.175000,349.444876,605.555124,-0.560637,1.524449,-0.957107
2848,71.200000,350.000000,604.892207,-0.873665,1.155638,-1.380037
2849,71.225000,350.000460,603.999540,-1.570282,0.000927,-1.800000
2850,71.250000,350.631805,603.368195,-0.785398,1.272792,-1.272792
2851,71.275000,351.263150,602.736850,-0.785398,1.272792,-1.272792
2852,71.300000,351.894496,602.105504,-0.785398,1.272792,-1.272792
2853,71.325000,352.525841,601.474159,-0.785398,1.272792,-1.272792
2854,71.350000,353.157186,600.842814,-0.785398,1.272792,-1.272792
2855,71.375000,353.788532,600.211468,-0.785398,1.272792,-1.272792
2856,71.400000,354.000000,599.406204,-1.313987,0.457192,-1.740970
2857,71.425000,354.344116,598.655884,-1.140793,0.750373,-1.636136
2858,71.450000,354.975461,598.024539,-0.785398,1.272792,-1.272792
2859,71.475000,355.606806,597.393194,-0.785398,1.272792,-1.272792
2860,71.500000,356.000000,596.663203,-1.076726,0.853585,-1.584738
2861,71.525000,356.162390,595.837610,-1.376581,0.347395,-1.766159
2862,71.550000,356.793735,595.206265,-0.785398,1.272792,-1.272792
2863,71.575000,357.425081,594.574919,-0.785398,1.272792,-1.272792
2864,71.600000,358.056426,593.943574,-0.785398,1.272792,-1.272792
2865,71.625000,358.687771,593.312229,-0.785398,1.272792,-1.272792
2866,71.650000,359.000000,592.548701,-1.182616,0.681308,-1.666079
2867,71.675000,359.243355,591.756645,-1.272706,0.528652,-1.720618
2868,71.700000,359.874701,591.125299,-0.785398,1.272792,-1.272792
2869,71.725000,360.506046,590.493954,-0.785398,1.272792,-1.272792
2870,71.750000,361.137391,589.862609,-0.785398,1.272792,-1.272792
2871,71.775000,361.768737,589.231263,-0.785398,1.272792,-1.272792
2872,71.800000,362.400082,588.599918,-0.785398,1.272792,-1.272792
2873,71.825000,363.000000,587.955555,-0.821102,1.226547,-1.317415
2874,71.850000,363.000000,587.062698,-1.570796,0.000000,-1.800000
2875,71.875000,363.587011,586.412989,-0.836052,1.206716,-1.335603
2876,71.900000,364.218357,585.781643,-0.785398,1.272792,-1.272792
2877,71.925000,364.849702,585.150298,-0.785398,1.272792,-1.272792
2878,71.950000,365.481047,584.518953,-0.785398,1.272792,-1.272792
2879,71.975000,366.112393,583.887607,-0.785398,1.272792,-1.272792
2880,72.000000,366.743738,583.256262,-0.785398,1.272792,-1.272792
2881,72.025000,367.375083,582.624917,-0.785398,1.272792,-1.272792
2882,72.050000,368.006429,581.993571,-0.785398,1.272792,-1.272792
2883,72.075000,368.637774,581.362226,-0.785398,1.272792,-1.272792
2884,72.100000,369.269119,580.730881,-0.785398,1.272792,-1.272792
2885,72.125000,369.900465,580.099535,-0.785398,1.272792,-1.272792
2886,72.150000,370.531810,579.468190,-0.785398,1.272792,-1.272792
2887,72.175000,371.163155,578.836845,-0.785398,1.272792,-1.272792
2888,72.200000,371.794501,578.205499,-0.785398,1.272792,-1.272792
2889,72.225000,372.425846,577.574154,-0.785398,1.272792,-1.272792
2890,72.250000,373.057191,576.942809,-0.785398,1.272792,-1.272792
2891,72.275000,373.688537,576.311463,-0.785398,1.272792,-1.272792
2892,72.300000,374.319882,575.680118,-0.785398,1.272792,-1.272792
2893,72.325000,374.951227,575.048773,-0.785398,1.272792,-1.272792
2894,72.350000,375.823882,575.000000,-0.055832,1.797195,-0.100445
2895,72.375000,376.506811,574.493189,-0.638435,1.445453,-1.072691
2896,72.400000,377.138157,573.861843,-0.785398,1.272792,-1.272792
2897,72.425000,377.769502,573.230498,-0.785398,1.272792,-1.272792
2898,72.450000,378.400847,572.599153,-0.785398,1.272792,-1.272792
2899,72.475000,379.032193,571.967807,-0.785398,1.272792,-1.272792
2900,72.500000,379.663538,571.336462,-0.785398,1.272792,-1.272792
2901,72.525000,380.294883,570.705117,-0.785398,1.272792,-1.272792
2902,72.550000,380.926229,570.073771,-0.785398,1.272792,-1.272792
2903,72.575000,381.557574,569.442426,-0.785398,1.272792,-1.272792
2904,72.600000,382.188919,568.811081,-0.785398,1.272792,-1.272792
2905,72.625000,382.820265,568.179735,-0.785398,1.272792,-1.272792
2906,72.650000,383.451610,567.548390,-0.785398,1.272792,-1.272792
2907,72.675000,384.082955,566.917045,-0.785398,1.272792,-1.272792
2908,72.700000,384.714301,566.285699,-0.785398,1.272792,-1.272792
2909,72.725000,385.000000,565.511183,-1.217407,0.622944,-1.688769
2910,72.750000,385.269885,564.730115,-1.238106,0.587856,-1.701301
2911,72.775000,385.901230,564.098770,-0.785398,1.272792,-1.272792
2912,72.800000,386.532575,563.467425,-0.785398,1.272792,-1.272792
2913,72.825000,387.163921,562.836079,-0.785398,1.272792,-1.272792
2914,72.850000,387.795266,562.204734,-0.785398,1.272792,-1.272792
2915,72.875000,388.000000,561.396680,-1.322651,0.442091,-1.744865
2916,72.900000,388.000000,560.503823,-1.570796,0.000000,-1.800000
2917,72.925000,388.275088,559.724912,-1.231300,0.599422,-1.697261
2918,72.950000,388.906434,559.093566,-0.785398,1.272792,-1.272792
2919,72.975000,389.537779,558.462221,-0.785398,1.272792,-1.272792
2920,73.000000,390.000000,557.760822,-0.988121,0.990467,-1.502989
2921,73.025000,390.093363,556.906637,-1.461928,0.195577,-1.789343
2922,73.050000,390.724708,556.275292,-0.785398,1.272792,-1.272792
2923,73.075000,391.356054,555.643946,-0.785398,1.272792,-1.272792
2924,73.100000,391.987399,555.012601,-0.785398,1.272792,-1.272792
2925,73.125000,392.000000,554.124963,-1.556601,0.025550,-1.799819
2926,73.150000,392.542983,553.457017,-0.888230,1.135415,-1.396722
2927,73.175000,393.000000,552.753463,-0.994714,0.980537,-1.509486
2928,73.200000,393.098567,551.901433,-1.455623,0.206853,-1.788075
2929,73.225000,393.729912,551.270088,-0.785398,1.272792,-1.272792
2930,73.250000,394.361258,550.638742,-0.785398,1.272792,-1.272792
2931,73.275000,394.992603,550.007397,-0.785398,1.272792,-1.272792
2932,73.300000,395.623948,549.376052,-0.785398,1.272792,-1.272792
2933,73.325000,396.255294,548.744706,-0.785398,1.272792,-1.272792
2934,73.350000,396.886639,548.113361,-0.785398,1.272792,-1.272792
2935,73.375000,397.000000,547.267460,-1.437578,0.239085,-1.784051
2936,73.400000,397.000000,546.374603,-1.570796,0.000000,-1.800000
2937,73.425000,397.366461,545.633539,-1.111553,0.797886,-1.613498
2938,73.450000,397.997807,545.002193,-0.785398,1.272792,-1.272792
2939,73.475000,398.629152,544.370848,-0.785398,1.272792,-1.272792
2940,73.500000,399.000000,543.631601,-1.105824,0.807116,-1.608902
2941,73.525000,399.184736,542.815264,-1.348246,0.397292,-1.755608
2942,73.550000,399.816081,542.183919,-0.785398,1.272792,-1.272792
2943,73.575000,400.000000,541.367243,-1.349288,0.395463,-1.756021
2944,73.600000,400.000000,540.474386,-1.570796,0.000000,-1.800000
2945,73.625000,400.000000,539.581529,-1.570796,0.000000,-1.800000
2946,73.650000,400.220142,538.779858,-1.302798,0.476643,-1.735745
2947,73.675000,400.851488,538.148512,-0.785398,1.272792,-1.272792
2948,73.700000,401.000000,537.317171,-1.394019,0.316544,-1.771948
2949,73.725000,401.000000,536.424314,-1.570796,0.000000,-1.800000
2950,73.750000,401.331310,535.668690,-1.157581,0.722800,-1.648502
2951,73.775000,401.962655,535.037345,-0.785398,1.272792,-1.272792
2952,73.800000,402.000000,534.159956,-1.528259,0.076545,-1.798372
2953,73.825000,402.518239,533.481761,-0.918304,1.092904,-1.430231
2954,73.850000,403.149585,532.850415,-0.785398,1.272792,-1.272792
2955,73.875000,403.780930,532.219070,-0.785398,1.272792,-1.272792
2956,73.900000,404.000000,531.416955,-1.304183,0.474238,-1.736404
2957,73.925000,404.336514,530.663486,-1.150757,0.734033,-1.643531
2958,73.950000,404.967859,530.032141,-0.785398,1.272792,-1.272792
2959,73.975000,405.599205,529.400795,-0.785398,1.272792,-1.272792
2960,74.000000,406.000000,528.673953,-1.066863,0.869172,-1.576243
2961,74.025000,406.154788,527.845212,-1.386149,0.330481,-1.769402
2962,74.050000,406.786134,527.213866,-0.785398,1.272792,-1.272792
2963,74.075000,407.417479,526.582521,-0.785398,1.272792,-1.272792
2964,74.100000,408.048825,525.951175,-0.785398,1.272792,-1.272792
2965,74.125000,408.680170,525.319830,-0.785398,1.272792,-1.272792
2966,74.150000,409.311515,524.688485,-0.785398,1.272792,-1.272792
2967,74.175000,409.942861,524.057139,-0.785398,1.272792,-1.272792
2968,74.200000,410.574206,523.425794,-0.785398,1.272792,-1.272792
2969,74.225000,411.205551,522.794449,-0.785398,1.272792,-1.272792
2970,74.250000,411.836897,522.163103,-0.785398,1.272792,-1.272792
2971,74.275000,412.468242,521.531758,-0.785398,1.272792,-1.272792
2972,74.300000,413.099587,520.900413,-0.785398,1.272792,-1.272792
2973,74.325000,413.730933,520.269067,-0.785398,1.272792,-1.272792
2974,74.350000,414.362278,519.637722,-0.785398,1.272792,-1.272792
2975,74.375000,414.993623,519.006377,-0.785398,1.272792,-1.272792
2976,74.400000,415.624969,518.375031,-0.785398,1.272792,-1.272792
2977,74.425000,416.256314,517.743686,-0.785398,1.272792,-1.272792
2978,74.450000,416.887659,517.112341,-0.785398,1.272792,-1.272792
2979,74.475000,417.733983,517.000000,-0.131968,1.784349,-0.236854
2980,74.500000,418.443243,516.556757,-0.558554,1.526440,-0.953930
2981,74.525000,419.074589,515.925411,-0.785398,1.272792,-1.272792
2982,74.550000,419.705934,515.294066,-0.785398,1.272792,-1.272792
2983,74.575000,420.337279,514.662721,-0.785398,1.272792,-1.272792
2984,74.600000,420.968625,514.031375,-0.785398,1.272792,-1.272792
2985,74.625000,421.599970,513.400030,-0.785398,1.272792,-1.272792
2986,74.650000,422.231315,512.768685,-0.785398,1.272792,-1.272792
2987,74.675000,422.862661,512.137339,-0.785398,1.272792,-1.272792
2988,74.700000,423.494006,511.505994,-0.785398,1.272792,-1.272792
2989,74.725000,424.177273,511.000000,-0.637426,1.446535,-1.071232
2990,74.750000,425.049590,510.950410,-0.056787,1.797098,-0.102162
2991,74.775000,425.680935,510.319065,-0.785398,1.272792,-1.272792
2992,74.800000,426.312280,509.687720,-0.785398,1.272792,-1.272792
2993,74.825000,426.943626,509.056374,-0.785398,1.272792,-1.272792
2994,74.850000,427.813132,509.000000,-0.064744,1.796229,-0.116458
2995,74.875000,428.499210,508.500790,-0.629029,1.455479,-1.059048
2996,74.900000,429.130555,507.869445,-0.785398,1.272792,-1.272792
2997,74.925000,429.761900,507.238100,-0.785398,1.272792,-1.272792
2998,74.950000,430.393246,506.606754,-0.785398,1.272792,-1.272792
2999,74.975000,431.034777,506.000000,-0.757546,1.307745,-1.236853
3000,75.000000,431.927634,506.000000,0.000000,1.800000,0.000000
3001,75.025000,432.820491,506.000000,0.000000,1.800000,0.000000
3002,75.050000,433.504414,505.495586,-0.635473,1.448624,-1.068405
3003,75.075000,434.135759,504.864241,-0.785398,1.272792,-1.272792
3004,75.100000,434.767104,504.232896,-0.785398,1.272792,-1.272792
3005,75.125000,435.563493,504.000000,-0.284507,1.727640,-0.505231
3006,75.150000,436.322688,503.677312,-0.401904,1.656572,-0.704109
3007,75.175000,436.954033,503.045967,-0.785398,1.272792,-1.272792
3008,75.200000,437.827851,503.000000,-0.052556,1.797515,-0.094557
3009,75.225000,438.509617,502.490383,-0.641896,1.441732,-1.077687
3010,75.250000,439.140963,501.859037,-0.785398,1.272792,-1.272792
3011,75.275000,439.772308,501.227692,-0.785398,1.272792,-1.272792
3012,75.300000,440.403653,500.596347,-0.785398,1.272792,-1.272792
3013,75.325000,441.034999,499.965001,-0.785398,1.272792,-1.272792
3014,75.350000,441.666344,499.333656,-0.785398,1.272792,-1.272792
3015,75.375000,442.297689,498.702311,-0.785398,1.272792,-1.272792
3016,75.400000,442.929035,498.070965,-0.785398,1.272792,-1.272792
3017,75.425000,443.000000,497.207503,-1.488794,0.147439,-1.793951
3018,75.450000,443.484619,496.515381,-0.959941,1.032423,-1.474484
3019,75.475000,444.000000,495.836002,-0.921810,1.087883,-1.434054
3020,75.500000,444.040203,494.959797,-1.524946,0.082502,-1.798108
3021,75.525000,444.671548,494.328452,-0.785398,1.272792,-1.272792
3022,75.550000,445.000000,493.571644,-1.161330,0.716616,-1.651200
3023,75.575000,445.227132,492.772868,-1.293759,0.492313,-1.731366
3024,75.600000,445.858477,492.141523,-0.785398,1.272792,-1.272792
3025,75.625000,446.489822,491.510178,-0.785398,1.272792,-1.272792
3026,75.650000,447.121168,490.878832,-0.785398,1.272792,-1.272792
3027,75.675000,447.752513,490.247487,-0.785398,1.272792,-1.272792
3028,75.700000,448.000000,489.457142,-1.267330,0.537893,-1.717752
3029,75.725000,448.308097,488.691903,-1.188037,0.672266,-1.669748
3030,75.750000,448.939442,488.060558,-0.785398,1.272792,-1.272792
3031,75.775000,449.000000,487.192784,-1.501124,0.125308,-1.795633
3032,75.800000,449.495026,486.504974,-0.946962,1.051472,-1.460961
3033,75.825000,450.000000,485.821284,-0.934631,1.069407,-1.447884
3034,75.850000,450.000000,484.928426,-1.570796,0.000000,-1.800000
3035,75.875000,450.000000,484.035569,-1.570796,0.000000,-1.800000
3036,75.900000,450.606194,483.393806,-0.813892,1.236013,-1.308538
3037,75.925000,451.000000,482.664069,-1.075931,0.854844,-1.584059
3038,75.950000,451.000000,481.771211,-1.570796,0.000000,-1.800000
3039,75.975000,451.000000,480.878354,-1.570796,0.000000,-1.800000
3040,76.000000,451.000000,479.985497,-1.570796,0.000000,-1.800000
3041,76.025000,451.000000,479.092640,-1.570796,0.000000,-1.800000
3042,76.050000,451.565839,478.434161,-0.860921,1.173131,-1.365197
3043,76.075000,452.000000,477.721139,-1.023856,0.936137,-1.537416
3044,76.100000,452.121423,476.878577,-1.427670,0.256748,-1.781595
3045,76.125000,452.752768,476.247232,-0.785398,1.272792,-1.272792
3046,76.150000,453.384114,475.615886,-0.785398,1.272792,-1.272792
3047,76.175000,454.000000,474.978138,-0.802835,1.250406,-1.294792
3048,76.200000,454.000000,474.085281,-1.570796,0.000000,-1.800000
3049,76.225000,454.571043,473.428957,-0.854769,1.181507,-1.357955
3050,76.250000,455.202388,472.797612,-0.785398,1.272792,-1.272792
3051,76.275000,455.833733,472.166267,-0.785398,1.272792,-1.272792
3052,76.300000,456.000000,471.342279,-1.371687,0.356033,-1.764438
3053,76.325000,456.389317,470.610683,-1.081763,0.845592,-1.589017
3054,76.350000,457.000000,469.970778,-0.808760,1.242713,-1.302177
3055,76.375000,457.000000,469.077921,-1.570796,0.000000,-1.800000
3056,76.400000,457.000000,468.185064,-1.570796,0.000000,-1.800000
3057,76.425000,457.500485,467.499515,-0.940186,1.061348,-1.453802
3058,76.450000,458.000000,466.813563,-0.941389,1.059598,-1.455078
3059,76.475000,458.056069,465.943931,-1.506411,0.115814,-1.796270
3060,76.500000,458.687414,465.312586,-0.785398,1.272792,-1.272792
3061,76.525000,459.000000,464.549206,-1.182148,0.682088,-1.665760
3062,76.550000,459.242998,463.757002,-1.273170,0.527853,-1.720864
3063,76.575000,459.874344,463.125656,-0.785398,1.272792,-1.272792
3064,76.600000,460.000000,462.284848,-1.422447,0.266050,-1.780230
3065,76.625000,460.429928,461.570072,-1.029285,0.927778,-1.542475
3066,76.650000,461.000000,460.913347,-0.855915,1.179951,-1.359307
3067,76.675000,461.000000,460.020490,-1.570796,0.000000,-1.800000
3068,76.700000,461.616857,459.383143,-0.801734,1.251832,-1.293413
3069,76.725000,462.000000,458.648989,-1.089795,0.832800,-1.595758
3070,76.750000,462.000000,457.756132,-1.570796,0.000000,-1.800000
3071,76.775000,462.096679,456.903321,-1.457913,0.202759,-1.788544
3072,76.800000,462.728025,456.271975,-0.785398,1.272792,-1.272792
3073,76.825000,463.000000,455.491774,-1.235372,0.592505,-1.699688
3074,76.850000,463.000000,454.598917,-1.570796,0.000000,-1.800000
3075,76.875000,463.207847,453.792153,-1.318649,0.449071,-1.743082
3076,76.900000,463.839192,453.160808,-0.785398,1.272792,-1.272792
3077,76.925000,464.000000,452.334559,-1.378576,0.343871,-1.766848
3078,76.950000,464.394776,451.605224,-1.074671,0.856839,-1.582980
3079,76.975000,465.026122,450.973878,-0.785398,1.272792,-1.272792
3080,77.000000,465.657467,450.342533,-0.785398,1.272792,-1.272792
3081,77.025000,466.000000,449.591558,-1.142867,0.746978,-1.637688
3082,77.050000,466.213051,448.786949,-1.311948,0.460741,-1.740034
3083,77.075000,466.844396,448.155604,-0.785398,1.272792,-1.272792
3084,77.100000,467.000000,447.327200,-1.385124,0.332293,-1.769062
3085,77.125000,467.399980,446.600020,-1.067920,0.867506,-1.577160
3086,77.150000,468.000000,445.955699,-0.820985,1.226701,-1.317271
3087,77.175000,468.000000,445.062842,-1.570796,0.000000,-1.800000
3088,77.200000,468.000000,444.169985,-1.570796,0.000000,-1.800000
3089,77.225000,468.511148,443.488852,-0.927015,1.080404,-1.439697
3090,77.250000,469.000000,442.798484,-0.954652,1.040206,-1.469003
3091,77.275000,469.000000,441.905627,-1.570796,0.000000,-1.800000
3092,77.300000,469.000000,441.012770,-1.570796,0.000000,-1.800000
3093,77.325000,469.622316,440.377684,-0.795554,1.259801,-1.285652
3094,77.350000,470.253661,439.746339,-0.785398,1.272792,-1.272792
3095,77.375000,470.885006,439.114994,-0.785398,1.272792,-1.272792
3096,77.400000,471.000000,438.269768,-1.435576,0.242656,-1.783569
3097,77.425000,471.000000,437.376911,-1.570796,0.000000,-1.800000
3098,77.450000,471.364829,436.635171,-1.113686,0.794443,-1.615197
3099,77.475000,471.996174,436.003826,-0.785398,1.272792,-1.272792
3100,77.500000,472.000000,435.112553,-1.566504,0.007726,-1.799983
3101,77.525000,472.000000,434.219696,-1.570796,0.000000,-1.800000
3102,77.550000,472.000000,433.326839,-1.570796,0.000000,-1.800000
3103,77.575000,472.000000,432.433982,-1.570796,0.000000,-1.800000
3104,77.600000,472.324474,431.675526,-1.166549,0.707988,-1.654918
3105,77.625000,472.955819,431.044181,-0.785398,1.272792,-1.272792
3106,77.650000,473.000000,430.169624,-1.520321,0.090817,-1.797708
3107,77.675000,473.511403,429.488597,-0.926701,1.080856,-1.439358
3108,77.700000,474.000000,428.798123,-0.954971,1.039739,-1.469334
3109,77.725000,474.066987,427.933013,-1.493519,0.138961,-1.794628
3110,77.750000,474.698332,427.301668,-0.785398,1.272792,-1.272792
3111,77.775000,475.000000,426.533765,-1.196472,0.658159,-1.675359
3112,77.800000,475.000000,425.640908,-1.570796,0.000000,-1.800000
3113,77.825000,475.178155,424.821845,-1.356622,0.382573,-1.758874
3114,77.850000,475.809500,424.190500,-0.785398,1.272792,-1.272792
3115,77.875000,476.000000,423.376550,-1.340891,0.410194,-1.752638
3116,77.900000,476.000000,422.483693,-1.570796,0.000000,-1.800000
3117,77.925000,476.000000,421.590836,-1.570796,0.000000,-1.800000
3118,77.950000,476.000000,420.697979,-1.570796,0.000000,-1.800000
3119,77.975000,476.000000,419.805122,-1.570796,0.000000,-1.800000
3120,78.000000,476.000000,418.912265,-1.570796,0.000000,-1.800000
3121,78.025000,476.000000,418.019408,-1.570796,0.000000,-1.800000
3122,78.050000,476.000000,417.126550,-1.570796,0.000000,-1.800000
3123,78.075000,476.000000,416.233693,-1.570796,0.000000,-1.800000
3124,78.100000,476.000000,415.340836,-1.570796,0.000000,-1.800000
3125,78.125000,476.000000,414.447979,-1.570796,0.000000,-1.800000
3126,78.150000,476.000000,413.555122,-1.570796,0.000000,-1.800000
3127,78.175000,476.000000,412.662265,-1.570796,0.000000,-1.800000
3128,78.200000,476.000000,411.769408,-1.570796,0.000000,-1.800000
3129,78.225000,476.000000,410.876550,-1.570796,0.000000,-1.800000
3130,78.250000,476.000000,409.983693,-1.570796,0.000000,-1.800000
3131,78.275000,476.000000,409.090836,-1.570796,0.000000,-1.800000
3132,78.300000,476.000000,408.197979,-1.570796,0.000000,-1.800000
3133,78.325000,476.000000,407.305122,-1.570796,0.000000,-1.800000
3134,78.350000,476.000000,406.412265,-1.570796,0.000000,-1.800000
3135,78.375000,476.000000,405.519408,-1.570796,0.000000,-1.800000
3136,78.400000,476.000000,404.626550,-1.570796,0.000000,-1.800000
3137,78.425000,476.000000,403.733693,-1.570796,0.000000,-1.800000
3138,78.450000,476.000000,402.840836,-1.570796,0.000000,-1.800000
3139,78.475000,476.000000,401.947979,-1.570796,0.000000,-1.800000
3140,78.500000,476.000000,401.055122,-1.570796,0.000000,-1.800000
3141,78.525000,476.000000,400.162265,-1.570796,0.000000,-1.800000
3142,78.550000,476.000000,399.269408,-1.570796,0.000000,-1.800000
3143,78.575000,476.000000,398.376550,-1.570796,0.000000,-1.800000
3144,78.600000,476.000000,397.483693,-1.570796,0.000000,-1.800000
3145,78.625000,476.000000,396.590836,-1.570796,0.000000,-1.800000
3146,78.650000,476.000000,395.697979,-1.570796,0.000000,-1.800000
3147,78.675000,476.000000,394.805122,-1.570796,0.000000,-1.800000
3148,78.700000,476.000000,393.912265,-1.570796,0.000000,-1.800000
3149,78.725000,476.000000,393.019408,-1.570796,0.000000,-1.800000
3150,78.750000,476.617622,392.382378,-0.800865,1.252954,-1.292326
3151,78.775000,477.000000,391.647907,-1.090792,0.831210,-1.596587
3152,78.800000,477.000000,390.755050,-1.570796,0.000000,-1.800000
3153,78.825000,477.000000,389.862193,-1.570796,0.000000,-1.800000
3154,78.850000,477.000000,388.969335,-1.570796,0.000000,-1.800000
3155,78.875000,477.000000,388.076478,-1.570796,0.000000,-1.800000
3156,78.900000,477.000000,387.183621,-1.570796,0.000000,-1.800000
3157,78.925000,477.501506,386.498494,-0.938922,1.063185,-1.452459
3158,78.950000,478.000000,385.812120,-0.942655,1.057756,-1.456418
3159,78.975000,478.000000,384.919263,-1.570796,0.000000,-1.800000
3160,79.000000,478.000000,384.026406,-1.570796,0.000000,-1.800000
3161,79.025000,478.612673,383.387327,-0.806490,1.245665,-1.299353
3162,79.050000,479.000000,382.654905,-1.084351,0.841475,-1.591201
3163,79.075000,479.000000,381.762048,-1.570796,0.000000,-1.800000
3164,79.100000,479.000000,380.869191,-1.570796,0.000000,-1.800000
3165,79.125000,479.000000,379.976334,-1.570796,0.000000,-1.800000
3166,79.150000,479.000000,379.083477,-1.570796,0.000000,-1.800000
3167,79.175000,479.000000,378.190620,-1.570796,0.000000,-1.800000
3168,79.200000,479.496557,377.503443,-0.945060,1.054249,-1.458958
3169,79.225000,480.000000,376.819119,-0.936524,1.066665,-1.449905
3170,79.250000,480.000000,375.926262,-1.570796,0.000000,-1.800000
3171,79.275000,480.000000,375.033405,-1.570796,0.000000,-1.800000
3172,79.300000,480.000000,374.140548,-1.570796,0.000000,-1.800000
3173,79.325000,480.000000,373.247690,-1.570796,0.000000,-1.800000
3174,79.350000,480.456202,372.543798,-0.995749,0.978975,-1.510500
3175,79.375000,481.000000,371.876190,-0.887248,1.136786,-1.395606
3176,79.400000,481.000000,370.983333,-1.570796,0.000000,-1.800000
3177,79.425000,481.000000,370.090475,-1.570796,0.000000,-1.800000
3178,79.450000,481.567370,369.432630,-0.859109,1.175603,-1.363070
3179,79.475000,482.000000,368.718975,-1.025818,0.933119,-1.539249
3180,79.500000,482.000000,367.826118,-1.570796,0.000000,-1.800000
3181,79.525000,482.000000,366.933260,-1.570796,0.000000,-1.800000
3182,79.550000,482.000000,366.040403,-1.570796,0.000000,-1.800000
3183,79.575000,482.602776,365.397224,-0.817814,1.230872,-1.313375
3184,79.600000,483.000000,364.668903,-1.071494,0.861863,-1.580251
3185,79.625000,483.000000,363.776045,-1.570796,0.000000,-1.800000
3186,79.650000,483.082598,362.917402,-1.474895,0.172358,-1.791729
3187,79.675000,483.713944,362.286056,-0.785398,1.272792,-1.272792
3188,79.700000,484.000000,361.511688,-1.216939,0.623733,-1.688478
3189,79.725000,484.000000,360.618830,-1.570796,0.000000,-1.800000
3190,79.750000,484.193766,359.806234,-1.336714,0.417510,-1.750910
3191,79.775000,484.825112,359.174888,-0.785398,1.272792,-1.272792
3192,79.800000,485.000000,358.354473,-1.360770,0.375275,-1.760446
3193,79.825000,485.000000,357.461615,-1.570796,0.000000,-1.800000
3194,79.850000,485.000000,356.568758,-1.570796,0.000000,-1.800000
3195,79.875000,485.229173,355.770827,-1.291116,0.496888,-1.730059
3196,79.900000,485.860518,355.139482,-0.785398,1.272792,-1.272792
3197,79.925000,486.000000,354.304400,-1.405296,0.296542,-1.775405
3198,79.950000,486.000000,353.411543,-1.570796,0.000000,-1.800000
3199,79.975000,486.000000,352.518686,-1.570796,0.000000,-1.800000
3200,80.000000,486.000000,351.625829,-1.570796,0.000000,-1.800000
3201,80.025000,486.188817,350.811183,-1.343040,0.406427,-1.753516
3202,80.050000,486.820163,350.179837,-0.785398,1.272792,-1.272792
3203,80.075000,487.000000,349.361471,-1.354483,0.386335,-1.758052
3204,80.100000,487.375747,348.624253,-1.099433,0.817382,-1.603710
3205,80.125000,488.000000,347.989970,-0.793367,1.262609,-1.282895
3206,80.150000,488.000000,347.097113,-1.570796,0.000000,-1.800000
3207,80.175000,488.000000,346.204256,-1.570796,0.000000,-1.800000
3208,80.200000,488.000000,345.311399,-1.570796,0.000000,-1.800000
3209,80.225000,488.411153,344.588847,-1.053461,0.890219,-1.564452
3210,80.250000,489.000000,343.939898,-0.833916,1.209566,-1.333023
3211,80.275000,489.000000,343.047041,-1.570796,0.000000,-1.800000
3212,80.300000,489.000000,342.154184,-1.570796,0.000000,-1.800000
3213,80.325000,489.522321,341.477679,-0.913308,1.100035,-1.424754
3214,80.350000,490.000000,340.782683,-0.968637,1.019563,-1.483406
3215,80.375000,490.000000,339.889826,-1.570796,0.000000,-1.800000
3216,80.400000,490.002143,338.997857,-1.568393,0.004325,-1.799995
3217,80.425000,490.633489,338.366511,-0.785398,1.272792,-1.272792
3218,80.450000,491.000000,337.625468,-1.111487,0.797992,-1.613446
3219,80.475000,491.189073,336.810927,-1.342714,0.406998,-1.753383
3220,80.500000,491.820418,336.179582,-0.785398,1.272792,-1.272792
3221,80.525000,492.451763,335.548237,-0.785398,1.272792,-1.272792
3222,80.550000,493.083109,334.916891,-0.785398,1.272792,-1.272792
3223,80.575000,493.714454,334.285546,-0.785398,1.272792,-1.272792
3224,80.600000,494.345799,333.654201,-0.785398,1.272792,-1.272792
3225,80.625000,494.977145,333.022855,-0.785398,1.272792,-1.272792
3226,80.650000,495.860535,333.000000,-0.025867,1.799398,-0.046555
3227,80.675000,496.753392,333.000000,0.000000,1.800000,0.000000
3228,80.700000,497.646249,333.000000,0.000000,1.800000,0.000000
3229,80.725000,498.539106,333.000000,0.000000,1.800000,0.000000
3230,80.750000,499.431963,333.000000,0.000000,1.800000,0.000000
3231,80.775000,500.324820,333.000000,0.000000,1.800000,0.000000
3232,80.800000,501.217678,333.000000,0.000000,1.800000,0.000000
3233,80.825000,502.110535,333.000000,0.000000,1.800000,0.000000
3234,80.850000,503.003392,333.000000,0.000000,1.800000,0.000000
3235,80.875000,503.896249,333.000000,0.000000,1.800000,0.000000
3236,80.900000,504.789106,333.000000,0.000000,1.800000,0.000000
3237,80.925000,505.681963,333.000000,0.000000,1.800000,0.000000
3238,80.950000,506.574820,333.000000,0.000000,1.800000,0.000000
3239,80.975000,507.467678,333.000000,0.000000,1.800000,0.000000
3240,81.000000,508.360535,333.000000,0.000000,1.800000,0.000000
3241,81.025000,509.253392,333.000000,0.000000,1.800000,0.000000
3242,81.050000,510.146249,333.000000,0.000000,1.800000,0.000000
3243,81.075000,511.039106,333.000000,0.000000,1.800000,0.000000
3244,81.100000,511.931963,333.000000,0.000000,1.800000,0.000000
3245,81.125000,512.824820,333.000000,0.000000,1.800000,0.000000
3246,81.150000,513.717678,333.000000,0.000000,1.800000,0.000000
3247,81.175000,514.610535,333.000000,0.000000,1.800000,0.000000
3248,81.200000,515.503392,333.000000,0.000000,1.800000,0.000000
3249,81.225000,516.396249,333.000000,0.000000,1.800000,0.000000
3250,81.250000,517.289106,333.000000,0.000000,1.800000,0.000000
3251,81.275000,518.181963,333.000000,0.000000,1.800000,0.000000
3252,81.300000,519.074820,333.000000,0.000000,1.800000,0.000000
3253,81.325000,519.967678,333.000000,0.000000,1.800000,0.000000
3254,81.350000,520.860535,333.000000,0.000000,1.800000,0.000000
3255,81.375000,521.753392,333.000000,0.000000,1.800000,0.000000
3256,81.400000,522.646249,333.000000,0.000000,1.800000,0.000000
3257,81.425000,523.539106,333.000000,0.000000,1.800000,0.000000
3258,81.450000,524.431963,333.000000,0.000000,1.800000,0.000000
3259,81.475000,525.324820,333.000000,0.000000,1.800000,0.000000
3260,81.500000,526.217678,333.000000,0.000000,1.800000,0.000000
3261,81.525000,527.110535,333.000000,0.000000,1.800000,0.000000
3262,81.550000,528.003392,333.000000,0.000000,1.800000,0.000000
3263,81.575000,528.896249,333.000000,0.000000,1.800000,0.000000
3264,81.600000,529.789106,333.000000,0.000000,1.800000,0.000000
3265,81.625000,530.482221,332.517779,-0.607855,1.477575,-1.027994
3266,81.650000,531.160607,332.000000,-0.651928,1.430848,-1.092097
3267,81.675000,532.053464,332.000000,0.000000,1.800000,0.000000
3268,81.700000,532.946321,332.000000,0.000000,1.800000,0.000000
3269,81.725000,533.839178,332.000000,0.000000,1.800000,0.000000
3270,81.750000,534.732035,332.000000,0.000000,1.800000,0.000000
3271,81.775000,535.624893,332.000000,0.000000,1.800000,0.000000
3272,81.800000,536.517750,332.000000,0.000000,1.800000,0.000000
3273,81.825000,537.290343,331.709657,-0.359475,1.684947,-0.633208
3274,81.850000,537.921688,331.078312,-0.785398,1.272792,-1.272792
3275,81.875000,538.782108,331.000000,-0.090766,1.792591,-0.163154
3276,81.900000,539.674965,331.000000,0.000000,1.800000,0.000000
3277,81.925000,540.567822,331.000000,0.000000,1.800000,0.000000
3278,81.950000,541.460679,331.000000,0.000000,1.800000,0.000000
3279,81.975000,542.249988,330.750012,-0.306722,1.715991,-0.543484
3280,82.000000,542.881333,330.118667,-0.785398,1.272792,-1.272792
3281,82.025000,543.725037,330.000000,-0.139733,1.782456,-0.250702
3282,82.050000,544.617894,330.000000,0.000000,1.800000,0.000000
3283,82.075000,545.510751,330.000000,0.000000,1.800000,0.000000
3284,82.100000,546.403608,330.000000,0.000000,1.800000,0.000000
3285,82.125000,547.296465,330.000000,0.000000,1.800000,0.000000
3286,82.150000,548.189323,330.000000,0.000000,1.800000,0.000000
3287,82.175000,549.058110,329.941890,-0.066787,1.795987,-0.120127
3288,82.200000,549.689455,329.310545,-0.785398,1.272792,-1.272792
3289,82.225000,550.453680,329.000000,-0.385971,1.667580,-0.677625
3290,82.250000,551.346538,329.000000,0.000000,1.800000,0.000000
3291,82.275000,552.239395,329.000000,0.000000,1.800000,0.000000
3292,82.300000,553.093516,328.906484,-0.109054,1.789307,-0.195908
3293,82.325000,553.724862,328.275138,-0.785398,1.272792,-1.272792
3294,82.350000,554.503753,328.000000,-0.339562,1.697221,-0.599533
3295,82.375000,555.396610,328.000000,0.000000,1.800000,0.000000
3296,82.400000,556.289467,328.000000,0.000000,1.800000,0.000000
3297,82.425000,557.128923,327.871077,-0.152388,1.779140,-0.273238
3298,82.450000,557.760268,327.239732,-0.785398,1.272792,-1.272792
3299,82.475000,558.553825,327.000000,-0.293381,1.723089,-0.520542
3300,82.500000,559.446682,327.000000,0.000000,1.800000,0.000000
3301,82.525000,560.339539,327.000000,0.000000,1.800000,0.000000
3302,82.550000,561.232396,327.000000,0.000000,1.800000,0.000000
3303,82.575000,562.088567,326.911433,-0.103079,1.790446,-0.185214
3304,82.600000,562.719913,326.280087,-0.785398,1.272792,-1.272792
3305,82.625000,563.496754,326.000000,-0.346039,1.693302,-0.610514
3306,82.650000,564.389611,326.000000,0.000000,1.800000,0.000000
3307,82.675000,565.282468,326.000000,0.000000,1.800000,0.000000
3308,82.700000,566.175326,326.000000,0.000000,1.800000,0.000000
3309,82.725000,567.048212,325.951788,-0.055177,1.797261,-0.099269
3310,82.750000,567.679558,325.320442,-0.785398,1.272792,-1.272792
3311,82.775000,568.439683,325.000000,-0.398957,1.658640,-0.699224
3312,82.800000,569.332541,325.000000,0.000000,1.800000,0.000000
3313,82.825000,570.225398,325.000000,0.000000,1.800000,0.000000
3314,82.850000,571.118255,325.000000,0.000000,1.800000,0.000000
3315,82.875000,572.007857,324.992143,-0.008832,1.799930,-0.015898
3316,82.900000,572.639203,324.360797,-0.785398,1.272792,-1.272792
3317,82.925000,573.382613,324.000000,-0.451841,1.619361,-0.785920
3318,82.950000,574.275470,324.000000,0.000000,1.800000,0.000000
3319,82.975000,575.168327,324.000000,0.000000,1.800000,0.000000
3320,83.000000,576.061184,324.000000,0.000000,1.800000,0.000000
3321,83.025000,576.954041,324.000000,0.000000,1.800000,0.000000
3322,83.050000,577.846898,324.000000,0.000000,1.800000,0.000000
3323,83.075000,578.739756,324.000000,0.000000,1.800000,0.000000
3324,83.100000,579.632613,324.000000,0.000000,1.800000,0.000000
3325,83.125000,580.525470,324.000000,0.000000,1.800000,0.000000
3326,83.150000,581.295802,323.704198,-0.366631,1.680372,-0.645251
3327,83.175000,581.927147,323.072853,-0.785398,1.272792,-1.272792
3328,83.200000,582.789828,323.000000,-0.084249,1.793616,-0.151470
3329,83.225000,583.682685,323.000000,0.000000,1.800000,0.000000
3330,83.250000,584.575542,323.000000,0.000000,1.800000,0.000000
3331,83.275000,585.468399,323.000000,0.000000,1.800000,0.000000
3332,83.300000,586.361256,323.000000,0.000000,1.800000,0.000000
3333,83.325000,587.254113,323.000000,0.000000,1.800000,0.000000
3334,83.350000,588.146971,323.000000,0.000000,1.800000,0.000000
3335,83.375000,589.039828,323.000000,0.000000,1.800000,0.000000
3336,83.400000,589.932685,323.000000,0.000000,1.800000,0.000000
3337,83.425000,590.825542,323.000000,0.000000,1.800000,0.000000
3338,83.450000,591.718399,323.000000,0.000000,1.800000,0.000000
3339,83.475000,592.611256,323.000000,0.000000,1.800000,0.000000
3340,83.500000,593.504113,323.000000,0.000000,1.800000,0.000000
3341,83.525000,594.396971,323.000000,0.000000,1.800000,0.000000
3342,83.550000,595.289828,323.000000,0.000000,1.800000,0.000000
3343,83.575000,596.182685,323.000000,0.000000,1.800000,0.000000
3344,83.600000,597.075542,323.000000,0.000000,1.800000,0.000000
3345,83.625000,597.968399,323.000000,0.000000,1.800000,0.000000
3346,83.650000,598.861256,323.000000,0.000000,1.800000,0.000000
3347,83.675000,599.754113,323.000000,0.000000,1.800000,0.000000
3348,83.700000,600.646971,323.000000,0.000000,1.800000,0.000000
3349,83.725000,601.539828,323.000000,0.000000,1.800000,0.000000
3350,83.750000,602.432685,323.000000,0.000000,1.800000,0.000000
3351,83.775000,603.325542,323.000000,0.000000,1.800000,0.000000
3352,83.800000,604.218399,323.000000,0.000000,1.800000,0.000000
3353,83.825000,605.111256,323.000000,0.000000,1.800000,0.000000
3354,83.850000,606.004113,323.000000,0.000000,1.800000,0.000000
3355,83.875000,606.896971,323.000000,0.000000,1.800000,0.000000
3356,83.900000,607.789828,323.000000,0.000000,1.800000,0.000000
3357,83.925000,608.682685,323.000000,0.000000,1.800000,0.000000
3358,83.950000,609.575542,323.000000,0.000000,1.800000,0.000000
3359,83.975000,610.468399,323.000000,0.000000,1.800000,0.000000
3360,84.000000,611.255447,322.744553,-0.313837,1.712081,-0.555679
3361,84.025000,611.886792,322.113208,-0.785398,1.272792,-1.272792
3362,84.050000,612.732757,322.000000,-0.133031,1.784096,-0.238750
3363,84.075000,613.625614,322.000000,0.000000,1.800000,0.000000
3364,84.100000,614.518471,322.000000,0.000000,1.800000,0.000000
3365,84.125000,615.411328,322.000000,0.000000,1.800000,0.000000
3366,84.150000,616.304186,322.000000,0.000000,1.800000,0.000000
3367,84.175000,617.197043,322.000000,0.000000,1.800000,0.000000
3368,84.200000,618.089900,322.000000,0.000000,1.800000,0.000000
3369,84.225000,618.982757,322.000000,0.000000,1.800000,0.000000
3370,84.250000,619.875614,322.000000,0.000000,1.800000,0.000000
3371,84.275000,620.768471,322.000000,0.000000,1.800000,0.000000
3372,84.300000,621.661328,322.000000,0.000000,1.800000,0.000000
3373,84.325000,622.554186,322.000000,0.000000,1.800000,0.000000
3374,84.350000,623.447043,322.000000,0.000000,1.800000,0.000000
3375,84.375000,624.339900,322.000000,0.000000,1.800000,0.000000
3376,84.400000,625.232757,322.000000,0.000000,1.800000,0.000000
3377,84.425000,626.125614,322.000000,0.000000,1.800000,0.000000
3378,84.450000,627.018471,322.000000,0.000000,1.800000,0.000000
3379,84.475000,627.911328,322.000000,0.000000,1.800000,0.000000
3380,84.500000,628.804186,322.000000,0.000000,1.800000,0.000000
3381,84.525000,629.697043,322.000000,0.000000,1.800000,0.000000
3382,84.550000,630.589900,322.000000,0.000000,1.800000,0.000000
3383,84.575000,631.482757,322.000000,0.000000,1.800000,0.000000
3384,84.600000,632.375614,322.000000,0.000000,1.800000,0.000000
3385,84.625000,633.268471,322.000000,0.000000,1.800000,0.000000
3386,84.650000,634.161328,322.000000,0.000000,1.800000,0.000000
3387,84.675000,635.054186,322.000000,0.000000,1.800000,0.000000
3388,84.700000,635.947043,322.000000,0.000000,1.800000,0.000000
3389,84.725000,636.839900,322.000000,0.000000,1.800000,0.000000
3390,84.750000,637.732757,322.000000,0.000000,1.800000,0.000000
3391,84.775000,638.625614,322.000000,0.000000,1.800000,0.000000
3392,84.800000,639.518471,322.000000,0.000000,1.800000,0.000000
3393,84.825000,640.411328,322.000000,0.000000,1.800000,0.000000
3394,84.850000,641.304186,322.000000,0.000000,1.800000,0.000000
3395,84.875000,642.197043,322.000000,0.000000,1.800000,0.000000
3396,84.900000,643.089900,322.000000,0.000000,1.800000,0.000000
3397,84.925000,643.982757,322.000000,0.000000,1.800000,0.000000
3398,84.950000,644.875614,322.000000,0.000000,1.800000,0.000000
3399,84.975000,645.768471,322.000000,0.000000,1.800000,0.000000
3400,85.000000,646.661328,322.000000,0.000000,1.800000,0.000000
3401,85.025000,647.554186,322.000000,0.000000,1.800000,0.000000
3402,85.050000,648.447043,322.000000,0.000000,1.800000,0.000000
3403,85.075000,649.339900,322.000000,0.000000,1.800000,0.000000
3404,85.100000,650.232757,322.000000,0.000000,1.800000,0.000000
3405,85.125000,651.125614,322.000000,0.000000,1.800000,0.000000
3406,85.150000,652.018471,322.000000,0.000000,1.800000,0.000000
3407,85.175000,652.911328,322.000000,0.000000,1.800000,0.000000
3408,85.200000,653.804186,322.000000,0.000000,1.800000,0.000000
3409,85.225000,654.697043,322.000000,0.000000,1.800000,0.000000
3410,85.250000,655.589900,322.000000,0.000000,1.800000,0.000000
3411,85.275000,656.482757,322.000000,0.000000,1.800000,0.000000
3412,85.300000,657.375614,322.000000,0.000000,1.800000,0.000000
3413,85.325000,658.268471,322.000000,0.000000,1.800000,0.000000
3414,85.350000,659.161328,322.000000,0.000000,1.800000,0.000000
3415,85.375000,660.054186,322.000000,0.000000,1.800000,0.000000
3416,85.400000,660.947043,322.000000,0.000000,1.800000,0.000000
3417,85.425000,661.839900,322.000000,0.000000,1.800000,0.000000
3418,85.450000,662.732757,322.000000,0.000000,1.800000,0.000000
3419,85.475000,663.625614,322.000000,0.000000,1.800000,0.000000
3420,85.500000,664.518471,322.000000,0.000000,1.800000,0.000000
3421,85.525000,665.411328,322.000000,0.000000,1.800000,0.000000
3422,85.550000,666.304186,322.000000,0.000000,1.800000,0.000000
3423,85.575000,667.197043,322.000000,0.000000,1.800000,0.000000
3424,85.600000,668.089900,322.000000,0.000000,1.800000,0.000000
3425,85.625000,668.982757,322.000000,0.000000,1.800000,0.000000
3426,85.650000,669.875614,322.000000,0.000000,1.800000,0.000000
3427,85.675000,670.768471,322.000000,0.000000,1.800000,0.000000
3428,85.700000,671.661328,322.000000,0.000000,1.800000,0.000000
3429,85.725000,672.554186,322.000000,0.000000,1.800000,0.000000
3430,85.750000,673.447043,322.000000,0.000000,1.800000,0.000000
3431,85.775000,674.339900,322.000000,0.000000,1.800000,0.000000
3432,85.800000,675.232757,322.000000,0.000000,1.800000,0.000000
3433,85.825000,676.125614,322.000000,0.000000,1.800000,0.000000
3434,85.850000,677.018471,322.000000,0.000000,1.800000,0.000000
3435,85.875000,677.911328,322.000000,0.000000,1.800000,0.000000
3436,85.900000,678.804186,322.000000,0.000000,1.800000,0.000000
3437,85.925000,679.697043,322.000000,0.000000,1.800000,0.000000
3438,85.950000,680.589900,322.000000,0.000000,1.800000,0.000000
3439,85.975000,681.482757,322.000000,0.000000,1.800000,0.000000
3440,86.000000,682.375614,322.000000,0.000000,1.800000,0.000000
3441,86.025000,683.268471,322.000000,0.000000,1.800000,0.000000
3442,86.050000,684.161328,322.000000,0.000000,1.800000,0.000000
3443,86.075000,685.054186,322.000000,0.000000,1.800000,0.000000
3444,86.100000,685.947043,322.000000,0.000000,1.800000,0.000000
3445,86.125000,686.839900,322.000000,0.000000,1.800000,0.000000
3446,86.150000,687.732757,322.000000,0.000000,1.800000,0.000000
3447,86.175000,688.625614,322.000000,0.000000,1.800000,0.000000
3448,86.200000,689.518471,322.000000,0.000000,1.800000,0.000000
3449,86.225000,690.411328,322.000000,0.000000,1.800000,0.000000
3450,86.250000,691.304186,322.000000,0.000000,1.800000,0.000000
3451,86.275000,692.197043,322.000000,0.000000,1.800000,0.000000
3452,86.300000,693.089900,322.000000,0.000000,1.800000,0.000000
3453,86.325000,693.982757,322.000000,0.000000,1.800000,0.000000
3454,86.350000,694.875614,322.000000,0.000000,1.800000,0.000000
3455,86.375000,695.768471,322.000000,0.000000,1.800000,0.000000
3456,86.400000,696.661328,322.000000,0.000000,1.800000,0.000000
3457,86.425000,697.554186,322.000000,0.000000,1.800000,0.000000
3458,86.450000,698.447043,322.000000,0.000000,1.800000,0.000000
3459,86.475000,699.339900,322.000000,0.000000,1.800000,0.000000
3460,86.500000,700.232757,322.000000,0.000000,1.800000,0.000000
3461,86.525000,701.125614,322.000000,0.000000,1.800000,0.000000
3462,86.550000,702.018471,322.000000,0.000000,1.800000,0.000000
3463,86.575000,702.911328,322.000000,0.000000,1.800000,0.000000
3464,86.600000,703.804186,322.000000,0.000000,1.800000,0.000000
3465,86.625000,704.697043,322.000000,0.000000,1.800000,0.000000
3466,86.650000,705.589900,322.000000,0.000000,1.800000,0.000000
3467,86.675000,706.482757,322.000000,0.000000,1.800000,0.000000
3468,86.700000,707.375614,322.000000,0.000000,1.800000,0.000000
3469,86.725000,708.268471,322.000000,0.000000,1.800000,0.000000
3470,86.750000,709.161328,322.000000,0.000000,1.800000,0.000000
3471,86.775000,710.054186,322.000000,0.000000,1.800000,0.000000
3472,86.800000,710.947043,322.000000,0.000000,1.800000,0.000000
3473,86.825000,711.839900,322.000000,0.000000,1.800000,0.000000
3474,86.850000,712.732757,322.000000,0.000000,1.800000,0.000000
3475,86.875000,713.442376,321.557624,-0.557447,1.527495,-0.952239
3476,86.900000,714.104258,321.000000,-0.700114,1.376584,-1.159748
3477,86.925000,714.997115,321.000000,0.000000,1.800000,0.000000
3478,86.950000,715.889972,321.000000,0.000000,1.800000,0.000000
3479,86.975000,716.782829,321.000000,0.000000,1.800000,0.000000
3480,87.000000,717.675686,321.000000,0.000000,1.800000,0.000000
3481,87.025000,718.568543,321.000000,0.000000,1.800000,0.000000
3482,87.050000,719.461401,321.000000,0.000000,1.800000,0.000000
3483,87.075000,720.354258,321.000000,0.000000,1.800000,0.000000
3484,87.100000,721.247115,321.000000,0.000000,1.800000,0.000000
3485,87.125000,722.139972,321.000000,0.000000,1.800000,0.000000
3486,87.150000,723.032829,321.000000,0.000000,1.800000,0.000000
3487,87.175000,723.511473,320.000000,-1.124379,0.777126,-1.623600
3488,87.200000,724.404330,320.000000,0.000000,1.800000,0.000000
3489,87.225000,725.297187,320.000000,0.000000,1.800000,0.000000
3490,87.250000,726.190044,320.000000,0.000000,1.800000,0.000000
3491,87.275000,727.082901,320.000000,0.000000,1.800000,0.000000
3492,87.300000,727.975758,320.000000,0.000000,1.800000,0.000000
3493,87.325000,728.868616,320.000000,0.000000,1.800000,0.000000
3494,87.350000,729.761473,320.000000,0.000000,1.800000,0.000000
3495,87.375000,730.654330,320.000000,0.000000,1.800000,0.000000
3496,87.400000,731.547187,320.000000,0.000000,1.800000,0.000000
3497,87.425000,732.440044,320.000000,0.000000,1.800000,0.000000
3498,87.450000,733.332901,320.000000,0.000000,1.800000,0.000000
3499,87.475000,734.225758,320.000000,0.000000,1.800000,0.000000
3500,87.500000,735.118616,320.000000,0.000000,1.800000,0.000000
3501,87.525000,736.011473,320.000000,0.000000,1.800000,0.000000
3502,87.550000,736.904330,320.000000,0.000000,1.800000,0.000000
3503,87.575000,737.797187,320.000000,0.000000,1.800000,0.000000
3504,87.600000,738.690044,320.000000,0.000000,1.800000,0.000000
3505,87.625000,739.582901,320.000000,0.000000,1.800000,0.000000
3506,87.650000,740.475758,320.000000,0.000000,1.800000,0.000000
3507,87.675000,741.368616,320.000000,0.000000,1.800000,0.000000
3508,87.700000,742.261473,320.000000,0.000000,1.800000,0.000000
3509,87.725000,743.154330,320.000000,0.000000,1.800000,0.000000
3510,87.750000,744.047187,320.000000,0.000000,1.800000,0.000000
3511,87.775000,744.940044,320.000000,0.000000,1.800000,0.000000
3512,87.800000,745.832901,320.000000,0.000000,1.800000,0.000000
3513,87.825000,746.725758,320.000000,0.000000,1.800000,0.000000
3514,87.850000,747.618616,320.000000,0.000000,1.800000,0.000000
3515,87.875000,748.511473,320.000000,0.000000,1.800000,0.000000
3516,87.900000,749.404330,320.000000,0.000000,1.800000,0.000000
3517,87.925000,750.297187,320.000000,0.000000,1.800000,0.000000
3518,87.950000,751.190044,320.000000,0.000000,1.800000,0.000000
3519,87.975000,752.082901,320.000000,0.000000,1.800000,0.000000
3520,88.000000,752.975758,320.000000,0.000000,1.800000,0.000000
3521,88.025000,753.868616,320.000000,0.000000,1.800000,0.000000
3522,88.050000,754.761473,320.000000,0.000000,1.800000,0.000000
3523,88.075000,755.654330,320.000000,0.000000,1.800000,0.000000
3524,88.100000,756.547187,320.000000,0.000000,1.800000,0.000000
3525,88.125000,757.440044,320.000000,0.000000,1.800000,0.000000
3526,88.150000,758.332901,320.000000,0.000000,1.800000,0.000000
3527,88.175000,759.225758,320.000000,0.000000,1.800000,0.000000
3528,88.200000,760.118616,320.000000,0.000000,1.800000,0.000000
3529,88.225000,761.011473,320.000000,0.000000,1.800000,0.000000
3530,88.250000,761.904330,320.000000,0.000000,1.800000,0.000000
3531,88.275000,762.797187,320.000000,0.000000,1.800000,0.000000
3532,88.300000,763.690044,320.000000,0.000000,1.800000,0.000000
3533,88.325000,764.582901,320.000000,0.000000,1.800000,0.000000
3534,88.350000,765.475758,320.000000,0.000000,1.800000,0.000000
3535,88.375000,766.368616,320.000000,0.000000,1.800000,0.000000
3536,88.400000,767.261473,320.000000,0.000000,1.800000,0.000000
3537,88.425000,768.154330,320.000000,0.000000,1.800000,0.000000
3538,88.450000,769.047187,320.000000,0.000000,1.800000,0.000000
3539,88.475000,769.940044,320.000000,0.000000,1.800000,0.000000
3540,88.500000,770.832901,320.000000,0.000000,1.800000,0.000000
3541,88.525000,771.725758,320.000000,0.000000,1.800000,0.000000
3542,88.550000,772.618616,320.000000,0.000000,1.800000,0.000000
3543,88.575000,773.511473,320.000000,0.000000,1.800000,0.000000
3544,88.600000,774.404330,320.000000,0.000000,1.800000,0.000000
3545,88.625000,775.297187,320.000000,0.000000,1.800000,0.000000
3546,88.650000,776.190044,320.000000,0.000000,1.800000,0.000000
3547,88.675000,777.082901,320.000000,0.000000,1.800000,0.000000
3548,88.700000,777.975758,320.000000,0.000000,1.800000,0.000000
3549,88.725000,778.868616,320.000000,0.000000,1.800000,0.000000
3550,88.750000,779.761473,320.000000,0.000000,1.800000,0.000000
3551,88.775000,780.654330,320.000000,0.000000,1.800000,0.000000
3552,88.800000,781.547187,320.000000,0.000000,1.800000,0.000000
3553,88.825000,782.440044,320.000000,0.000000,1.800000,0.000000
3554,88.850000,783.332901,320.000000,0.000000,1.800000,0.000000
3555,88.875000,784.225758,320.000000,0.000000,1.800000,0.000000
3556,88.900000,785.118616,320.000000,0.000000,1.800000,0.000000
3557,88.925000,786.011473,320.000000,0.000000,1.800000,0.000000
3558,88.950000,786.904330,320.000000,0.000000,1.800000,0.000000
3559,88.975000,787.797187,320.000000,0.000000,1.800000,0.000000
3560,89.000000,788.690044,320.000000,0.000000,1.800000,0.000000
3561,89.025000,789.582901,320.000000,0.000000,1.800000,0.000000
3562,89.050000,790.475758,320.000000,0.000000,1.800000,0.000000
3563,89.075000,791.368616,320.000000,0.000000,1.800000,0.000000
3564,89.100000,792.261473,320.000000,0.000000,1.800000,0.000000
3565,89.125000,793.154330,320.000000,0.000000,1.800000,0.000000
3566,89.150000,794.047187,320.000000,0.000000,1.800000,0.000000
3567,89.175000,794.940044,320.000000,0.000000,1.800000,0.000000
3568,89.200000,795.832901,320.000000,0.000000,1.800000,0.000000
3569,89.225000,796.725758,320.000000,0.000000,1.800000,0.000000
3570,89.250000,797.618616,320.000000,0.000000,1.800000,0.000000
3571,89.275000,798.511473,320.000000,0.000000,1.800000,0.000000
3572,89.300000,799.404330,320.000000,0.000000,1.800000,0.000000
3573,89.325000,800.297187,320.000000,0.000000,1.800000,0.000000
3574,89.350000,801.190044,320.000000,0.000000,1.800000,0.000000
3575,89.375000,802.082901,320.000000,0.000000,1.800000,0.000000
3576,89.400000,802.975758,320.000000,0.000000,1.800000,0.000000
3577,89.425000,803.868616,320.000000,0.000000,1.800000,0.000000
3578,89.450000,804.761473,320.000000,0.000000,1.800000,0.000000
3579,89.475000,805.654330,320.000000,0.000000,1.800000,0.000000
3580,89.500000,806.547187,320.000000,0.000000,1.800000,0.000000
3581,89.525000,807.440044,320.000000,0.000000,1.800000,0.000000
3582,89.550000,808.332901,320.000000,0.000000,1.800000,0.000000
3583,89.575000,809.225758,320.000000,0.000000,1.800000,0.000000
3584,89.600000,810.118616,320.000000,0.000000,1.800000,0.000000
3585,89.625000,811.011473,320.000000,0.000000,1.800000,0.000000
3586,89.650000,811.904330,320.000000,0.000000,1.800000,0.000000
3587,89.675000,812.797187,320.000000,0.000000,1.800000,0.000000
3588,89.700000,813.690044,320.000000,0.000000,1.800000,0.000000
3589,89.725000,814.582901,320.000000,0.000000,1.800000,0.000000
3590,89.750000,815.475758,320.000000,0.000000,1.800000,0.000000
3591,89.775000,816.368616,320.000000,0.000000,1.800000,0.000000
3592,89.800000,817.184889,320.184889,0.222745,1.755530,0.397634
3593,89.825000,817.816234,320.816234,0.785398,1.272792,1.272792
3594,89.850000,818.632973,321.000000,0.221314,1.756098,0.395120
3595,89.875000,819.525831,321.000000,0.000000,1.800000,0.000000
3596,89.900000,820.418688,321.000000,0.000000,1.800000,0.000000
3597,89.925000,821.311545,321.000000,0.000000,1.800000,0.000000
3598,89.950000,822.204402,321.000000,0.000000,1.800000,0.000000
3599,89.975000,823.097259,321.000000,0.000000,1.800000,0.000000
3600,90.000000,823.990116,321.000000,0.000000,1.800000,0.000000
3601,90.025000,824.882973,321.000000,0.000000,1.800000,0.000000
3602,90.050000,825.775831,321.000000,0.000000,1.800000,0.000000
3603,90.075000,826.668688,321.000000,0.000000,1.800000,0.000000
3604,90.100000,827.561545,321.000000,0.000000,1.800000,0.000000
3605,90.125000,828.454402,321.000000,0.000000,1.800000,0.000000
3606,90.150000,829.347259,321.000000,0.000000,1.800000,0.000000
3607,90.175000,830.240116,321.000000,0.000000,1.800000,0.000000
3608,90.200000,831.132973,321.000000,0.000000,1.800000,0.000000
3609,90.225000,832.025831,321.000000,0.000000,1.800000,0.000000
3610,90.250000,832.918688,321.000000,0.000000,1.800000,0.000000
3611,90.275000,833.811545,321.000000,0.000000,1.800000,0.000000
3612,90.300000,834.498087,321.498087,0.627637,1.456952,1.057020
3613,90.325000,835.183046,322.000000,0.632378,1.451923,1.063917
3614,90.350000,836.075903,322.000000,0.000000,1.800000,0.000000
3615,90.375000,836.968760,322.000000,0.000000,1.800000,0.000000
3616,90.400000,837.861617,322.000000,0.000000,1.800000,0.000000
3617,90.425000,838.754474,322.000000,0.000000,1.800000,0.000000
3618,90.450000,839.647331,322.000000,0.000000,1.800000,0.000000
3619,90.475000,840.540188,322.000000,0.000000,1.800000,0.000000
3620,90.500000,841.433046,322.000000,0.000000,1.800000,0.000000
3621,90.525000,842.325903,322.000000,0.000000,1.800000,0.000000
3622,90.550000,843.218760,322.000000,0.000000,1.800000,0.000000
3623,90.575000,844.111617,322.000000,0.000000,1.800000,0.000000
3624,90.600000,845.004474,322.000000,0.000000,1.800000,0.000000
3625,90.625000,845.897331,322.000000,0.000000,1.800000,0.000000
3626,90.650000,846.790188,322.000000,0.000000,1.800000,0.000000
3627,90.675000,847.683046,322.000000,0.000000,1.800000,0.000000
3628,90.700000,848.575903,322.000000,0.000000,1.800000,0.000000
3629,90.725000,849.468760,322.000000,0.000000,1.800000,0.000000
3630,90.750000,850.361617,322.000000,0.000000,1.800000,0.000000
3631,90.775000,851.254474,322.000000,0.000000,1.800000,0.000000
3632,90.800000,852.147331,322.000000,0.000000,1.800000,0.000000
3633,90.825000,853.040188,322.000000,0.000000,1.800000,0.000000
3634,90.850000,853.933046,322.000000,0.000000,1.800000,0.000000
3635,90.875000,854.825903,322.000000,0.000000,1.800000,0.000000
3636,90.900000,855.718760,322.000000,0.000000,1.800000,0.000000
3637,90.925000,856.432479,322.432479,0.544784,1.539431,0.932820
3638,90.950000,857.090261,323.000000,0.711867,1.362858,1.175847
3639,90.975000,857.983118,323.000000,0.000000,1.800000,0.000000
3640,91.000000,858.875975,323.000000,0.000000,1.800000,0.000000
3641,91.025000,859.768832,323.000000,0.000000,1.800000,0.000000
3642,91.050000,860.661689,323.000000,0.000000,1.800000,0.000000
3643,91.075000,861.554546,323.000000,0.000000,1.800000,0.000000
3644,91.100000,862.447403,323.000000,0.000000,1.800000,0.000000
3645,91.125000,863.340261,323.000000,0.000000,1.800000,0.000000
3646,91.150000,864.164839,323.164839,0.197306,1.765077,0.352851
3647,91.175000,864.796184,323.796184,0.785398,1.272792,1.272792
3648,91.200000,865.604618,324.000000,0.246965,1.745386,0.440032
3649,91.225000,866.497476,324.000000,0.000000,1.800000,0.000000
3650,91.250000,867.390333,324.000000,0.000000,1.800000,0.000000
3651,91.275000,868.283190,324.000000,0.000000,1.800000,0.000000
3652,91.300000,869.176047,324.000000,0.000000,1.800000,0.000000
3653,91.325000,870.068904,324.000000,0.000000,1.800000,0.000000
3654,91.350000,870.961761,324.000000,0.000000,1.800000,0.000000
3655,91.375000,871.854618,324.000000,0.000000,1.800000,0.000000
3656,91.400000,872.747476,324.000000,0.000000,1.800000,0.000000
3657,91.425000,873.640333,324.000000,0.000000,1.800000,0.000000
3658,91.450000,874.533190,324.000000,0.000000,1.800000,0.000000
3659,91.475000,875.426047,324.000000,0.000000,1.800000,0.000000
3660,91.500000,876.318904,324.000000,0.000000,1.800000,0.000000
3661,91.525000,877.211761,324.000000,0.000000,1.800000,0.000000
3662,91.550000,878.104618,324.000000,0.000000,1.800000,0.000000
3663,91.575000,878.997476,324.000000,0.000000,1.800000,0.000000
3664,91.600000,879.890333,324.000000,0.000000,1.800000,0.000000
3665,91.625000,880.783190,324.000000,0.000000,1.800000,0.000000
3666,91.650000,881.676047,324.000000,0.000000,1.800000,0.000000
3667,91.675000,882.568904,324.000000,0.000000,1.800000,0.000000
3668,91.700000,883.326515,324.326515,0.406924,1.653016,0.712416
3669,91.725000,883.957860,324.957860,0.785398,1.272792,1.272792
3670,91.750000,884.833262,325.000000,0.048101,1.797918,0.086548
3671,91.775000,885.726119,325.000000,0.000000,1.800000,0.000000
3672,91.800000,886.618976,325.000000,0.000000,1.800000,0.000000
3673,91.825000,887.511833,325.000000,0.000000,1.800000,0.000000
3674,91.850000,888.404691,325.000000,0.000000,1.800000,0.000000
3675,91.875000,889.297548,325.000000,0.000000,1.800000,0.000000
3676,91.900000,890.190405,325.000000,0.000000,1.800000,0.000000
3677,91.925000,891.083262,325.000000,0.000000,1.800000,0.000000
3678,91.950000,891.976119,325.000000,0.000000,1.800000,0.000000
3679,91.975000,892.868976,325.000000,0.000000,1.800000,0.000000
3680,92.000000,893.761833,325.000000,0.000000,1.800000,0.000000
3681,92.025000,894.654691,325.000000,0.000000,1.800000,0.000000
3682,92.050000,895.547548,325.000000,0.000000,1.800000,0.000000
3683,92.075000,896.440405,325.000000,0.000000,1.800000,0.000000
3684,92.100000,897.333262,325.000000,0.000000,1.800000,0.000000
3685,92.125000,898.226119,325.000000,0.000000,1.800000,0.000000
3686,92.150000,899.118976,325.000000,0.000000,1.800000,0.000000
3687,92.175000,900.011833,325.000000,0.000000,1.800000,0.000000
3688,92.200000,900.904691,325.000000,0.000000,1.800000,0.000000
3689,92.225000,901.797548,325.000000,0.000000,1.800000,0.000000
3690,92.250000,902.488190,325.488190,0.615318,1.469862,1.038992
3691,92.275000,903.169048,326.000000,0.644596,1.438816,1.081577
3692,92.300000,904.061906,326.000000,0.000000,1.800000,0.000000
3693,92.325000,904.954763,326.000000,0.000000,1.800000,0.000000
3694,92.350000,905.847620,326.000000,0.000000,1.800000,0.000000
3695,92.375000,906.740477,326.000000,0.000000,1.800000,0.000000
3696,92.400000,907.633334,326.000000,0.000000,1.800000,0.000000
3697,92.425000,908.526191,326.000000,0.000000,1.800000,0.000000
3698,92.450000,909.419048,326.000000,0.000000,1.800000,0.000000
3699,92.475000,910.311906,326.000000,0.000000,1.800000,0.000000
3700,92.500000,911.204763,326.000000,0.000000,1.800000,0.000000
3701,92.525000,912.097620,326.000000,0.000000,1.800000,0.000000
3702,92.550000,912.990477,326.000000,0.000000,1.800000,0.000000
3703,92.575000,913.883334,326.000000,0.000000,1.800000,0.000000
3704,92.600000,914.776191,326.000000,0.000000,1.800000,0.000000
3705,92.625000,915.669048,326.000000,0.000000,1.800000,0.000000
3706,92.650000,916.561906,326.000000,0.000000,1.800000,0.000000
3707,92.675000,917.454763,326.000000,0.000000,1.800000,0.000000
3708,92.700000,918.347620,326.000000,0.000000,1.800000,0.000000
3709,92.725000,919.240477,326.000000,0.000000,1.800000,0.000000
3710,92.750000,920.133334,326.000000,0.000000,1.800000,0.000000
3711,92.775000,921.026191,326.000000,0.000000,1.800000,0.000000
3712,92.800000,921.919048,326.000000,0.000000,1.800000,0.000000
3713,92.825000,922.811906,326.000000,0.000000,1.800000,0.000000
3714,92.850000,923.704763,326.000000,0.000000,1.800000,0.000000
3715,92.875000,924.597620,326.000000,0.000000,1.800000,0.000000
3716,92.900000,925.490477,326.000000,0.000000,1.800000,0.000000
3717,92.925000,926.383334,326.000000,0.000000,1.800000,0.000000
3718,92.950000,927.276191,326.000000,0.000000,1.800000,0.000000
3719,92.975000,928.169048,326.000000,0.000000,1.800000,0.000000
3720,93.000000,929.061906,326.000000,0.000000,1.800000,0.000000
3721,93.025000,929.954763,326.000000,0.000000,1.800000,0.000000
3722,93.050000,930.847620,326.000000,0.000000,1.800000,0.000000
3723,93.075000,931.740477,326.000000,0.000000,1.800000,0.000000
3724,93.100000,932.633334,326.000000,0.000000,1.800000,0.000000
3725,93.125000,933.526191,326.000000,0.000000,1.800000,0.000000
3726,93.150000,934.419048,326.000000,0.000000,1.800000,0.000000
3727,93.175000,935.311906,326.000000,0.000000,1.800000,0.000000
3728,93.200000,936.204763,326.000000,0.000000,1.800000,0.000000
3729,93.225000,937.097620,326.000000,0.000000,1.800000,0.000000
3730,93.250000,937.990477,326.000000,0.000000,1.800000,0.000000
3731,93.275000,938.883334,326.000000,0.000000,1.800000,0.000000
3732,93.300000,939.776191,326.000000,0.000000,1.800000,0.000000
3733,93.325000,940.669048,326.000000,0.000000,1.800000,0.000000
3734,93.350000,941.561906,326.000000,0.000000,1.800000,0.000000
3735,93.375000,942.454763,326.000000,0.000000,1.800000,0.000000
3736,93.400000,943.347620,326.000000,0.000000,1.800000,0.000000
3737,93.425000,944.240477,326.000000,0.000000,1.800000,0.000000
3738,93.450000,945.133334,326.000000,0.000000,1.800000,0.000000
3739,93.475000,946.026191,326.000000,0.000000,1.800000,0.000000
3740,93.500000,946.919048,326.000000,0.000000,1.800000,0.000000
3741,93.525000,947.811906,326.000000,0.000000,1.800000,0.000000
3742,93.550000,948.704763,326.000000,0.000000,1.800000,0.000000
3743,93.575000,949.597620,326.000000,0.000000,1.800000,0.000000
3744,93.600000,950.490477,326.000000,0.000000,1.800000,0.000000
3745,93.625000,951.383334,326.000000,0.000000,1.800000,0.000000
3746,93.650000,952.276191,326.000000,0.000000,1.800000,0.000000
3747,93.675000,953.169048,326.000000,0.000000,1.800000,0.000000
3748,93.700000,954.061906,326.000000,0.000000,1.800000,0.000000
3749,93.725000,954.954763,326.000000,0.000000,1.800000,0.000000
3750,93.750000,955.847620,326.000000,0.000000,1.800000,0.000000
3751,93.775000,956.740477,326.000000,0.000000,1.800000,0.000000
3752,93.800000,957.633334,326.000000,0.000000,1.800000,0.000000
3753,93.825000,958.526191,326.000000,0.000000,1.800000,0.000000
3754,93.850000,959.419048,326.000000,0.000000,1.800000,0.000000
3755,93.875000,960.311906,326.000000,0.000000,1.800000,0.000000
3756,93.900000,961.204763,326.000000,0.000000,1.800000,0.000000
3757,93.925000,962.097620,326.000000,0.000000,1.800000,0.000000
3758,93.950000,962.990477,326.000000,0.000000,1.800000,0.000000
3759,93.975000,963.883334,326.000000,0.000000,1.800000,0.000000
3760,94.000000,964.776191,326.000000,0.000000,1.800000,0.000000
3761,94.025000,965.669048,326.000000,0.000000,1.800000,0.000000
3762,94.050000,966.561906,326.000000,0.000000,1.800000,0.000000
3763,94.075000,967.454763,326.000000,0.000000,1.800000,0.000000
3764,94.100000,968.347620,326.000000,0.000000,1.800000,0.000000
3765,94.125000,969.240477,326.000000,0.000000,1.800000,0.000000
3766,94.150000,970.133334,326.000000,0.000000,1.800000,0.000000
3767,94.175000,971.026191,326.000000,0.000000,1.800000,0.000000
3768,94.200000,971.919048,326.000000,0.000000,1.800000,0.000000
3769,94.225000,972.811906,326.000000,0.000000,1.800000,0.000000
3770,94.250000,973.704763,326.000000,0.000000,1.800000,0.000000
3771,94.275000,974.597620,326.000000,0.000000,1.800000,0.000000
3772,94.300000,975.490477,326.000000,0.000000,1.800000,0.000000
3773,94.325000,976.383334,326.000000,0.000000,1.800000,0.000000
3774,94.350000,977.276191,326.000000,0.000000,1.800000,0.000000
3775,94.375000,978.169048,326.000000,0.000000,1.800000,0.000000
3776,94.400000,979.061906,326.000000,0.000000,1.800000,0.000000
3777,94.425000,979.954763,326.000000,0.000000,1.800000,0.000000
3778,94.450000,980.847620,326.000000,0.000000,1.800000,0.000000
3779,94.475000,981.740477,326.000000,0.000000,1.800000,0.000000
3780,94.500000,982.633334,326.000000,0.000000,1.800000,0.000000
3781,94.525000,983.526191,326.000000,0.000000,1.800000,0.000000
3782,94.550000,984.419048,326.000000,0.000000,1.800000,0.000000
3783,94.575000,985.311906,326.000000,0.000000,1.800000,0.000000
3784,94.600000,986.204763,326.000000,0.000000,1.800000,0.000000
3785,94.625000,987.097620,326.000000,0.000000,1.800000,0.000000
3786,94.650000,987.990477,326.000000,0.000000,1.800000,0.000000
3787,94.675000,988.883334,326.000000,0.000000,1.800000,0.000000
3788,94.700000,989.776191,326.000000,0.000000,1.800000,0.000000
3789,94.725000,990.669048,326.000000,0.000000,1.800000,0.000000
3790,94.750000,991.561906,326.000000,0.000000,1.800000,0.000000
3791,94.775000,992.454763,326.000000,0.000000,1.800000,0.000000
3792,94.800000,993.347620,326.000000,0.000000,1.800000,0.000000
3793,94.825000,994.240477,326.000000,0.000000,1.800000,0.000000
3794,94.850000,995.133334,326.000000,0.000000,1.800000,0.000000
3795,94.875000,996.026191,326.000000,0.000000,1.800000,0.000000
3796,94.900000,996.919048,326.000000,0.000000,1.800000,0.000000
3797,94.925000,997.811906,326.000000,0.000000,1.800000,0.000000
3798,94.950000,998.704763,326.000000,0.000000,1.800000,0.000000
3799,94.975000,999.597620,326.000000,0.000000,1.800000,0.000000
3800,95.000000,1000.490477,326.000000,0.000000,1.800000,0.000000
3801,95.025000,1001.383334,326.000000,0.000000,1.800000,0.000000
3802,95.050000,1002.276191,326.000000,0.000000,1.800000,0.000000
3803,95.075000,1003.169048,326.000000,0.000000,1.800000,0.000000
3804,95.100000,1004.061906,326.000000,0.000000,1.800000,0.000000
3805,95.125000,1004.954763,326.000000,0.000000,1.800000,0.000000
3806,95.150000,1005.847620,326.000000,0.000000,1.800000,0.000000
3807,95.175000,1006.740477,326.000000,0.000000,1.800000,0.000000
3808,95.200000,1007.633334,326.000000,0.000000,1.800000,0.000000
3809,95.225000,1008.526191,326.000000,0.000000,1.800000,0.000000
3810,95.250000,1009.419048,326.000000,0.000000,1.800000,0.000000
3811,95.275000,1010.311906,326.000000,0.000000,1.800000,0.000000
3812,95.300000,1011.204763,326.000000,0.000000,1.800000,0.000000
3813,95.325000,1012.097620,326.000000,0.000000,1.800000,0.000000
3814,95.350000,1012.990477,326.000000,0.000000,1.800000,0.000000
3815,95.375000,1013.883334,326.000000,0.000000,1.800000,0.000000
3816,95.400000,1014.776191,326.000000,0.000000,1.800000,0.000000
3817,95.425000,1015.669048,326.000000,0.000000,1.800000,0.000000
3818,95.450000,1016.561906,326.000000,0.000000,1.800000,0.000000
3819,95.475000,1017.454763,326.000000,0.000000,1.800000,0.000000
3820,95.500000,1018.347620,326.000000,0.000000,1.800000,0.000000
3821,95.525000,1019.240477,326.000000,0.000000,1.800000,0.000000
3822,95.550000,1020.133334,326.000000,0.000000,1.800000,0.000000
3823,95.575000,1021.026191,326.000000,0.000000,1.800000,0.000000
3824,95.600000,1021.919048,326.000000,0.000000,1.800000,0.000000
3825,95.625000,1022.811906,326.000000,0.000000,1.800000,0.000000
3826,95.650000,1023.704763,326.000000,0.000000,1.800000,0.000000
3827,95.675000,1024.597620,326.000000,0.000000,1.800000,0.000000
3828,95.700000,1025.490477,326.000000,0.000000,1.800000,0.000000
3829,95.725000,1026.383334,326.000000,0.000000,1.800000,0.000000
3830,95.750000,1027.276191,326.000000,0.000000,1.800000,0.000000
3831,95.775000,1028.169048,326.000000,0.000000,1.800000,0.000000
3832,95.800000,1029.061906,326.000000,0.000000,1.800000,0.000000
3833,95.825000,1029.954763,326.000000,0.000000,1.800000,0.000000
3834,95.850000,1030.847620,326.000000,0.000000,1.800000,0.000000
3835,95.875000,1031.740477,326.000000,0.000000,1.800000,0.000000
3836,95.900000,1032.633334,326.000000,0.000000,1.800000,0.000000
3837,95.925000,1033.526191,326.000000,0.000000,1.800000,0.000000
3838,95.950000,1034.419048,326.000000,0.000000,1.800000,0.000000
3839,95.975000,1035.311906,326.000000,0.000000,1.800000,0.000000
3840,96.000000,1036.204763,326.000000,0.000000,1.800000,0.000000
3841,96.025000,1037.097620,326.000000,0.000000,1.800000,0.000000
3842,96.050000,1037.990477,326.000000,0.000000,1.800000,0.000000
3843,96.075000,1038.883334,326.000000,0.000000,1.800000,0.000000
3844,96.100000,1039.776191,326.000000,0.000000,1.800000,0.000000
3845,96.125000,1040.669048,326.000000,0.000000,1.800000,0.000000
3846,96.150000,1041.561906,326.000000,0.000000,1.800000,0.000000
3847,96.175000,1042.454763,326.000000,0.000000,1.800000,0.000000
3848,96.200000,1043.347620,326.000000,0.000000,1.800000,0.000000
3849,96.225000,1044.240477,326.000000,0.000000,1.800000,0.000000
3850,96.250000,1045.133334,326.000000,0.000000,1.800000,0.000000
3851,96.275000,1046.026191,326.000000,0.000000,1.800000,0.000000
3852,96.300000,1046.919048,326.000000,0.000000,1.800000,0.000000
3853,96.325000,1047.811906,326.000000,0.000000,1.800000,0.000000
3854,96.350000,1048.704763,326.000000,0.000000,1.800000,0.000000
3855,96.375000,1049.597620,326.000000,0.000000,1.800000,0.000000
3856,96.400000,1050.490477,326.000000,0.000000,1.800000,0.000000
3857,96.425000,1051.271058,325.728942,-0.334224,1.700397,-0.590466
3858,96.450000,1051.902404,325.097596,-0.785398,1.272792,-1.272792
3859,96.475000,1052.754835,325.000000,-0.113995,1.788317,-0.204748
3860,96.500000,1053.647692,325.000000,0.000000,1.800000,0.000000
3861,96.525000,1054.540549,325.000000,0.000000,1.800000,0.000000
3862,96.550000,1055.433406,325.000000,0.000000,1.800000,0.000000
3863,96.575000,1056.326263,325.000000,0.000000,1.800000,0.000000
3864,96.600000,1057.219121,325.000000,0.000000,1.800000,0.000000
3865,96.625000,1058.111978,325.000000,0.000000,1.800000,0.000000
3866,96.650000,1059.004835,325.000000,0.000000,1.800000,0.000000
3867,96.675000,1059.897692,325.000000,0.000000,1.800000,0.000000
3868,96.700000,1060.790549,325.000000,0.000000,1.800000,0.000000
3869,96.725000,1061.683406,325.000000,0.000000,1.800000,0.000000
3870,96.750000,1062.576263,325.000000,0.000000,1.800000,0.000000
3871,96.775000,1063.469121,325.000000,0.000000,1.800000,0.000000
3872,96.800000,1064.361978,325.000000,0.000000,1.800000,0.000000
3873,96.825000,1065.254835,325.000000,0.000000,1.800000,0.000000
3874,96.850000,1066.147692,325.000000,0.000000,1.800000,0.000000
3875,96.875000,1067.040549,325.000000,0.000000,1.800000,0.000000
3876,96.900000,1067.933406,325.000000,0.000000,1.800000,0.000000
3877,96.925000,1068.826263,325.000000,0.000000,1.800000,0.000000
3878,96.950000,1069.719121,325.000000,0.000000,1.800000,0.000000
3879,96.975000,1070.611978,325.000000,0.000000,1.800000,0.000000
3880,97.000000,1071.504835,325.000000,0.000000,1.800000,0.000000
3881,97.025000,1072.397692,325.000000,0.000000,1.800000,0.000000
3882,97.050000,1073.290549,325.000000,0.000000,1.800000,0.000000
3883,97.075000,1074.183406,325.000000,0.000000,1.800000,0.000000
3884,97.100000,1075.053926,324.946074,-0.061868,1.796556,-0.111292
3885,97.125000,1075.685272,324.314728,-0.785398,1.272792,-1.272792
3886,97.150000,1076.447764,324.000000,-0.391460,1.663836,-0.686769
3887,97.175000,1077.340621,324.000000,0.000000,1.800000,0.000000
3888,97.200000,1078.233478,324.000000,0.000000,1.800000,0.000000
3889,97.225000,1079.126336,324.000000,0.000000,1.800000,0.000000
3890,97.250000,1080.019193,324.000000,0.000000,1.800000,0.000000
3891,97.275000,1080.912050,324.000000,0.000000,1.800000,0.000000
3892,97.300000,1081.804907,324.000000,0.000000,1.800000,0.000000
3893,97.325000,1082.697764,324.000000,0.000000,1.800000,0.000000
3894,97.350000,1083.417632,323.582368,-0.525697,1.556954,-0.903269
3895,97.375000,1084.069265,323.000000,-0.729327,1.342122,-1.199462
3896,97.400000,1084.962122,323.000000,0.000000,1.800000,0.000000
3897,97.425000,1085.854979,323.000000,0.000000,1.800000,0.000000
3898,97.450000,1086.747836,323.000000,0.000000,1.800000,0.000000
3899,97.475000,1087.640693,323.000000,0.000000,1.800000,0.000000
3900,97.500000,1088.533551,323.000000,0.000000,1.800000,0.000000
3901,97.525000,1089.426408,323.000000,0.000000,1.800000,0.000000
3902,97.550000,1090.319265,323.000000,0.000000,1.800000,0.000000
3903,97.575000,1091.212122,323.000000,0.000000,1.800000,0.000000
3904,97.600000,1092.104979,323.000000,0.000000,1.800000,0.000000
3905,97.625000,1092.997836,323.000000,0.000000,1.800000,0.000000
3906,97.650000,1093.890693,323.000000,0.000000,1.800000,0.000000
3907,97.675000,1094.783551,323.000000,0.000000,1.800000,0.000000
3908,97.700000,1095.676408,323.000000,0.000000,1.800000,0.000000
3909,97.725000,1096.569265,323.000000,0.000000,1.800000,0.000000
3910,97.750000,1097.462122,323.000000,0.000000,1.800000,0.000000
3911,97.775000,1098.354979,323.000000,0.000000,1.800000,0.000000
3912,97.800000,1099.247836,323.000000,0.000000,1.800000,0.000000
3913,97.825000,1100.140693,323.000000,0.000000,1.800000,0.000000
3914,97.850000,1101.033551,323.000000,0.000000,1.800000,0.000000
3915,97.875000,1101.926408,323.000000,0.000000,1.800000,0.000000
3916,97.900000,1102.819265,323.000000,0.000000,1.800000,0.000000
3917,97.925000,1103.712122,323.000000,0.000000,1.800000,0.000000
3918,97.950000,1104.604979,323.000000,0.000000,1.800000,0.000000
3919,97.975000,1105.497836,323.000000,0.000000,1.800000,0.000000
3920,98.000000,1106.390693,323.000000,0.000000,1.800000,0.000000
3921,98.025000,1107.283551,323.000000,0.000000,1.800000,0.000000
3922,98.050000,1108.176408,323.000000,0.000000,1.800000,0.000000
3923,98.075000,1109.069265,323.000000,0.000000,1.800000,0.000000
3924,98.100000,1109.962122,323.000000,0.000000,1.800000,0.000000
3925,98.125000,1110.854979,323.000000,0.000000,1.800000,0.000000
3926,98.150000,1111.747836,323.000000,0.000000,1.800000,0.000000
3927,98.175000,1112.640693,323.000000,0.000000,1.800000,0.000000
3928,98.200000,1113.533551,323.000000,0.000000,1.800000,0.000000
3929,98.225000,1114.426408,323.000000,0.000000,1.800000,0.000000
3930,98.250000,1115.319265,323.000000,0.000000,1.800000,0.000000
3931,98.275000,1116.212122,323.000000,0.000000,1.800000,0.000000
3932,98.300000,1117.104979,323.000000,0.000000,1.800000,0.000000
3933,98.325000,1117.997836,323.000000,0.000000,1.800000,0.000000
3934,98.350000,1118.890693,323.000000,0.000000,1.800000,0.000000
3935,98.375000,1119.783551,323.000000,0.000000,1.800000,0.000000
3936,98.400000,1120.676408,323.000000,0.000000,1.800000,0.000000
3937,98.425000,1121.569265,323.000000,0.000000,1.800000,0.000000
3938,98.450000,1122.462122,323.000000,0.000000,1.800000,0.000000
3939,98.475000,1123.354979,323.000000,0.000000,1.800000,0.000000
3940,98.500000,1124.247836,323.000000,0.000000,1.800000,0.000000
3941,98.525000,1125.140693,323.000000,0.000000,1.800000,0.000000
3942,98.550000,1126.033551,323.000000,0.000000,1.800000,0.000000
3943,98.575000,1126.926408,323.000000,0.000000,1.800000,0.000000
3944,98.600000,1127.819265,323.000000,0.000000,1.800000,0.000000
3945,98.625000,1128.712122,323.000000,0.000000,1.800000,0.000000
3946,98.650000,1129.604979,323.000000,0.000000,1.800000,0.000000
3947,98.675000,1130.497836,323.000000,0.000000,1.800000,0.000000
3948,98.700000,1131.390693,323.000000,0.000000,1.800000,0.000000
3949,98.725000,1132.283551,323.000000,0.000000,1.800000,0.000000
3950,98.750000,1133.176408,323.000000,0.000000,1.800000,0.000000
3951,98.775000,1134.069265,323.000000,0.000000,1.800000,0.000000
3952,98.800000,1134.962122,323.000000,0.000000,1.800000,0.000000
3953,98.825000,1135.854979,323.000000,0.000000,1.800000,0.000000
3954,98.850000,1136.747836,323.000000,0.000000,1.800000,0.000000
3955,98.875000,1137.640693,323.000000,0.000000,1.800000,0.000000
3956,98.900000,1138.533551,323.000000,0.000000,1.800000,0.000000
3957,98.925000,1139.426408,323.000000,0.000000,1.800000,0.000000
3958,98.950000,1140.319265,323.000000,0.000000,1.800000,0.000000
3959,98.975000,1141.149993,323.149993,0.178631,1.771358,0.319829
3960,99.000000,1141.781338,323.781338,0.785398,1.272792,1.272792
3961,99.025000,1142.583623,324.000000,0.266086,1.736654,0.473323
3962,99.050000,1143.336922,324.336922,0.420575,1.643138,0.734913
3963,99.075000,1143.968268,324.968268,0.785398,1.272792,1.272792
3964,99.100000,1144.599613,325.599613,0.785398,1.272792,1.272792
3965,99.125000,1145.230958,326.230958,0.785398,1.272792,1.272792
3966,99.150000,1145.862304,326.862304,0.785398,1.272792,1.272792
3967,99.175000,1146.493649,327.493649,0.785398,1.272792,1.272792
3968,99.200000,1147.124994,328.124994,0.785398,1.272792,1.272792
3969,99.225000,1147.756340,328.756340,0.785398,1.272792,1.272792
3970,99.250000,1148.387685,329.387685,0.785398,1.272792,1.272792
3971,99.275000,1149.019030,330.019030,0.785398,1.272792,1.272792
3972,99.300000,1149.650376,330.650376,0.785398,1.272792,1.272792
3973,99.325000,1150.281721,331.281721,0.785398,1.272792,1.272792
3974,99.350000,1150.913066,331.913066,0.785398,1.272792,1.272792
3975,99.375000,1151.544412,332.544412,0.785398,1.272792,1.272792
3976,99.400000,1152.175757,333.175757,0.785398,1.272792,1.272792
3977,99.425000,1152.807102,333.807102,0.785398,1.272792,1.272792
3978,99.450000,1153.438448,334.438448,0.785398,1.272792,1.272792
3979,99.475000,1154.069793,335.069793,0.785398,1.272792,1.272792
3980,99.500000,1154.701138,335.701138,0.785398,1.272792,1.272792
3981,99.525000,1155.332484,336.332484,0.785398,1.272792,1.272792
3982,99.550000,1155.963829,336.963829,0.785398,1.272792,1.272792
3983,99.575000,1156.595174,337.595174,0.785398,1.272792,1.272792
3984,99.600000,1157.226520,338.226520,0.785398,1.272792,1.272792
3985,99.625000,1157.857865,338.857865,0.785398,1.272792,1.272792
3986,99.650000,1158.489210,339.489210,0.785398,1.272792,1.272792
3987,99.675000,1159.120556,340.120556,0.785398,1.272792,1.272792
3988,99.700000,1159.751901,340.751901,0.785398,1.272792,1.272792
3989,99.725000,1160.000000,341.541992,1.266534,0.539262,1.717323
3990,99.750000,1160.307485,342.307485,1.188840,0.670925,1.670287
3991,99.775000,1160.938830,342.938830,0.785398,1.272792,1.272792
3992,99.800000,1161.000000,343.806350,1.500402,0.126606,1.795542
3993,99.825000,1161.494414,344.494414,0.947723,1.050360,1.461760
3994,99.850000,1162.000000,345.177851,0.933875,1.070502,1.447075
3995,99.875000,1162.000000,346.070708,1.570796,0.000000,1.800000
3996,99.900000,1162.000000,346.963565,1.570796,0.000000,1.800000
3997,99.925000,1162.000000,347.856422,1.570796,0.000000,1.800000
3998,99.950000,1162.000000,348.749279,1.570796,0.000000,1.800000
3999,99.975000,1162.454059,349.454059,0.998469,0.974862,1.513157
4000,100.000000,1163.000000,350.120780,0.884670,1.140381,1.392671
4001,100.025000,1163.000000,351.013637,1.570796,0.000000,1.800000
4002,100.050000,1163.000000,351.906494,1.570796,0.000000,1.800000
4003,100.075000,1163.000000,352.799352,1.570796,0.000000,1.800000
4004,100.100000,1163.000000,353.692209,1.570796,0.000000,1.800000
4005,100.125000,1163.413704,354.413704,1.050167,0.895367,1.561511
4006,100.150000,1164.000000,355.063709,0.836885,1.205603,1.336609
4007,100.175000,1164.000000,355.956567,1.570796,0.000000,1.800000
4008,100.200000,1164.000000,356.849424,1.570796,0.000000,1.800000
4009,100.225000,1164.524872,357.524872,0.910193,1.104468,1.421320
4010,100.250000,1165.000000,358.220924,0.971841,1.014803,1.486665
4011,100.275000,1165.000000,359.113782,1.570796,0.000000,1.800000
4012,100.300000,1165.000000,360.006639,1.570796,0.000000,1.800000
4013,100.325000,1165.000000,360.899496,1.570796,0.000000,1.800000
4014,100.350000,1165.000000,361.792353,1.570796,0.000000,1.800000
4015,100.375000,1165.484517,362.484517,0.960068,1.032235,1.474615
4016,100.400000,1166.000000,363.163854,0.921685,1.088062,1.433918
4017,100.425000,1166.000000,364.056711,1.570796,0.000000,1.800000
4018,100.450000,1166.000000,364.949568,1.570796,0.000000,1.800000
4019,100.475000,1166.000000,365.842425,1.570796,0.000000,1.800000
4020,100.500000,1166.000000,366.735282,1.570796,0.000000,1.800000
4021,100.525000,1166.000000,367.628139,1.570796,0.000000,1.800000
4022,100.550000,1166.000000,368.520997,1.570796,0.000000,1.800000
4023,100.575000,1166.000000,369.413854,1.570796,0.000000,1.800000
4024,100.600000,1166.000000,370.306711,1.570796,0.000000,1.800000
4025,100.625000,1166.000000,371.199568,1.570796,0.000000,1.800000
4026,100.650000,1166.000000,372.092425,1.570796,0.000000,1.800000
4027,100.675000,1166.000000,372.985282,1.570796,0.000000,1.800000
4028,100.700000,1166.000000,373.878139,1.570796,0.000000,1.800000
4029,100.725000,1166.000000,374.770997,1.570796,0.000000,1.800000
4030,100.750000,1166.000000,375.663854,1.570796,0.000000,1.800000
4031,100.775000,1166.000000,376.556711,1.570796,0.000000,1.800000
4032,100.800000,1166.000000,377.449568,1.570796,0.000000,1.800000
4033,100.825000,1166.000000,378.342425,1.570796,0.000000,1.800000
4034,100.850000,1166.000000,379.235282,1.570796,0.000000,1.800000
4035,100.875000,1166.000000,380.128139,1.570796,0.000000,1.800000
4036,100.900000,1166.000000,381.020997,1.570796,0.000000,1.800000
4037,100.925000,1166.000000,381.913854,1.570796,0.000000,1.800000
4038,100.950000,1166.000000,382.806711,1.570796,0.000000,1.800000
4039,100.975000,1166.000000,383.699568,1.570796,0.000000,1.800000
4040,101.000000,1166.000000,384.592425,1.570796,0.000000,1.800000
4041,101.025000,1166.000000,385.485282,1.570796,0.000000,1.800000
4042,101.050000,1166.000000,386.378139,1.570796,0.000000,1.800000
4043,101.075000,1166.000000,387.270997,1.570796,0.000000,1.800000
4044,101.100000,1166.000000,388.163854,1.570796,0.000000,1.800000
4045,101.125000,1166.000000,389.056711,1.570796,0.000000,1.800000
4046,101.150000,1166.000000,389.949568,1.570796,0.000000,1.800000
4047,101.175000,1166.000000,390.842425,1.570796,0.000000,1.800000
4048,101.200000,1166.000000,391.735282,1.570796,0.000000,1.800000
4049,101.225000,1166.000000,392.628139,1.570796,0.000000,1.800000
4050,101.250000,1166.000000,393.520997,1.570796,0.000000,1.800000
4051,101.275000,1166.000000,394.413854,1.570796,0.000000,1.800000
4052,101.300000,1166.000000,395.306711,1.570796,0.000000,1.800000
4053,101.325000,1166.141116,396.141116,1.403260,0.300157,1.774797
4054,101.350000,1166.772461,396.772461,0.785398,1.272792,1.272792
4055,101.375000,1167.000000,397.571069,1.293232,0.493226,1.731106
4056,101.400000,1167.000000,398.463926,1.570796,0.000000,1.800000
4057,101.425000,1167.000000,399.356783,1.570796,0.000000,1.800000
4058,101.450000,1167.000000,400.249640,1.570796,0.000000,1.800000
4059,101.475000,1167.100761,401.100761,1.452959,0.211617,1.787517
4060,101.500000,1167.732106,401.732106,0.785398,1.272792,1.272792
4061,101.525000,1168.000000,402.513998,1.240709,0.583426,1.702825
4062,101.550000,1168.000000,403.406855,1.570796,0.000000,1.800000
4063,101.575000,1168.000000,404.299712,1.570796,0.000000,1.800000
4064,101.600000,1168.000000,405.192569,1.570796,0.000000,1.800000
4065,101.625000,1168.060406,406.060406,1.501303,0.124987,1.795655
4066,101.650000,1168.691751,406.691751,0.785398,1.272792,1.272792
4067,101.675000,1169.000000,407.456927,1.187838,0.672599,1.669614
4068,101.700000,1169.000000,408.349784,1.570796,0.000000,1.800000
4069,101.725000,1169.171574,409.171574,1.364972,0.367873,1.762007
4070,101.750000,1169.802919,409.802919,0.785398,1.272792,1.272792
4071,101.775000,1170.000000,410.614142,1.332470,0.424937,1.749122
4072,101.800000,1170.358503,411.358503,1.121956,0.781057,1.621712
4073,101.825000,1170.989848,411.989848,0.785398,1.272792,1.272792
4074,101.850000,1171.000000,412.878500,1.559373,0.020562,1.799883
4075,101.875000,1171.000000,413.771357,1.570796,0.000000,1.800000
4076,101.900000,1171.469671,414.469671,0.978712,1.004565,1.493603
4077,101.925000,1172.000000,415.142858,0.903546,1.113891,1.413947
4078,101.950000,1172.000000,416.035715,1.570796,0.000000,1.800000
4079,101.975000,1172.000000,416.928572,1.570796,0.000000,1.800000
4080,102.000000,1171.419162,417.580838,2.298334,-1.197059,1.344265
4081,102.025000,1171.000000,418.300073,2.098464,-0.906335,1.555171
4082,102.050000,1170.863578,419.136422,1.732489,-0.289780,1.776521
4083,102.075000,1170.232232,419.767768,2.356194,-1.272792,1.272792
4084,102.100000,1170.000000,420.564431,1.854443,-0.503745,1.728074
4085,102.125000,1170.000000,421.457288,1.570796,0.000000,1.800000
4086,102.150000,1170.000000,422.350145,1.570796,0.000000,1.800000
4087,102.175000,1170.000000,423.243002,1.570796,0.000000,1.800000
4088,102.200000,1169.903933,424.096067,1.682938,-0.201432,1.788694
4089,102.225000,1169.272587,424.727413,2.356194,-1.272792,1.272792
4090,102.250000,1169.000000,425.507360,1.907021,-0.593866,1.699213
4091,102.275000,1169.000000,426.400217,1.570796,0.000000,1.800000
4092,102.300000,1169.000000,427.293075,1.570796,0.000000,1.800000
4093,102.325000,1169.000000,428.185932,1.570796,0.000000,1.800000
4094,102.350000,1168.944288,429.055712,1.634762,-0.115060,1.796319
4095,102.375000,1168.312943,429.687057,2.356194,-1.272792,1.272792
4096,102.400000,1168.000000,430.450290,1.959913,-0.682868,1.665440
4097,102.425000,1168.000000,431.343147,1.570796,0.000000,1.800000
4098,102.450000,1168.000000,432.236004,1.570796,0.000000,1.800000
4099,102.475000,1168.000000,433.128861,1.570796,0.000000,1.800000
4100,102.500000,1168.000000,434.021718,1.570796,0.000000,1.800000
4101,102.525000,1168.000000,434.914575,1.570796,0.000000,1.800000
4102,102.550000,1168.000000,435.807432,1.570796,0.000000,1.800000
4103,102.575000,1168.000000,436.700290,1.570796,0.000000,1.800000
4104,102.600000,1168.000000,437.593147,1.570796,0.000000,1.800000
4105,102.625000,1167.656343,438.343657,2.000198,-0.749389,1.636587
4106,102.650000,1167.024998,438.975002,2.356194,-1.272792,1.272792
4107,102.675000,1167.000000,439.857505,1.599115,-0.050967,1.799278
4108,102.700000,1167.000000,440.750362,1.570796,0.000000,1.800000
4109,102.725000,1167.000000,441.643219,1.570796,0.000000,1.800000
4110,102.750000,1167.000000,442.536076,1.570796,0.000000,1.800000
4111,102.775000,1167.000000,443.428933,1.570796,0.000000,1.800000
4112,102.800000,1167.000000,444.321790,1.570796,0.000000,1.800000
4113,102.825000,1167.000000,445.214647,1.570796,0.000000,1.800000
4114,102.850000,1167.000000,446.107505,1.570796,0.000000,1.800000
4115,102.875000,1167.000000,447.000362,1.570796,0.000000,1.800000
4116,102.900000,1167.000000,447.893219,1.570796,0.000000,1.800000
4117,102.925000,1166.444160,448.555840,2.268782,-1.156816,1.379049
4118,102.950000,1166.000000,449.264720,2.130521,-0.955716,1.525322
4119,102.975000,1166.000000,450.157577,1.570796,0.000000,1.800000
4120,103.000000,1166.000000,451.050434,1.570796,0.000000,1.800000
4121,103.025000,1166.000000,451.943291,1.570796,0.000000,1.800000
4122,103.050000,1166.000000,452.836148,1.570796,0.000000,1.800000
4123,103.075000,1166.000000,453.729005,1.570796,0.000000,1.800000
4124,103.100000,1166.000000,454.621862,1.570796,0.000000,1.800000
4125,103.125000,1165.636038,455.363962,2.026774,-0.792612,1.616096
4126,103.150000,1165.004693,455.995307,2.356194,-1.272792,1.272792
4127,103.175000,1165.000000,456.886220,1.576064,-0.009482,1.799975
4128,103.200000,1165.000000,457.779077,1.570796,0.000000,1.800000
4129,103.225000,1165.000000,458.671935,1.570796,0.000000,1.800000
4130,103.250000,1165.000000,459.564792,1.570796,0.000000,1.800000
4131,103.275000,1165.000000,460.457649,1.570796,0.000000,1.800000
4132,103.300000,1165.000000,461.350506,1.570796,0.000000,1.800000
4133,103.325000,1165.000000,462.243363,1.570796,0.000000,1.800000
4134,103.350000,1165.000000,463.136220,1.570796,0.000000,1.800000
4135,103.375000,1165.000000,464.029077,1.570796,0.000000,1.800000
4136,103.400000,1165.000000,464.921935,1.570796,0.000000,1.800000
4137,103.425000,1165.000000,465.814792,1.570796,0.000000,1.800000
4138,103.450000,1164.499617,466.500383,2.201280,-1.061164,1.453936
4139,103.475000,1164.000000,467.186292,2.200330,-1.059782,1.454944
4140,103.500000,1164.000000,468.079150,1.570796,0.000000,1.800000
4141,103.525000,1164.000000,468.972007,1.570796,0.000000,1.800000
4142,103.550000,1164.000000,469.864864,1.570796,0.000000,1.800000
4143,103.575000,1164.000000,470.757721,1.570796,0.000000,1.800000
4144,103.600000,1164.000000,471.650578,1.570796,0.000000,1.800000
4145,103.625000,1164.000000,472.543435,1.570796,0.000000,1.800000
4146,103.650000,1164.000000,473.436292,1.570796,0.000000,1.800000
4147,103.675000,1164.000000,474.329150,1.570796,0.000000,1.800000
4148,103.700000,1164.000000,475.222007,1.570796,0.000000,1.800000
4149,103.725000,1164.000000,476.114864,1.570796,0.000000,1.800000
4150,103.750000,1164.000000,477.007721,1.570796,0.000000,1.800000
4151,103.775000,1164.000000,477.900578,1.570796,0.000000,1.800000
4152,103.800000,1164.000000,478.793435,1.570796,0.000000,1.800000
4153,103.825000,1164.000000,479.686292,1.570796,0.000000,1.800000
4154,103.850000,1164.000000,480.579150,1.570796,0.000000,1.800000
4155,103.875000,1164.000000,481.472007,1.570796,0.000000,1.800000
4156,103.900000,1164.000000,482.364864,1.570796,0.000000,1.800000
4157,103.925000,1164.000000,483.257721,1.570796,0.000000,1.800000
4158,103.950000,1164.000000,484.150578,1.570796,0.000000,1.800000
4159,103.975000,1164.000000,485.043435,1.570796,0.000000,1.800000
4160,104.000000,1164.000000,485.936292,1.570796,0.000000,1.800000
4161,104.025000,1164.000000,486.829150,1.570796,0.000000,1.800000
4162,104.050000,1164.000000,487.722007,1.570796,0.000000,1.800000
4163,104.075000,1164.000000,488.614864,1.570796,0.000000,1.800000
4164,104.100000,1164.000000,489.507721,1.570796,0.000000,1.800000
4165,104.125000,1164.000000,490.400578,1.570796,0.000000,1.800000
4166,104.150000,1164.000000,491.293435,1.570796,0.000000,1.800000
4167,104.175000,1164.000000,492.186292,1.570796,0.000000,1.800000
4168,104.200000,1164.000000,493.079150,1.570796,0.000000,1.800000
4169,104.225000,1164.000000,493.972007,1.570796,0.000000,1.800000
4170,104.250000,1164.000000,494.864864,1.570796,0.000000,1.800000
4171,104.275000,1164.000000,495.757721,1.570796,0.000000,1.800000
4172,104.300000,1164.000000,496.650578,1.570796,0.000000,1.800000
4173,104.325000,1164.000000,497.543435,1.570796,0.000000,1.800000
4174,104.350000,1164.000000,498.436292,1.570796,0.000000,1.800000
4175,104.375000,1164.000000,499.329150,1.570796,0.000000,1.800000
4176,104.400000,1164.000000,500.222007,1.570796,0.000000,1.800000
4177,104.425000,1164.000000,501.114864,1.570796,0.000000,1.800000
4178,104.450000,1164.000000,502.007721,1.570796,0.000000,1.800000
4179,104.475000,1164.000000,502.900578,1.570796,0.000000,1.800000
4180,104.500000,1164.000000,503.793435,1.570796,0.000000,1.800000
4181,104.525000,1164.000000,504.686292,1.570796,0.000000,1.800000
4182,104.550000,1164.000000,505.579150,1.570796,0.000000,1.800000
4183,104.575000,1164.000000,506.472007,1.570796,0.000000,1.800000
4184,104.600000,1164.000000,507.364864,1.570796,0.000000,1.800000
4185,104.625000,1164.000000,508.257721,1.570796,0.000000,1.800000
4186,104.650000,1164.000000,509.150578,1.570796,0.000000,1.800000
4187,104.675000,1164.000000,510.043435,1.570796,0.000000,1.800000
4188,104.700000,1164.000000,510.936292,1.570796,0.000000,1.800000
4189,104.725000,1164.000000,511.829150,1.570796,0.000000,1.800000
4190,104.750000,1164.000000,512.722007,1.570796,0.000000,1.800000
4191,104.775000,1164.000000,513.614864,1.570796,0.000000,1.800000
4192,104.800000,1164.000000,514.507721,1.570796,0.000000,1.800000
4193,104.825000,1164.000000,515.400578,1.570796,0.000000,1.800000
4194,104.850000,1164.000000,516.293435,1.570796,0.000000,1.800000
4195,104.875000,1164.000000,517.186292,1.570796,0.000000,1.800000
4196,104.900000,1164.000000,518.079150,1.570796,0.000000,1.800000
4197,104.925000,1164.000000,518.972007,1.570796,0.000000,1.800000
4198,104.950000,1164.000000,519.864864,1.570796,0.000000,1.800000
4199,104.975000,1164.000000,520.757721,1.570796,0.000000,1.800000
4200,105.000000,1164.000000,521.650578,1.570796,0.000000,1.800000
4201,105.025000,1164.000000,522.543435,1.570796,0.000000,1.800000
4202,105.050000,1164.000000,523.436292,1.570796,0.000000,1.800000
4203,105.075000,1164.000000,524.329150,1.570796,0.000000,1.800000
4204,105.100000,1164.000000,525.222007,1.570796,0.000000,1.800000
4205,105.125000,1164.000000,526.114864,1.570796,0.000000,1.800000
4206,105.150000,1164.000000,527.007721,1.570796,0.000000,1.800000
4207,105.175000,1164.000000,527.900578,1.570796,0.000000,1.800000
4208,105.200000,1164.000000,528.793435,1.570796,0.000000,1.800000
4209,105.225000,1164.000000,529.686292,1.570796,0.000000,1.800000
4210,105.250000,1164.000000,530.579150,1.570796,0.000000,1.800000
4211,105.275000,1164.000000,531.472007,1.570796,0.000000,1.800000
4212,105.300000,1164.000000,532.364864,1.570796,0.000000,1.800000
4213,105.325000,1164.000000,533.257721,1.570796,0.000000,1.800000
4214,105.350000,1164.000000,534.150578,1.570796,0.000000,1.800000
4215,105.375000,1164.000000,535.043435,1.570796,0.000000,1.800000
4216,105.400000,1164.000000,535.936292,1.570796,0.000000,1.800000
4217,105.425000,1164.000000,536.829150,1.570796,0.000000,1.800000
4218,105.450000,1164.000000,537.722007,1.570796,0.000000,1.800000
4219,105.475000,1164.000000,538.614864,1.570796,0.000000,1.800000
4220,105.500000,1164.000000,539.507721,1.570796,0.000000,1.800000
4221,105.525000,1164.000000,540.400578,1.570796,0.000000,1.800000
4222,105.550000,1164.000000,541.293435,1.570796,0.000000,1.800000
4223,105.575000,1164.000000,542.186292,1.570796,0.000000,1.800000
4224,105.600000,1164.000000,543.079150,1.570796,0.000000,1.800000
4225,105.625000,1164.000000,543.972007,1.570796,0.000000,1.800000
4226,105.650000,1164.000000,544.864864,1.570796,0.000000,1.800000
4227,105.675000,1164.000000,545.757721,1.570796,0.000000,1.800000
4228,105.700000,1164.000000,546.650578,1.570796,0.000000,1.800000
4229,105.725000,1164.000000,547.543435,1.570796,0.000000,1.800000
4230,105.750000,1164.000000,548.436292,1.570796,0.000000,1.800000
4231,105.775000,1164.000000,549.329150,1.570796,0.000000,1.800000
4232,105.800000,1164.000000,550.222007,1.570796,0.000000,1.800000
4233,105.825000,1164.000000,551.114864,1.570796,0.000000,1.800000
4234,105.850000,1164.000000,552.007721,1.570796,0.000000,1.800000
4235,105.875000,1164.000000,552.900578,1.570796,0.000000,1.800000
4236,105.900000,1164.000000,553.793435,1.570796,0.000000,1.800000
4237,105.925000,1164.000000,554.686292,1.570796,0.000000,1.800000
4238,105.950000,1164.409521,555.409521,1.055570,0.886916,1.566327
4239,105.975000,1165.000000,556.057793,0.832019,1.212093,1.330726
4240,106.000000,1165.000000,556.950650,1.570796,0.000000,1.800000
4241,106.025000,1165.000000,557.843507,1.570796,0.000000,1.800000
4242,106.050000,1165.000000,558.736365,1.570796,0.000000,1.800000
4243,106.075000,1165.000000,559.629222,1.570796,0.000000,1.800000
4244,106.100000,1165.000000,560.522079,1.570796,0.000000,1.800000
4245,106.125000,1165.000000,561.414936,1.570796,0.000000,1.800000
4246,106.150000,1165.000000,562.307793,1.570796,0.000000,1.800000
4247,106.175000,1165.141881,563.141881,1.402306,0.301850,1.774510
4248,106.200000,1165.773227,563.773227,0.785398,1.272792,1.272792
4249,106.225000,1166.000000,564.572151,1.294223,0.491510,1.731594
4250,106.250000,1166.000000,565.465008,1.570796,0.000000,1.800000
4251,106.275000,1166.000000,566.357865,1.570796,0.000000,1.800000
4252,106.300000,1166.000000,567.250722,1.570796,0.000000,1.800000
4253,106.325000,1166.000000,568.143580,1.570796,0.000000,1.800000
4254,106.350000,1166.000000,569.036437,1.570796,0.000000,1.800000
4255,106.375000,1166.000000,569.929294,1.570796,0.000000,1.800000
4256,106.400000,1166.000000,570.822151,1.570796,0.000000,1.800000
4257,106.425000,1166.000000,571.715008,1.570796,0.000000,1.800000
4258,106.450000,1166.000000,572.607865,1.570796,0.000000,1.800000
4259,106.475000,1166.000000,573.500722,1.570796,0.000000,1.800000
4260,106.500000,1166.000000,574.393580,1.570796,0.000000,1.800000
4261,106.525000,1166.202541,575.202541,1.325468,0.437175,1.746104
4262,106.550000,1166.833887,575.833887,0.785398,1.272792,1.272792
4263,106.575000,1167.000000,576.657937,1.371881,0.355692,1.764507
4264,106.600000,1167.000000,577.550795,1.570796,0.000000,1.800000
4265,106.625000,1167.000000,578.443652,1.570796,0.000000,1.800000
4266,106.650000,1167.000000,579.336509,1.570796,0.000000,1.800000
4267,106.675000,1167.000000,580.229366,1.570796,0.000000,1.800000
4268,106.700000,1167.000000,581.122223,1.570796,0.000000,1.800000
4269,106.725000,1167.000000,582.015080,1.570796,0.000000,1.800000
4270,106.750000,1167.000000,582.907937,1.570796,0.000000,1.800000
4271,106.775000,1167.000000,583.800795,1.570796,0.000000,1.800000
4272,106.800000,1167.000000,584.693652,1.570796,0.000000,1.800000
4273,106.825000,1167.000000,585.586509,1.570796,0.000000,1.800000
4274,106.850000,1167.000000,586.479366,1.570796,0.000000,1.800000
4275,106.875000,1167.000000,587.372223,1.570796,0.000000,1.800000
4276,106.900000,1167.000000,588.265080,1.570796,0.000000,1.800000
4277,106.925000,1167.000000,589.157937,1.570796,0.000000,1.800000
4278,106.950000,1167.000000,590.050795,1.570796,0.000000,1.800000
4279,106.975000,1167.000000,590.943652,1.570796,0.000000,1.800000
4280,107.000000,1167.000000,591.836509,1.570796,0.000000,1.800000
4281,107.025000,1167.000000,592.729366,1.570796,0.000000,1.800000
4282,107.050000,1167.000000,593.622223,1.570796,0.000000,1.800000
4283,107.075000,1166.635783,594.364217,2.027107,-0.793151,1.615832
4284,107.100000,1166.004438,594.995562,2.356194,-1.272792,1.272792
4285,107.125000,1166.000000,595.886581,1.575777,-0.008965,1.799978
4286,107.150000,1166.000000,596.779438,1.570796,0.000000,1.800000
4287,107.175000,1166.000000,597.672295,1.570796,0.000000,1.800000
4288,107.200000,1166.000000,598.565152,1.570796,0.000000,1.800000
4289,107.225000,1166.000000,599.458010,1.570796,0.000000,1.800000
4290,107.250000,1166.000000,600.350867,1.570796,0.000000,1.800000
4291,107.275000,1166.000000,601.243724,1.570796,0.000000,1.800000
4292,107.300000,1166.000000,602.136581,1.570796,0.000000,1.800000
4293,107.325000,1166.000000,603.029438,1.570796,0.000000,1.800000
4294,107.350000,1166.000000,603.922295,1.570796,0.000000,1.800000
4295,107.375000,1166.000000,604.815152,1.570796,0.000000,1.800000
4296,107.400000,1166.000000,605.708010,1.570796,0.000000,1.800000
4297,107.425000,1166.000000,606.600867,1.570796,0.000000,1.800000
4298,107.450000,1166.000000,607.493724,1.570796,0.000000,1.800000
4299,107.475000,1166.000000,608.386581,1.570796,0.000000,1.800000
4300,107.500000,1166.000000,609.279438,1.570796,0.000000,1.800000
4301,107.525000,1166.000000,610.172295,1.570796,0.000000,1.800000
4302,107.550000,1166.000000,611.065152,1.570796,0.000000,1.800000
4303,107.575000,1166.000000,611.958010,1.570796,0.000000,1.800000
4304,107.600000,1166.000000,612.850867,1.570796,0.000000,1.800000
4305,107.625000,1166.000000,613.743724,1.570796,0.000000,1.800000
4306,107.650000,1166.000000,614.636581,1.570796,0.000000,1.800000
4307,107.675000,1166.000000,615.529438,1.570796,0.000000,1.800000
4308,107.700000,1166.000000,616.422295,1.570796,0.000000,1.800000
4309,107.725000,1166.000000,617.315152,1.570796,0.000000,1.800000
4310,107.750000,1166.000000,618.208010,1.570796,0.000000,1.800000
4311,107.775000,1166.000000,619.100867,1.570796,0.000000,1.800000
4312,107.800000,1166.000000,619.993724,1.570796,0.000000,1.800000
4313,107.825000,1166.000000,620.886581,1.570796,0.000000,1.800000
4314,107.850000,1166.000000,621.779438,1.570796,0.000000,1.800000
4315,107.875000,1166.000000,622.672295,1.570796,0.000000,1.800000
4316,107.900000,1166.000000,623.565152,1.570796,0.000000,1.800000
4317,107.925000,1166.000000,624.458010,1.570796,0.000000,1.800000
4318,107.950000,1166.000000,625.350867,1.570796,0.000000,1.800000
4319,107.975000,1166.000000,626.243724,1.570796,0.000000,1.800000
4320,108.000000,1166.000000,627.136581,1.570796,0.000000,1.800000
4321,108.025000,1166.000000,628.029438,1.570796,0.000000,1.800000
4322,108.050000,1166.000000,628.922295,1.570796,0.000000,1.800000
4323,108.075000,1166.000000,629.815152,1.570796,0.000000,1.800000
4324,108.100000,1166.000000,630.708010,1.570796,0.000000,1.800000
4325,108.125000,1166.000000,631.600867,1.570796,0.000000,1.800000
4326,108.150000,1166.000000,632.493724,1.570796,0.000000,1.800000
4327,108.175000,1166.000000,633.386581,1.570796,0.000000,1.800000
4328,108.200000,1166.000000,634.279438,1.570796,0.000000,1.800000
4329,108.225000,1166.000000,635.172295,1.570796,0.000000,1.800000
4330,108.250000,1166.000000,636.065152,1.570796,0.000000,1.800000
4331,108.275000,1166.000000,636.958010,1.570796,0.000000,1.800000
4332,108.300000,1166.000000,637.850867,1.570796,0.000000,1.800000
4333,108.325000,1166.000000,638.743724,1.570796,0.000000,1.800000
4334,108.350000,1166.000000,639.636581,1.570796,0.000000,1.800000
4335,108.375000,1166.000000,640.529438,1.570796,0.000000,1.800000
4336,108.400000,1166.000000,641.422295,1.570796,0.000000,1.800000
4337,108.425000,1166.000000,642.315152,1.570796,0.000000,1.800000
4338,108.450000,1166.000000,643.208010,1.570796,0.000000,1.800000
4339,108.475000,1166.000000,644.100867,1.570796,0.000000,1.800000
4340,108.500000,1166.000000,644.993724,1.570796,0.000000,1.800000
4341,108.525000,1166.000000,645.886581,1.570796,0.000000,1.800000
4342,108.550000,1166.000000,646.779438,1.570796,0.000000,1.800000
4343,108.575000,1166.000000,647.672295,1.570796,0.000000,1.800000
4344,108.600000,1166.000000,648.565152,1.570796,0.000000,1.800000
4345,108.625000,1166.000000,649.458010,1.570796,0.000000,1.800000
4346,108.650000,1166.000000,650.350867,1.570796,0.000000,1.800000
4347,108.675000,1166.000000,651.243724,1.570796,0.000000,1.800000
4348,108.700000,1166.000000,652.136581,1.570796,0.000000,1.800000
4349,108.725000,1166.000000,653.029438,1.570796,0.000000,1.800000
4350,108.750000,1166.000000,653.922295,1.570796,0.000000,1.800000
4351,108.775000,1166.000000,654.815152,1.570796,0.000000,1.800000
4352,108.800000,1166.000000,655.708010,1.570796,0.000000,1.800000
4353,108.825000,1166.000000,656.600867,1.570796,0.000000,1.800000
4354,108.850000,1166.000000,657.493724,1.570796,0.000000,1.800000
4355,108.875000,1166.000000,658.386581,1.570796,0.000000,1.800000
4356,108.900000,1166.000000,659.279438,1.570796,0.000000,1.800000
4357,108.925000,1166.000000,660.172295,1.570796,0.000000,1.800000
4358,108.950000,1166.000000,661.065152,1.570796,0.000000,1.800000
4359,108.975000,1166.000000,661.958010,1.570796,0.000000,1.800000
4360,109.000000,1166.000000,662.850867,1.570796,0.000000,1.800000
4361,109.025000,1166.000000,663.743724,1.570796,0.000000,1.800000
4362,109.050000,1166.000000,664.636581,1.570796,0.000000,1.800000
4363,109.075000,1166.000000,665.529438,1.570796,0.000000,1.800000
4364,109.100000,1166.000000,666.422295,1.570796,0.000000,1.800000
4365,109.125000,1166.000000,667.315152,1.570796,0.000000,1.800000
4366,109.150000,1166.000000,668.208010,1.570796,0.000000,1.800000
4367,109.175000,1166.000000,669.100867,1.570796,0.000000,1.800000
4368,109.200000,1166.000000,669.993724,1.570796,0.000000,1.800000
4369,109.225000,1166.000000,670.886581,1.570796,0.000000,1.800000
4370,109.250000,1166.000000,671.779438,1.570796,0.000000,1.800000
4371,109.275000,1166.000000,672.672295,1.570796,0.000000,1.800000
4372,109.300000,1166.000000,673.565152,1.570796,0.000000,1.800000
4373,109.325000,1166.000000,674.458010,1.570796,0.000000,1.800000
4374,109.350000,1166.248100,675.248100,1.266532,0.539265,1.717322
4375,109.375000,1166.879446,675.879446,0.785398,1.272792,1.272792
4376,109.400000,1167.000000,676.722367,1.428740,0.254842,1.781869
4377,109.425000,1167.000000,677.615225,1.570796,0.000000,1.800000
4378,109.450000,1167.000000,678.508082,1.570796,0.000000,1.800000
4379,109.475000,1167.000000,679.400939,1.570796,0.000000,1.800000
4380,109.500000,1167.000000,680.293796,1.570796,0.000000,1.800000
4381,109.525000,1167.000000,681.186653,1.570796,0.000000,1.800000
4382,109.550000,1167.000000,682.079510,1.570796,0.000000,1.800000
4383,109.575000,1167.000000,682.972367,1.570796,0.000000,1.800000
4384,109.600000,1167.000000,683.865225,1.570796,0.000000,1.800000
4385,109.625000,1167.000000,684.758082,1.570796,0.000000,1.800000
4386,109.650000,1167.000000,685.650939,1.570796,0.000000,1.800000
4387,109.675000,1167.000000,686.543796,1.570796,0.000000,1.800000
4388,109.700000,1167.000000,687.436653,1.570796,0.000000,1.800000
4389,109.725000,1167.000000,688.329510,1.570796,0.000000,1.800000
4390,109.750000,1167.000000,689.222367,1.570796,0.000000,1.800000
4391,109.775000,1167.000000,690.115225,1.570796,0.000000,1.800000
4392,109.800000,1167.000000,691.008082,1.570796,0.000000,1.800000
4393,109.825000,1167.000000,691.900939,1.570796,0.000000,1.800000
4394,109.850000,1167.000000,692.793796,1.570796,0.000000,1.800000
4395,109.875000,1167.000000,693.686653,1.570796,0.000000,1.800000
4396,109.900000,1167.000000,694.579510,1.570796,0.000000,1.800000
4397,109.925000,1167.000000,695.472367,1.570796,0.000000,1.800000
4398,109.950000,1167.000000,696.365225,1.570796,0.000000,1.800000
4399,109.975000,1167.000000,697.258082,1.570796,0.000000,1.800000
4400,110.000000,1167.000000,698.150939,1.570796,0.000000,1.800000
4401,110.025000,1167.000000,699.043796,1.570796,0.000000,1.800000
4402,110.050000,1167.000000,699.936653,1.570796,0.000000,1.800000
4403,110.075000,1167.586552,700.586552,0.836586,1.206002,1.336248
4404,110.100000,1168.000000,701.308154,1.050498,0.894851,1.561807
4405,110.125000,1168.000000,702.201011,1.570796,0.000000,1.800000
4406,110.150000,1168.000000,703.093868,1.570796,0.000000,1.800000
4407,110.175000,1168.000000,703.986725,1.570796,0.000000,1.800000
4408,110.200000,1168.000000,704.879582,1.570796,0.000000,1.800000
4409,110.225000,1168.000000,705.772440,1.570796,0.000000,1.800000
4410,110.250000,1168.000000,706.665297,1.570796,0.000000,1.800000
4411,110.275000,1168.000000,707.558154,1.570796,0.000000,1.800000
4412,110.300000,1168.000000,708.451011,1.570796,0.000000,1.800000
4413,110.325000,1168.000000,709.343868,1.570796,0.000000,1.800000
4414,110.350000,1168.000000,710.236725,1.570796,0.000000,1.800000
4415,110.375000,1168.000000,711.129582,1.570796,0.000000,1.800000
4416,110.400000,1168.000000,712.022440,1.570796,0.000000,1.800000
4417,110.425000,1168.000000,712.915297,1.570796,0.000000,1.800000
4418,110.450000,1168.000000,713.808154,1.570796,0.000000,1.800000
4419,110.475000,1168.000000,714.701011,1.570796,0.000000,1.800000
4420,110.500000,1168.000000,715.593868,1.570796,0.000000,1.800000
4421,110.525000,1168.000000,716.486725,1.570796,0.000000,1.800000
4422,110.550000,1168.000000,717.379582,1.570796,0.000000,1.800000
4423,110.575000,1168.000000,718.272440,1.570796,0.000000,1.800000
4424,110.600000,1168.000000,719.165297,1.570796,0.000000,1.800000
4425,110.625000,1168.041121,720.041121,1.523880,0.084419,1.798019
4426,110.650000,1168.672466,720.672466,0.785398,1.272792,1.272792
4427,110.675000,1169.000000,721.429655,1.162535,0.714626,1.652062
4428,110.700000,1169.000000,722.322512,1.570796,0.000000,1.800000
4429,110.725000,1169.000000,723.215369,1.570796,0.000000,1.800000
4430,110.750000,1169.000000,724.108226,1.570796,0.000000,1.800000
4431,110.775000,1169.000000,725.001083,1.570796,0.000000,1.800000
4432,110.800000,1169.000000,725.893940,1.570796,0.000000,1.800000
4433,110.825000,1169.000000,726.786797,1.570796,0.000000,1.800000
4434,110.850000,1169.000000,727.679655,1.570796,0.000000,1.800000
4435,110.875000,1169.000000,728.572512,1.570796,0.000000,1.800000
4436,110.900000,1169.000000,729.465369,1.570796,0.000000,1.800000
4437,110.925000,1169.000000,730.358226,1.570796,0.000000,1.800000
4438,110.950000,1169.000000,731.251083,1.570796,0.000000,1.800000
4439,110.975000,1169.101781,732.101781,1.451718,0.213835,1.787253
4440,111.000000,1169.733127,732.733127,0.785398,1.272792,1.272792
4441,111.025000,1170.000000,733.515441,1.242042,0.581155,1.703602
4442,111.050000,1170.000000,734.408298,1.570796,0.000000,1.800000
4443,111.075000,1170.000000,735.301155,1.570796,0.000000,1.800000
4444,111.100000,1170.000000,736.194012,1.570796,0.000000,1.800000
4445,111.125000,1170.000000,737.086870,1.570796,0.000000,1.800000
4446,111.150000,1170.000000,737.979727,1.570796,0.000000,1.800000
4447,111.175000,1170.000000,738.872584,1.570796,0.000000,1.800000
4448,111.200000,1170.000000,739.765441,1.570796,0.000000,1.800000
4449,111.225000,1170.000000,740.658298,1.570796,0.000000,1.800000
4450,111.250000,1170.000000,741.551155,1.570796,0.000000,1.800000
4451,111.275000,1170.000000,742.444012,1.570796,0.000000,1.800000
4452,111.300000,1170.000000,743.336870,1.570796,0.000000,1.800000
4453,111.325000,1170.000000,744.229727,1.570796,0.000000,1.800000
4454,111.350000,1170.000000,745.122584,1.570796,0.000000,1.800000
4455,111.375000,1170.000000,746.015441,1.570796,0.000000,1.800000
4456,111.400000,1170.000000,746.908298,1.570796,0.000000,1.800000
4457,111.425000,1170.000000,747.801155,1.570796,0.000000,1.800000
4458,111.450000,1170.000000,748.694012,1.570796,0.000000,1.800000
4459,111.475000,1170.000000,749.586870,1.570796,0.000000,1.800000
4460,111.500000,1170.000000,750.479727,1.570796,0.000000,1.800000
4461,111.525000,1170.000000,751.372584,1.570796,0.000000,1.800000
4462,111.550000,1170.000000,752.265441,1.570796,0.000000,1.800000
4463,111.575000,1170.000000,753.158298,1.570796,0.000000,1.800000
4464,111.600000,1170.036172,754.036172,1.529615,0.074105,1.798474
4465,111.625000,1170.667518,754.667518,0.785398,1.272792,1.272792
4466,111.650000,1171.000000,755.422656,1.156044,0.725334,1.647389
4467,111.675000,1171.000000,756.315513,1.570796,0.000000,1.800000
4468,111.700000,1171.000000,757.208370,1.570796,0.000000,1.800000
4469,111.725000,1171.000000,758.101227,1.570796,0.000000,1.800000
4470,111.750000,1171.000000,758.994085,1.570796,0.000000,1.800000
4471,111.775000,1171.000000,759.886942,1.570796,0.000000,1.800000
4472,111.800000,1171.000000,760.779799,1.570796,0.000000,1.800000
4473,111.825000,1171.000000,761.672656,1.570796,0.000000,1.800000
4474,111.850000,1171.000000,762.565513,1.570796,0.000000,1.800000
4475,111.875000,1171.000000,763.458370,1.570796,0.000000,1.800000
4476,111.900000,1171.000000,764.351227,1.570796,0.000000,1.800000
4477,111.925000,1171.000000,765.244085,1.570796,0.000000,1.800000
4478,111.950000,1171.000000,766.136942,1.570796,0.000000,1.800000
4479,111.975000,1171.000000,767.029799,1.570796,0.000000,1.800000
4480,112.000000,1171.000000,767.922656,1.570796,0.000000,1.800000
4481,112.025000,1171.000000,768.815513,1.570796,0.000000,1.800000
4482,112.050000,1171.000000,769.708370,1.570796,0.000000,1.800000
4483,112.075000,1171.000000,770.601227,1.570796,0.000000,1.800000
4484,112.100000,1171.000000,771.494085,1.570796,0.000000,1.800000
4485,112.125000,1171.000000,772.386942,1.570796,0.000000,1.800000
4486,112.150000,1171.000000,773.279799,1.570796,0.000000,1.800000
4487,112.175000,1171.000000,774.172656,1.570796,0.000000,1.800000
4488,112.200000,1171.000000,775.065513,1.570796,0.000000,1.800000
4489,112.225000,1171.000000,775.958370,1.570796,0.000000,1.800000
4490,112.250000,1171.000000,776.851227,1.570796,0.000000,1.800000
4491,112.275000,1171.000000,777.744085,1.570796,0.000000,1.800000
4492,112.300000,1171.000000,778.636942,1.570796,0.000000,1.800000
4493,112.325000,1171.000000,779.529799,1.570796,0.000000,1.800000
4494,112.350000,1171.000000,780.422656,1.570796,0.000000,1.800000
4495,112.375000,1171.223102,781.223102,1.298973,0.483278,1.733910
4496,112.400000,1171.854447,781.854447,0.785398,1.272792,1.272792
4497,112.425000,1172.000000,782.687014,1.397721,0.309983,1.773108
4498,112.450000,1172.000000,783.579871,1.570796,0.000000,1.800000
4499,112.475000,1172.000000,784.472728,1.570796,0.000000,1.800000
4500,112.500000,1172.000000,785.365585,1.570796,0.000000,1.800000
4501,112.525000,1172.000000,786.258443,1.570796,0.000000,1.800000
4502,112.550000,1172.000000,787.151300,1.570796,0.000000,1.800000
4503,112.575000,1172.000000,788.044157,1.570796,0.000000,1.800000
4504,112.600000,1172.000000,788.937014,1.570796,0.000000,1.800000
4505,112.625000,1172.000000,789.829871,1.570796,0.000000,1.800000
4506,112.650000,1172.000000,790.722728,1.570796,0.000000,1.800000
4507,112.675000,1172.000000,791.615585,1.570796,0.000000,1.800000
4508,112.700000,1172.000000,792.508443,1.570796,0.000000,1.800000
4509,112.725000,1172.000000,793.401300,1.570796,0.000000,1.800000
4510,112.750000,1172.000000,794.294157,1.570796,0.000000,1.800000
4511,112.775000,1172.000000,795.187014,1.570796,0.000000,1.800000
4512,112.800000,1172.000000,796.079871,1.570796,0.000000,1.800000
4513,112.825000,1172.000000,796.972728,1.570796,0.000000,1.800000
4514,112.850000,1172.000000,797.865585,1.570796,0.000000,1.800000
4515,112.875000,1172.000000,798.758443,1.570796,0.000000,1.800000
4516,112.900000,1172.000000,799.651300,1.570796,0.000000,1.800000
4517,112.925000,1172.000000,800.544157,1.570796,0.000000,1.800000
4518,112.950000,1172.000000,801.437014,1.570796,0.000000,1.800000
4519,112.975000,1172.000000,802.329871,1.570796,0.000000,1.800000
4520,113.000000,1172.000000,803.222728,1.570796,0.000000,1.800000
4521,113.025000,1172.000000,804.115585,1.570796,0.000000,1.800000
4522,113.050000,1172.000000,805.008443,1.570796,0.000000,1.800000
4523,113.075000,1172.000000,805.901300,1.570796,0.000000,1.800000
4524,113.100000,1172.000000,806.794157,1.570796,0.000000,1.800000
4525,113.125000,1172.000000,807.687014,1.570796,0.000000,1.800000
4526,113.150000,1172.410031,808.410031,1.054911,0.887949,1.565741
4527,113.175000,1173.000000,809.058515,0.832611,1.211304,1.331444
4528,113.200000,1173.000000,809.951372,1.570796,0.000000,1.800000
4529,113.225000,1173.000000,810.844229,1.570796,0.000000,1.800000
4530,113.250000,1173.000000,811.737086,1.570796,0.000000,1.800000
4531,113.275000,1173.000000,812.629943,1.570796,0.000000,1.800000
4532,113.300000,1173.000000,813.522800,1.570796,0.000000,1.800000
4533,113.325000,1173.000000,814.415658,1.570796,0.000000,1.800000
4534,113.350000,1173.000000,815.308515,1.570796,0.000000,1.800000
4535,113.375000,1173.000000,816.201372,1.570796,0.000000,1.800000
4536,113.400000,1173.000000,817.094229,1.570796,0.000000,1.800000
4537,113.425000,1173.000000,817.987086,1.570796,0.000000,1.800000
4538,113.450000,1173.000000,818.879943,1.570796,0.000000,1.800000
4539,113.475000,1173.000000,819.772800,1.570796,0.000000,1.800000
4540,113.500000,1173.000000,820.665658,1.570796,0.000000,1.800000
4541,113.525000,1173.000000,821.558515,1.570796,0.000000,1.800000
4542,113.550000,1173.000000,822.451372,1.570796,0.000000,1.800000
4543,113.575000,1173.000000,823.344229,1.570796,0.000000,1.800000
4544,113.600000,1173.000000,824.237086,1.570796,0.000000,1.800000
4545,113.625000,1173.000000,825.129943,1.570796,0.000000,1.800000
4546,113.650000,1173.000000,826.022800,1.570796,0.000000,1.800000
4547,113.675000,1173.000000,826.915658,1.570796,0.000000,1.800000
4548,113.700000,1173.000000,827.808515,1.570796,0.000000,1.800000
4549,113.725000,1173.000000,828.701372,1.570796,0.000000,1.800000
4550,113.750000,1173.000000,829.594229,1.570796,0.000000,1.800000
4551,113.775000,1173.000000,830.487086,1.570796,0.000000,1.800000
4552,113.800000,1173.000000,831.379943,1.570796,0.000000,1.800000
4553,113.825000,1173.000000,832.272800,1.570796,0.000000,1.800000
4554,113.850000,1173.000000,833.165658,1.570796,0.000000,1.800000
4555,113.875000,1173.000000,834.058515,1.570796,0.000000,1.800000
4556,113.900000,1173.000000,834.951372,1.570796,0.000000,1.800000
4557,113.925000,1173.000000,835.844229,1.570796,0.000000,1.800000
4558,113.950000,1173.000000,836.737086,1.570796,0.000000,1.800000
4559,113.975000,1173.000000,837.629943,1.570796,0.000000,1.800000
4560,114.000000,1173.000000,838.522800,1.570796,0.000000,1.800000
4561,114.025000,1173.000000,839.415658,1.570796,0.000000,1.800000
4562,114.050000,1173.000000,840.308515,1.570796,0.000000,1.800000
4563,114.075000,1172.857609,841.142391,1.739923,-0.302979,1.774318
4564,114.100000,1172.226263,841.773737,2.356194,-1.272792,1.272792
4565,114.125000,1172.000000,842.572873,1.846710,-0.490367,1.731918
4566,114.150000,1172.000000,843.465730,1.570796,0.000000,1.800000
4567,114.175000,1172.000000,844.358587,1.570796,0.000000,1.800000
4568,114.200000,1172.000000,845.251444,1.570796,0.000000,1.800000
4569,114.225000,1172.000000,846.144301,1.570796,0.000000,1.800000
4570,114.250000,1172.000000,847.037158,1.570796,0.000000,1.800000
4571,114.275000,1172.000000,847.930015,1.570796,0.000000,1.800000
4572,114.300000,1172.000000,848.822873,1.570796,0.000000,1.800000
4573,114.325000,1172.000000,849.715730,1.570796,0.000000,1.800000
4574,114.350000,1172.000000,850.608587,1.570796,0.000000,1.800000
4575,114.375000,1172.000000,851.501444,1.570796,0.000000,1.800000
4576,114.400000,1172.000000,852.394301,1.570796,0.000000,1.800000
4577,114.425000,1172.000000,853.287158,1.570796,0.000000,1.800000
4578,114.450000,1171.872710,854.127290,1.721165,-0.269644,1.779689
4579,114.475000,1171.241365,854.758635,2.356194,-1.272792,1.272792
4580,114.500000,1171.000000,855.551516,1.866298,-0.524196,1.721981
4581,114.525000,1171.000000,856.444373,1.570796,0.000000,1.800000
4582,114.550000,1171.000000,857.337230,1.570796,0.000000,1.800000
4583,114.575000,1171.000000,858.230088,1.570796,0.000000,1.800000
4584,114.600000,1171.000000,859.122945,1.570796,0.000000,1.800000
4585,114.625000,1171.000000,860.015802,1.570796,0.000000,1.800000
4586,114.650000,1171.000000,860.908659,1.570796,0.000000,1.800000
4587,114.675000,1171.000000,861.801516,1.570796,0.000000,1.800000
4588,114.700000,1171.000000,862.694373,1.570796,0.000000,1.800000
4589,114.725000,1171.000000,863.587230,1.570796,0.000000,1.800000
4590,114.750000,1171.000000,864.480088,1.570796,0.000000,1.800000
4591,114.775000,1171.000000,865.372945,1.570796,0.000000,1.800000
4592,114.800000,1171.000000,866.265802,1.570796,0.000000,1.800000
4593,114.825000,1170.887811,867.112189,1.702578,-0.236522,1.784393
4594,114.850000,1170.256466,867.743534,2.356194,-1.272792,1.272792
4595,114.875000,1170.000000,868.530160,1.885962,-0.557954,1.711341
4596,114.900000,1170.000000,869.423017,1.570796,0.000000,1.800000
4597,114.925000,1170.000000,870.315874,1.570796,0.000000,1.800000
4598,114.950000,1170.000000,871.208731,1.570796,0.000000,1.800000
4599,114.975000,1170.000000,872.101588,1.570796,0.000000,1.800000
4600,115.000000,1170.000000,872.994445,1.570796,0.000000,1.800000
4601,115.025000,1170.000000,873.887303,1.570796,0.000000,1.800000
4602,115.050000,1170.000000,874.780160,1.570796,0.000000,1.800000
4603,115.075000,1170.000000,875.673017,1.570796,0.000000,1.800000
4604,115.100000,1170.000000,876.565874,1.570796,0.000000,1.800000
4605,115.125000,1170.000000,877.458731,1.570796,0.000000,1.800000
4606,115.150000,1170.000000,878.351588,1.570796,0.000000,1.800000
4607,115.175000,1170.000000,879.244445,1.570796,0.000000,1.800000
4608,115.200000,1170.000000,880.137303,1.570796,0.000000,1.800000
4609,115.225000,1170.000000,881.030160,1.570796,0.000000,1.800000
4610,115.250000,1170.000000,881.923017,1.570796,0.000000,1.800000
4611,115.275000,1170.000000,882.815874,1.570796,0.000000,1.800000
4612,115.300000,1170.000000,883.708731,1.570796,0.000000,1.800000
4613,115.325000,1170.000000,884.601588,1.570796,0.000000,1.800000
4614,115.350000,1170.000000,885.494445,1.570796,0.000000,1.800000
4615,115.375000,1170.000000,886.387303,1.570796,0.000000,1.800000
4616,115.400000,1170.000000,887.280160,1.570796,0.000000,1.800000
4617,115.425000,1170.000000,888.173017,1.570796,0.000000,1.800000
4618,115.450000,1170.000000,889.065874,1.570796,0.000000,1.800000
4619,115.475000,1170.000000,889.958731,1.570796,0.000000,1.800000
4620,115.500000,1170.000000,890.851588,1.570796,0.000000,1.800000
4621,115.525000,1170.000000,891.744445,1.570796,0.000000,1.800000
4622,115.550000,1170.000000,892.637303,1.570796,0.000000,1.800000
4623,115.575000,1170.000000,893.530160,1.570796,0.000000,1.800000
4624,115.600000,1170.000000,894.423017,1.570796,0.000000,1.800000
4625,115.625000,1170.000000,895.315874,1.570796,0.000000,1.800000
4626,115.650000,1170.000000,896.208731,1.570796,0.000000,1.800000
4627,115.675000,1170.000000,897.101588,1.570796,0.000000,1.800000
4628,115.700000,1170.000000,897.994445,1.570796,0.000000,1.800000
4629,115.725000,1170.000000,898.887303,1.570796,0.000000,1.800000
4630,115.750000,1170.000000,899.780160,1.570796,0.000000,1.800000
4631,115.775000,1170.000000,900.673017,1.570796,0.000000,1.800000
4632,115.800000,1170.000000,901.565874,1.570796,0.000000,1.800000
4633,115.825000,1170.000000,902.458731,1.570796,0.000000,1.800000
4634,115.850000,1170.000000,903.351588,1.570796,0.000000,1.800000
4635,115.875000,1170.000000,904.244445,1.570796,0.000000,1.800000
4636,115.900000,1170.000000,905.137303,1.570796,0.000000,1.800000
4637,115.925000,1170.000000,906.030160,1.570796,0.000000,1.800000
4638,115.950000,1170.000000,906.923017,1.570796,0.000000,1.800000
4639,115.975000,1170.000000,907.815874,1.570796,0.000000,1.800000
4640,116.000000,1170.000000,908.708731,1.570796,0.000000,1.800000
4641,116.025000,1170.000000,909.601588,1.570796,0.000000,1.800000
4642,116.050000,1170.000000,910.494445,1.570796,0.000000,1.800000
4643,116.075000,1170.000000,911.387303,1.570796,0.000000,1.800000
4644,116.100000,1170.000000,912.280160,1.570796,0.000000,1.800000
4645,116.125000,1170.000000,913.173017,1.570796,0.000000,1.800000
4646,116.150000,1170.000000,914.065874,1.570796,0.000000,1.800000
4647,116.175000,1170.000000,914.958731,1.570796,0.000000,1.800000
4648,116.200000,1170.000000,915.851588,1.570796,0.000000,1.800000
4649,116.225000,1170.000000,916.744445,1.570796,0.000000,1.800000
4650,116.250000,1170.000000,917.637303,1.570796,0.000000,1.800000
4651,116.275000,1170.000000,918.530160,1.570796,0.000000,1.800000
4652,116.300000,1170.000000,919.423017,1.570796,0.000000,1.800000
4653,116.325000,1170.000000,920.315874,1.570796,0.000000,1.800000
4654,116.350000,1170.000000,921.208731,1.570796,0.000000,1.800000
4655,116.375000,1170.000000,922.101588,1.570796,0.000000,1.800000
4656,116.400000,1170.000000,922.994445,1.570796,0.000000,1.800000
4657,116.425000,1170.000000,923.887303,1.570796,0.000000,1.800000
4658,116.450000,1170.000000,924.780160,1.570796,0.000000,1.800000
4659,116.475000,1170.000000,925.673017,1.570796,0.000000,1.800000
4660,116.500000,1170.000000,926.565874,1.570796,0.000000,1.800000
4661,116.525000,1170.000000,927.458731,1.570796,0.000000,1.800000
4662,116.550000,1170.000000,928.351588,1.570796,0.000000,1.800000
4663,116.575000,1170.000000,929.244445,1.570796,0.000000,1.800000
4664,116.600000,1170.000000,930.137303,1.570796,0.000000,1.800000
4665,116.625000,1170.000000,931.030160,1.570796,0.000000,1.800000
4666,116.650000,1170.000000,931.923017,1.570796,0.000000,1.800000
4667,116.675000,1170.000000,932.815874,1.570796,0.000000,1.800000
4668,116.700000,1170.000000,933.708731,1.570796,0.000000,1.800000
4669,116.725000,1170.000000,934.601588,1.570796,0.000000,1.800000
4670,116.750000,1170.000000,935.494445,1.570796,0.000000,1.800000
4671,116.775000,1170.000000,936.387303,1.570796,0.000000,1.800000
4672,116.800000,1170.000000,937.280160,1.570796,0.000000,1.800000
4673,116.825000,1170.000000,938.173017,1.570796,0.000000,1.800000
4674,116.850000,1170.000000,939.065874,1.570796,0.000000,1.800000
4675,116.875000,1170.000000,939.958731,1.570796,0.000000,1.800000
4676,116.900000,1170.000000,940.851588,1.570796,0.000000,1.800000
4677,116.925000,1170.000000,941.744445,1.570796,0.000000,1.800000
4678,116.950000,1170.000000,942.637303,1.570796,0.000000,1.800000
4679,116.975000,1170.000000,943.530160,1.570796,0.000000,1.800000
4680,117.000000,1170.000000,944.423017,1.570796,0.000000,1.800000
4681,117.025000,1170.000000,945.315874,1.570796,0.000000,1.800000
4682,117.050000,1170.000000,946.208731,1.570796,0.000000,1.800000
4683,117.075000,1170.000000,947.101588,1.570796,0.000000,1.800000
4684,117.100000,1170.000000,947.994445,1.570796,0.000000,1.800000
4685,117.125000,1170.000000,948.887303,1.570796,0.000000,1.800000
4686,117.150000,1170.000000,949.780160,1.570796,0.000000,1.800000
4687,117.175000,1170.000000,950.673017,1.570796,0.000000,1.800000
4688,117.200000,1169.599867,951.400133,2.073871,-0.867819,1.576988
4689,117.225000,1169.000000,952.044518,2.320431,-1.226469,1.317488
4690,117.250000,1169.000000,952.937375,1.570796,0.000000,1.800000
4691,117.275000,1169.000000,953.830232,1.570796,0.000000,1.800000
4692,117.300000,1169.000000,954.723089,1.570796,0.000000,1.800000
4693,117.325000,1169.000000,955.615946,1.570796,0.000000,1.800000
4694,117.350000,1169.000000,956.508803,1.570796,0.000000,1.800000
4695,117.375000,1169.000000,957.401660,1.570796,0.000000,1.800000
4696,117.400000,1169.000000,958.294518,1.570796,0.000000,1.800000
4697,117.425000,1169.000000,959.187375,1.570796,0.000000,1.800000
4698,117.450000,1169.000000,960.080232,1.570796,0.000000,1.800000
4699,117.475000,1169.000000,960.973089,1.570796,0.000000,1.800000
4700,117.500000,1168.387684,961.612316,2.334696,-1.245136,1.299860
4701,117.525000,1168.000000,962.344590,2.057706,-0.842214,1.590810
4702,117.550000,1168.000000,963.237447,1.570796,0.000000,1.800000
4703,117.575000,1168.000000,964.130304,1.570796,0.000000,1.800000
4704,117.600000,1168.000000,965.023161,1.570796,0.000000,1.800000
4705,117.625000,1168.000000,965.916018,1.570796,0.000000,1.800000
4706,117.650000,1168.000000,966.808875,1.570796,0.000000,1.800000
4707,117.675000,1168.000000,967.701733,1.570796,0.000000,1.800000
4708,117.700000,1168.000000,968.594590,1.570796,0.000000,1.800000
4709,117.725000,1168.000000,969.487447,1.570796,0.000000,1.800000
4710,117.750000,1167.731084,970.268916,1.902219,-0.585700,1.702045
4711,117.775000,1167.099739,970.900261,2.356194,-1.272792,1.272792
4712,117.800000,1167.000000,971.751805,1.687392,-0.209398,1.787779
4713,117.825000,1167.000000,972.644662,1.570796,0.000000,1.800000
4714,117.850000,1167.000000,973.537519,1.570796,0.000000,1.800000
4715,117.875000,1167.000000,974.430376,1.570796,0.000000,1.800000
4716,117.900000,1166.771440,975.228560,1.849684,-0.495516,1.730452
4717,117.925000,1166.140094,975.859906,2.356194,-1.272792,1.272792
4718,117.950000,1166.000000,976.694734,1.737059,-0.297896,1.775178
4719,117.975000,1166.000000,977.587591,1.570796,0.000000,1.800000
4720,118.000000,1166.000000,978.480448,1.570796,0.000000,1.800000
4721,118.025000,1166.000000,979.373305,1.570796,0.000000,1.800000
4722,118.050000,1165.811795,980.188205,1.797772,-0.405057,1.753833
4723,118.075000,1165.180449,980.819551,2.356194,-1.272792,1.272792
4724,118.100000,1165.000000,981.637663,1.787888,-0.387703,1.757750
4725,118.125000,1165.000000,982.530520,1.570796,0.000000,1.800000
4726,118.150000,1165.000000,983.423378,1.570796,0.000000,1.800000
4727,118.175000,1164.776388,984.223612,1.843279,-0.484422,1.733590
4728,118.200000,1164.145043,984.854957,2.356194,-1.272792,1.272792
4729,118.225000,1164.000000,985.687735,1.743234,-0.308852,1.773305
4730,118.250000,1164.000000,986.580593,1.570796,0.000000,1.800000
4731,118.275000,1164.000000,987.473450,1.570796,0.000000,1.800000
4732,118.300000,1163.740982,988.259018,1.889292,-0.563649,1.709474
4733,118.325000,1163.109637,988.890363,2.356194,-1.272792,1.272792
4734,118.350000,1163.000000,989.737808,1.699455,-0.230947,1.785123
4735,118.375000,1163.000000,990.630665,1.570796,0.000000,1.800000
4736,118.400000,1162.629814,991.370186,2.034904,-0.805725,1.609598
4737,118.425000,1162.000000,992.002165,2.354478,-1.270606,1.274975
4738,118.450000,1162.000000,992.895023,1.570796,0.000000,1.800000
4739,118.475000,1162.000000,993.787880,1.570796,0.000000,1.800000
4740,118.500000,1161.518646,994.481354,2.177565,-1.026388,1.478691
4741,118.525000,1161.000000,995.159380,2.223787,-1.093617,1.429686
4742,118.550000,1161.000000,996.052238,1.570796,0.000000,1.800000
4743,118.575000,1161.000000,996.945095,1.570796,0.000000,1.800000
4744,118.600000,1160.407479,997.592521,2.311943,-1.215242,1.327851
4745,118.625000,1160.000000,998.316595,2.083382,-0.882778,1.568663
4746,118.650000,1159.851895,999.148105,1.747064,-0.315641,1.772109
4747,118.675000,1159.220549,999.779451,2.356194,-1.272792,1.272792
4748,118.700000,1159.000000,1000.580953,1.839320,-0.477556,1.735494
4749,118.725000,1158.664965,1001.335035,1.988896,-0.730844,1.644952
4750,118.750000,1158.033620,1001.966380,2.356194,-1.272792,1.272792
4751,118.775000,1158.000000,1002.845311,1.609029,-0.068802,1.798685
4752,118.800000,1157.478036,1003.521964,2.227848,-1.099413,1.425234
4753,118.825000,1156.846691,1004.153309,2.356194,-1.272792,1.272792
4754,118.850000,1156.215345,1004.784655,2.356194,-1.272792,1.272792
4755,118.875000,1156.000000,1005.588313,1.832603,-0.465886,1.738663
4756,118.900000,1155.659762,1006.340238,1.995719,-0.742050,1.639927
4757,118.925000,1155.028416,1006.971584,2.356194,-1.272792,1.272792
4758,118.950000,1154.397071,1007.602929,2.356194,-1.272792,1.272792
4759,118.975000,1153.765726,1008.234274,2.356194,-1.272792,1.272792
4760,119.000000,1153.134380,1008.865620,2.356194,-1.272792,1.272792
4761,119.025000,1152.503035,1009.496965,2.356194,-1.272792,1.272792
4762,119.050000,1151.818542,1010.000000,2.507825,-1.450444,1.065933
4763,119.075000,1150.947451,1010.052549,3.081340,-1.796734,0.108389
4764,119.100000,1150.316106,1010.683894,2.356194,-1.272792,1.272792
4765,119.125000,1149.554184,1011.000000,2.748325,-1.662592,0.689775
4766,119.150000,1148.661327,1011.000000,3.141593,-1.800000,0.000000
4767,119.175000,1147.836283,1011.163717,2.945703,-1.765575,0.350350
4768,119.200000,1147.204938,1011.795062,2.356194,-1.272792,1.272792
4769,119.225000,1146.396969,1012.000000,2.893186,-1.744750,0.442548
4770,119.250000,1145.504112,1012.000000,3.141593,-1.800000,0.000000
4771,119.275000,1144.611254,1012.000000,3.141593,-1.800000,0.000000
4772,119.300000,1143.800877,1012.199123,2.900650,-1.748004,0.429514
4773,119.325000,1143.169531,1012.830469,2.356194,-1.272792,1.272792
4774,119.350000,1142.346897,1013.000000,2.938354,-1.762953,0.363315
4775,119.375000,1141.454039,1013.000000,3.141593,-1.800000,0.000000
4776,119.400000,1140.561182,1013.000000,3.141593,-1.800000,0.000000
4777,119.425000,1139.668325,1013.000000,3.141593,-1.800000,0.000000
4778,119.450000,1138.775468,1013.000000,3.141593,-1.800000,0.000000
4779,119.475000,1137.882611,1013.000000,3.141593,-1.800000,0.000000
4780,119.500000,1136.989754,1013.000000,3.141593,-1.800000,0.000000
4781,119.525000,1136.096897,1013.000000,3.141593,-1.800000,0.000000
4782,119.550000,1135.204039,1013.000000,3.141593,-1.800000,0.000000
4783,119.575000,1134.311182,1013.000000,3.141593,-1.800000,0.000000
4784,119.600000,1133.418325,1013.000000,3.141593,-1.800000,0.000000
4785,119.625000,1132.525468,1013.000000,3.141593,-1.800000,0.000000
4786,119.650000,1131.632611,1013.000000,3.141593,-1.800000,0.000000
4787,119.675000,1130.815978,1013.184022,2.919952,-1.755969,0.395694
4788,119.700000,1130.184633,1013.815367,2.356194,-1.272792,1.272792
4789,119.725000,1129.368253,1014.000000,2.919174,-1.755660,0.397061
4790,119.750000,1128.475396,1014.000000,3.141593,-1.800000,0.000000
4791,119.775000,1127.582539,1014.000000,3.141593,-1.800000,0.000000
4792,119.800000,1126.689682,1014.000000,3.141593,-1.800000,0.000000
4793,119.825000,1125.796824,1014.000000,3.141593,-1.800000,0.000000
4794,119.850000,1124.903967,1014.000000,3.141593,-1.800000,0.000000
4795,119.875000,1124.011110,1014.000000,3.141593,-1.800000,0.000000
4796,119.900000,1123.118253,1014.000000,3.141593,-1.800000,0.000000
4797,119.925000,1122.225396,1014.000000,3.141593,-1.800000,0.000000
4798,119.950000,1121.332539,1014.000000,3.141593,-1.800000,0.000000
4799,119.975000,1120.439682,1014.000000,3.141593,-1.800000,0.000000
4800,120.000000,1119.546824,1014.000000,3.141593,-1.800000,0.000000
4801,120.025000,1118.653967,1014.000000,3.141593,-1.800000,0.000000
4802,120.050000,1117.761110,1014.000000,3.141593,-1.800000,0.000000
4803,120.075000,1116.868253,1014.000000,3.141593,-1.800000,0.000000
4804,120.100000,1115.975396,1014.000000,3.141593,-1.800000,0.000000
4805,120.125000,1115.082539,1014.000000,3.141593,-1.800000,0.000000
4806,120.150000,1114.189682,1014.000000,3.141593,-1.800000,0.000000
4807,120.175000,1113.296824,1014.000000,3.141593,-1.800000,0.000000
4808,120.200000,1112.403967,1014.000000,3.141593,-1.800000,0.000000
4809,120.225000,1111.511110,1014.000000,3.141593,-1.800000,0.000000
4810,120.250000,1110.618253,1014.000000,3.141593,-1.800000,0.000000
4811,120.275000,1109.725396,1014.000000,3.141593,-1.800000,0.000000
4812,120.300000,1108.832539,1014.000000,3.141593,-1.800000,0.000000
4813,120.325000,1107.939682,1014.000000,3.141593,-1.800000,0.000000
4814,120.350000,1107.046824,1014.000000,3.141593,-1.800000,0.000000
4815,120.375000,1106.153967,1014.000000,3.141593,-1.800000,0.000000
4816,120.400000,1105.261110,1014.000000,3.141593,-1.800000,0.000000
4817,120.425000,1104.368253,1014.000000,3.141593,-1.800000,0.000000
4818,120.450000,1103.475396,1014.000000,3.141593,-1.800000,0.000000
4819,120.475000,1102.704810,1013.704810,-2.775764,-1.680890,-0.643902
4820,120.500000,1102.073465,1013.073465,-2.356194,-1.272792,-1.272792
4821,120.525000,1101.211038,1013.000000,-3.056614,-1.793505,-0.152778
4822,120.550000,1100.318181,1013.000000,3.141593,-1.800000,0.000000
4823,120.575000,1099.425324,1013.000000,3.141593,-1.800000,0.000000
4824,120.600000,1098.532467,1013.000000,3.141593,-1.800000,0.000000
4825,120.625000,1097.745165,1012.745165,-2.828554,-1.712524,-0.554312
4826,120.650000,1097.113820,1012.113820,-2.356194,-1.272792,-1.272792
4827,120.675000,1096.268109,1012.000000,-3.007812,-1.783916,-0.240088
4828,120.700000,1095.375252,1012.000000,3.141593,-1.800000,0.000000
4829,120.725000,1094.482394,1012.000000,3.141593,-1.800000,0.000000
4830,120.750000,1093.589537,1012.000000,3.141593,-1.800000,0.000000
4831,120.775000,1092.696680,1012.000000,3.141593,-1.800000,0.000000
4832,120.800000,1091.803823,1012.000000,3.141593,-1.800000,0.000000
4833,120.825000,1090.910966,1012.000000,3.141593,-1.800000,0.000000
4834,120.850000,1090.018109,1012.000000,3.141593,-1.800000,0.000000
4835,120.875000,1089.125252,1012.000000,3.141593,-1.800000,0.000000
4836,120.900000,1088.232394,1012.000000,3.141593,-1.800000,0.000000
4837,120.925000,1087.339537,1012.000000,3.141593,-1.800000,0.000000
4838,120.950000,1086.446680,1012.000000,3.141593,-1.800000,0.000000
4839,120.975000,1085.553823,1012.000000,3.141593,-1.800000,0.000000
4840,121.000000,1084.660966,1012.000000,3.141593,-1.800000,0.000000
4841,121.025000,1083.836028,1011.836028,-2.945381,-1.765462,-0.350919
4842,121.050000,1083.204683,1011.204683,-2.356194,-1.272792,-1.272792
4843,121.075000,1082.396608,1011.000000,-2.893514,-1.744895,-0.441976
4844,121.100000,1081.503751,1011.000000,3.141593,-1.800000,0.000000
4845,121.125000,1080.610894,1011.000000,3.141593,-1.800000,0.000000
4846,121.150000,1079.718037,1011.000000,3.141593,-1.800000,0.000000
4847,121.175000,1078.825179,1011.000000,3.141593,-1.800000,0.000000
4848,121.200000,1077.932322,1011.000000,3.141593,-1.800000,0.000000
4849,121.225000,1077.039465,1011.000000,3.141593,-1.800000,0.000000
4850,121.250000,1076.146608,1011.000000,3.141593,-1.800000,0.000000
4851,121.275000,1075.253751,1011.000000,3.141593,-1.800000,0.000000
4852,121.300000,1074.360894,1011.000000,3.141593,-1.800000,0.000000
4853,121.325000,1073.468037,1011.000000,3.141593,-1.800000,0.000000
4854,121.350000,1072.575179,1011.000000,3.141593,-1.800000,0.000000
4855,121.375000,1071.682322,1011.000000,3.141593,-1.800000,0.000000
4856,121.400000,1070.851129,1010.851129,-2.964367,-1.771806,-0.317339
4857,121.425000,1070.219784,1010.219784,-2.356194,-1.272792,-1.272792
4858,121.450000,1069.417964,1010.000000,-2.874057,-1.735966,-0.475840
4859,121.475000,1068.525107,1010.000000,3.141593,-1.800000,0.000000
4860,121.500000,1067.632250,1010.000000,3.141593,-1.800000,0.000000
4861,121.525000,1066.739393,1010.000000,3.141593,-1.800000,0.000000
4862,121.550000,1065.846536,1010.000000,3.141593,-1.800000,0.000000
4863,121.575000,1064.953679,1010.000000,3.141593,-1.800000,0.000000
4864,121.600000,1064.060822,1010.000000,3.141593,-1.800000,0.000000
4865,121.625000,1063.167964,1010.000000,3.141593,-1.800000,0.000000
4866,121.650000,1062.487423,1009.487423,-2.496053,-1.437796,-1.082933
4867,121.675000,1061.796464,1009.000000,-2.527232,-1.470856,-1.037585
4868,121.700000,1060.903607,1009.000000,3.141593,-1.800000,0.000000
4869,121.725000,1060.010749,1009.000000,3.141593,-1.800000,0.000000
4870,121.750000,1059.117892,1009.000000,3.141593,-1.800000,0.000000
4871,121.775000,1058.225035,1009.000000,3.141593,-1.800000,0.000000
4872,121.800000,1057.332178,1009.000000,3.141593,-1.800000,0.000000
4873,121.825000,1056.439321,1009.000000,3.141593,-1.800000,0.000000
4874,121.850000,1055.546464,1009.000000,3.141593,-1.800000,0.000000
4875,121.875000,1054.653607,1009.000000,3.141593,-1.800000,0.000000
4876,121.900000,1053.760749,1009.000000,3.141593,-1.800000,0.000000
4877,121.925000,1052.906586,1008.906586,-3.032662,-1.789331,-0.195687
4878,121.950000,1052.275240,1008.275240,-2.356194,-1.272792,-1.272792
4879,121.975000,1051.496391,1008.000000,-2.801898,-1.697141,-0.599759
4880,122.000000,1050.603534,1008.000000,3.141593,-1.800000,0.000000
4881,122.025000,1049.710677,1008.000000,3.141593,-1.800000,0.000000
4882,122.050000,1048.817820,1008.000000,3.141593,-1.800000,0.000000
4883,122.075000,1047.924963,1008.000000,3.141593,-1.800000,0.000000
4884,122.100000,1047.032106,1008.000000,3.141593,-1.800000,0.000000
4885,122.125000,1046.139249,1008.000000,3.141593,-1.800000,0.000000
4886,122.150000,1045.246391,1008.000000,3.141593,-1.800000,0.000000
4887,122.175000,1044.353534,1008.000000,3.141593,-1.800000,0.000000
4888,122.200000,1043.460677,1008.000000,3.141593,-1.800000,0.000000
4889,122.225000,1042.567820,1008.000000,3.141593,-1.800000,0.000000
4890,122.250000,1041.674963,1008.000000,3.141593,-1.800000,0.000000
4891,122.275000,1040.782106,1008.000000,3.141593,-1.800000,0.000000
4892,122.300000,1039.921687,1007.921687,-3.050825,-1.792590,-0.163157
4893,122.325000,1039.290342,1007.290342,-2.356194,-1.272792,-1.272792
4894,122.350000,1038.517748,1007.000000,-2.782120,-1.684948,-0.633206
4895,122.375000,1037.624891,1007.000000,3.141593,-1.800000,0.000000
4896,122.400000,1036.732034,1007.000000,3.141593,-1.800000,0.000000
4897,122.425000,1035.839176,1007.000000,3.141593,-1.800000,0.000000
4898,122.450000,1034.946319,1007.000000,3.141593,-1.800000,0.000000
4899,122.475000,1034.053462,1007.000000,3.141593,-1.800000,0.000000
4900,122.500000,1033.160605,1007.000000,3.141593,-1.800000,0.000000
4901,122.525000,1032.267748,1007.000000,3.141593,-1.800000,0.000000
4902,122.550000,1031.374891,1007.000000,3.141593,-1.800000,0.000000
4903,122.575000,1030.482034,1007.000000,3.141593,-1.800000,0.000000
4904,122.600000,1029.589176,1007.000000,3.141593,-1.800000,0.000000
4905,122.625000,1028.696319,1007.000000,3.141593,-1.800000,0.000000
4906,122.650000,1027.803462,1007.000000,3.141593,-1.800000,0.000000
4907,122.675000,1026.910605,1007.000000,3.141593,-1.800000,0.000000
4908,122.700000,1026.017748,1007.000000,3.141593,-1.800000,0.000000
4909,122.725000,1025.124891,1007.000000,3.141593,-1.800000,0.000000
4910,122.750000,1024.232034,1007.000000,3.141593,-1.800000,0.000000
4911,122.775000,1023.339176,1007.000000,3.141593,-1.800000,0.000000
4912,122.800000,1022.446319,1007.000000,3.141593,-1.800000,0.000000
4913,122.825000,1021.553462,1007.000000,3.141593,-1.800000,0.000000
4914,122.850000,1020.660605,1007.000000,3.141593,-1.800000,0.000000
4915,122.875000,1019.767748,1007.000000,3.141593,-1.800000,0.000000
4916,122.900000,1018.874891,1007.000000,3.141593,-1.800000,0.000000
4917,122.925000,1017.987296,1006.987296,-3.127281,-1.799816,-0.025761
4918,122.950000,1017.355951,1006.355951,-2.356194,-1.272792,-1.272792
4919,122.975000,1016.610533,1006.000000,-2.696092,-1.624311,-0.775638
4920,123.000000,1015.717676,1006.000000,3.141593,-1.800000,0.000000
4921,123.025000,1014.824819,1006.000000,3.141593,-1.800000,0.000000
4922,123.050000,1013.931961,1006.000000,3.141593,-1.800000,0.000000
4923,123.075000,1013.039104,1006.000000,3.141593,-1.800000,0.000000
4924,123.100000,1012.146247,1006.000000,3.141593,-1.800000,0.000000
4925,123.125000,1011.253390,1006.000000,3.141593,-1.800000,0.000000
4926,123.150000,1010.360533,1006.000000,3.141593,-1.800000,0.000000
4927,123.175000,1009.467676,1006.000000,3.141593,-1.800000,0.000000
4928,123.200000,1008.574819,1006.000000,3.141593,-1.800000,0.000000
4929,123.225000,1007.681961,1006.000000,3.141593,-1.800000,0.000000
4930,123.250000,1006.789104,1006.000000,3.141593,-1.800000,0.000000
4931,123.275000,1005.896247,1006.000000,3.141593,-1.800000,0.000000
4932,123.300000,1005.003390,1006.000000,3.141593,-1.800000,0.000000
4933,123.325000,1004.110533,1006.000000,3.141593,-1.800000,0.000000
4934,123.350000,1003.217676,1006.000000,3.141593,-1.800000,0.000000
4935,123.375000,1002.324819,1006.000000,3.141593,-1.800000,0.000000
4936,123.400000,1001.431961,1006.000000,3.141593,-1.800000,0.000000
4937,123.425000,1000.539104,1006.000000,3.141593,-1.800000,0.000000
4938,123.450000,999.646247,1006.000000,3.141593,-1.800000,0.000000
4939,123.475000,998.753390,1006.000000,3.141593,-1.800000,0.000000
4940,123.500000,997.860533,1006.000000,3.141593,-1.800000,0.000000
4941,123.525000,996.967676,1006.000000,3.141593,-1.800000,0.000000
4942,123.550000,996.074819,1006.000000,3.141593,-1.800000,0.000000
4943,123.575000,995.181961,1006.000000,3.141593,-1.800000,0.000000
4944,123.600000,994.289104,1006.000000,3.141593,-1.800000,0.000000
4945,123.625000,993.396247,1006.000000,3.141593,-1.800000,0.000000
4946,123.650000,992.503390,1006.000000,3.141593,-1.800000,0.000000
4947,123.675000,991.610533,1006.000000,3.141593,-1.800000,0.000000
4948,123.700000,990.717676,1006.000000,3.141593,-1.800000,0.000000
4949,123.725000,989.824819,1006.000000,3.141593,-1.800000,0.000000
4950,123.750000,988.931961,1006.000000,3.141593,-1.800000,0.000000
4951,123.775000,988.039104,1006.000000,3.141593,-1.800000,0.000000
4952,123.800000,987.146247,1006.000000,3.141593,-1.800000,0.000000
4953,123.825000,986.253390,1006.000000,3.141593,-1.800000,0.000000
4954,123.850000,985.360533,1006.000000,3.141593,-1.800000,0.000000
4955,123.875000,984.467676,1006.000000,3.141593,-1.800000,0.000000
4956,123.900000,983.574819,1006.000000,3.141593,-1.800000,0.000000
4957,123.925000,982.681961,1006.000000,3.141593,-1.800000,0.000000
4958,123.950000,981.789104,1006.000000,3.141593,-1.800000,0.000000
4959,123.975000,980.896247,1006.000000,3.141593,-1.800000,0.000000
4960,124.000000,980.003390,1006.000000,3.141593,-1.800000,0.000000
4961,124.025000,979.110533,1006.000000,3.141593,-1.800000,0.000000
4962,124.050000,978.217676,1006.000000,3.141593,-1.800000,0.000000
4963,124.075000,977.324819,1006.000000,3.141593,-1.800000,0.000000
4964,124.100000,976.431961,1006.000000,3.141593,-1.800000,0.000000
4965,124.125000,975.539104,1006.000000,3.141593,-1.800000,0.000000
4966,124.150000,974.646247,1006.000000,3.141593,-1.800000,0.000000
4967,124.175000,973.753390,1006.000000,3.141593,-1.800000,0.000000
4968,124.200000,972.860533,1006.000000,3.141593,-1.800000,0.000000
4969,124.225000,971.967676,1006.000000,3.141593,-1.800000,0.000000
4970,124.250000,971.074819,1006.000000,3.141593,-1.800000,0.000000
4971,124.275000,970.181961,1006.000000,3.141593,-1.800000,0.000000
4972,124.300000,969.289104,1006.000000,3.141593,-1.800000,0.000000
4973,124.325000,968.396247,1006.000000,3.141593,-1.800000,0.000000
4974,124.350000,967.503390,1006.000000,3.141593,-1.800000,0.000000
4975,124.375000,966.610533,1006.000000,3.141593,-1.800000,0.000000
4976,124.400000,965.717676,1006.000000,3.141593,-1.800000,0.000000
4977,124.425000,964.824819,1006.000000,3.141593,-1.800000,0.000000
4978,124.450000,963.931961,1006.000000,3.141593,-1.800000,0.000000
4979,124.475000,963.039104,1006.000000,3.141593,-1.800000,0.000000
4980,124.500000,962.146247,1006.000000,3.141593,-1.800000,0.000000
4981,124.525000,961.253390,1006.000000,3.141593,-1.800000,0.000000
4982,124.550000,960.360533,1006.000000,3.141593,-1.800000,0.000000
4983,124.575000,959.467676,1006.000000,3.141593,-1.800000,0.000000
4984,124.600000,958.574819,1006.000000,3.141593,-1.800000,0.000000
4985,124.625000,957.681961,1006.000000,3.141593,-1.800000,0.000000
4986,124.650000,956.789104,1006.000000,3.141593,-1.800000,0.000000
4987,124.675000,955.896247,1006.000000,3.141593,-1.800000,0.000000
4988,124.700000,955.003390,1006.000000,3.141593,-1.800000,0.000000
4989,124.725000,954.110533,1006.000000,3.141593,-1.800000,0.000000
4990,124.750000,953.217676,1006.000000,3.141593,-1.800000,0.000000
4991,124.775000,952.324819,1006.000000,3.141593,-1.800000,0.000000
4992,124.800000,951.431961,1006.000000,3.141593,-1.800000,0.000000
4993,124.825000,950.539104,1006.000000,3.141593,-1.800000,0.000000
4994,124.850000,949.646247,1006.000000,3.141593,-1.800000,0.000000
4995,124.875000,948.753390,1006.000000,3.141593,-1.800000,0.000000
4996,124.900000,947.860533,1006.000000,3.141593,-1.800000,0.000000
4997,124.925000,946.967676,1006.000000,3.141593,-1.800000,0.000000
4998,124.950000,946.074819,1006.000000,3.141593,-1.800000,0.000000
4999,124.975000,945.181961,1006.000000,3.141593,-1.800000,0.000000
5000,125.000000,944.289104,1006.000000,3.141593,-1.800000,0.000000
5001,125.025000,943.396247,1006.000000,3.141593,-1.800000,0.000000
5002,125.050000,942.503390,1006.000000,3.141593,-1.800000,0.000000
5003,125.075000,941.610533,1006.000000,3.141593,-1.800000,0.000000
5004,125.100000,940.717676,1006.000000,3.141593,-1.800000,0.000000
5005,125.125000,939.824819,1006.000000,3.141593,-1.800000,0.000000
5006,125.150000,938.931961,1006.000000,3.141593,-1.800000,0.000000
5007,125.175000,938.039104,1006.000000,3.141593,-1.800000,0.000000
5008,125.200000,937.146247,1006.000000,3.141593,-1.800000,0.000000
5009,125.225000,936.253390,1006.000000,3.141593,-1.800000,0.000000
5010,125.250000,935.360533,1006.000000,3.141593,-1.800000,0.000000
5011,125.275000,934.467676,1006.000000,3.141593,-1.800000,0.000000
5012,125.300000,933.574819,1006.000000,3.141593,-1.800000,0.000000
5013,125.325000,932.681961,1006.000000,3.141593,-1.800000,0.000000
5014,125.350000,931.789104,1006.000000,3.141593,-1.800000,0.000000
5015,125.375000,930.896247,1006.000000,3.141593,-1.800000,0.000000
5016,125.400000,930.003390,1006.000000,3.141593,-1.800000,0.000000
5017,125.425000,929.110533,1006.000000,3.141593,-1.800000,0.000000
5018,125.450000,928.217676,1006.000000,3.141593,-1.800000,0.000000
5019,125.475000,927.324819,1006.000000,3.141593,-1.800000,0.000000
5020,125.500000,926.431961,1006.000000,3.141593,-1.800000,0.000000
5021,125.525000,925.539104,1006.000000,3.141593,-1.800000,0.000000
5022,125.550000,924.646247,1006.000000,3.141593,-1.800000,0.000000
5023,125.575000,923.753390,1006.000000,3.141593,-1.800000,0.000000
5024,125.600000,922.860533,1006.000000,3.141593,-1.800000,0.000000
5025,125.625000,921.967676,1006.000000,3.141593,-1.800000,0.000000
5026,125.650000,921.074819,1006.000000,3.141593,-1.800000,0.000000
5027,125.675000,920.181961,1006.000000,3.141593,-1.800000,0.000000
5028,125.700000,919.289104,1006.000000,3.141593,-1.800000,0.000000
5029,125.725000,918.396247,1006.000000,3.141593,-1.800000,0.000000
5030,125.750000,917.503390,1006.000000,3.141593,-1.800000,0.000000
5031,125.775000,916.610533,1006.000000,3.141593,-1.800000,0.000000
5032,125.800000,915.717676,1006.000000,3.141593,-1.800000,0.000000
5033,125.825000,914.824819,1006.000000,3.141593,-1.800000,0.000000
5034,125.850000,913.931961,1006.000000,3.141593,-1.800000,0.000000
5035,125.875000,913.039104,1006.000000,3.141593,-1.800000,0.000000
5036,125.900000,912.146247,1006.000000,3.141593,-1.800000,0.000000
5037,125.925000,911.253390,1006.000000,3.141593,-1.800000,0.000000
5038,125.950000,910.360533,1006.000000,3.141593,-1.800000,0.000000
5039,125.975000,909.467676,1006.000000,3.141593,-1.800000,0.000000
5040,126.000000,908.574819,1006.000000,3.141593,-1.800000,0.000000
5041,126.025000,907.681961,1006.000000,3.141593,-1.800000,0.000000
5042,126.050000,906.789104,1006.000000,3.141593,-1.800000,0.000000
5043,126.075000,905.896247,1006.000000,3.141593,-1.800000,0.000000
5044,126.100000,905.003390,1006.000000,3.141593,-1.800000,0.000000
5045,126.125000,904.110533,1006.000000,3.141593,-1.800000,0.000000
5046,126.150000,903.217676,1006.000000,3.141593,-1.800000,0.000000
5047,126.175000,902.324819,1006.000000,3.141593,-1.800000,0.000000
5048,126.200000,901.431961,1006.000000,3.141593,-1.800000,0.000000
5049,126.225000,900.539104,1006.000000,3.141593,-1.800000,0.000000
5050,126.250000,899.646247,1006.000000,3.141593,-1.800000,0.000000
5051,126.275000,898.753390,1006.000000,3.141593,-1.800000,0.000000
5052,126.300000,897.860533,1006.000000,3.141593,-1.800000,0.000000
5053,126.325000,896.967676,1006.000000,3.141593,-1.800000,0.000000
5054,126.350000,896.074819,1006.000000,3.141593,-1.800000,0.000000
5055,126.375000,895.181961,1006.000000,3.141593,-1.800000,0.000000
5056,126.400000,894.289104,1006.000000,3.141593,-1.800000,0.000000
5057,126.425000,893.396247,1006.000000,3.141593,-1.800000,0.000000
5058,126.450000,892.503390,1006.000000,3.141593,-1.800000,0.000000
5059,126.475000,891.610533,1006.000000,3.141593,-1.800000,0.000000
5060,126.500000,890.717676,1006.000000,3.141593,-1.800000,0.000000
5061,126.525000,889.824819,1006.000000,3.141593,-1.800000,0.000000
5062,126.550000,888.931961,1006.000000,3.141593,-1.800000,0.000000
5063,126.575000,888.039104,1006.000000,3.141593,-1.800000,0.000000
5064,126.600000,887.396306,1006.603694,2.387556,-1.312076,1.232257
5065,126.625000,886.667604,1007.000000,2.643482,-1.581276,0.859979
5066,126.650000,885.774746,1007.000000,3.141593,-1.800000,0.000000
5067,126.675000,884.881889,1007.000000,3.141593,-1.800000,0.000000
5068,126.700000,883.989032,1007.000000,3.141593,-1.800000,0.000000
5069,126.725000,883.096175,1007.000000,3.141593,-1.800000,0.000000
5070,126.750000,882.203318,1007.000000,3.141593,-1.800000,0.000000
5071,126.775000,881.310461,1007.000000,3.141593,-1.800000,0.000000
5072,126.800000,880.417604,1007.000000,3.141593,-1.800000,0.000000
5073,126.825000,879.524746,1007.000000,3.141593,-1.800000,0.000000
5074,126.850000,878.631889,1007.000000,3.141593,-1.800000,0.000000
5075,126.875000,877.739032,1007.000000,3.141593,-1.800000,0.000000
5076,126.900000,876.846175,1007.000000,3.141593,-1.800000,0.000000
5077,126.925000,875.953318,1007.000000,3.141593,-1.800000,0.000000
5078,126.950000,875.060461,1007.000000,3.141593,-1.800000,0.000000
5079,126.975000,874.167604,1007.000000,3.141593,-1.800000,0.000000
5080,127.000000,873.274746,1007.000000,3.141593,-1.800000,0.000000
5081,127.025000,872.381889,1007.000000,3.141593,-1.800000,0.000000
5082,127.050000,871.489032,1007.000000,3.141593,-1.800000,0.000000
5083,127.075000,870.596175,1007.000000,3.141593,-1.800000,0.000000
5084,127.100000,869.703318,1007.000000,3.141593,-1.800000,0.000000
5085,127.125000,868.810461,1007.000000,3.141593,-1.800000,0.000000
5086,127.150000,867.917604,1007.000000,3.141593,-1.800000,0.000000
5087,127.175000,867.024746,1007.000000,3.141593,-1.800000,0.000000
5088,127.200000,866.131889,1007.000000,3.141593,-1.800000,0.000000
5089,127.225000,865.239032,1007.000000,3.141593,-1.800000,0.000000
5090,127.250000,864.346175,1007.000000,3.141593,-1.800000,0.000000
5091,127.275000,863.453318,1007.000000,3.141593,-1.800000,0.000000
5092,127.300000,862.560461,1007.000000,3.141593,-1.800000,0.000000
5093,127.325000,861.667604,1007.000000,3.141593,-1.800000,0.000000
5094,127.350000,860.774746,1007.000000,3.141593,-1.800000,0.000000
5095,127.375000,859.881889,1007.000000,3.141593,-1.800000,0.000000
5096,127.400000,858.989032,1007.000000,3.141593,-1.800000,0.000000
5097,127.425000,858.096175,1007.000000,3.141593,-1.800000,0.000000
5098,127.450000,857.203318,1007.000000,3.141593,-1.800000,0.000000
5099,127.475000,856.310461,1007.000000,3.141593,-1.800000,0.000000
5100,127.500000,855.417604,1007.000000,3.141593,-1.800000,0.000000
5101,127.525000,854.524746,1007.000000,3.141593,-1.800000,0.000000
5102,127.550000,853.631889,1007.000000,3.141593,-1.800000,0.000000
5103,127.575000,852.739032,1007.000000,3.141593,-1.800000,0.000000
5104,127.600000,851.846175,1007.000000,3.141593,-1.800000,0.000000
5105,127.625000,850.953318,1007.000000,3.141593,-1.800000,0.000000
5106,127.650000,850.060461,1007.000000,3.141593,-1.800000,0.000000
5107,127.675000,849.167604,1007.000000,3.141593,-1.800000,0.000000
5108,127.700000,848.274746,1007.000000,3.141593,-1.800000,0.000000
5109,127.725000,847.381889,1007.000000,3.141593,-1.800000,0.000000
5110,127.750000,846.489032,1007.000000,3.141593,-1.800000,0.000000
5111,127.775000,845.596175,1007.000000,3.141593,-1.800000,0.000000
5112,127.800000,844.703318,1007.000000,3.141593,-1.800000,0.000000
5113,127.825000,843.810461,1007.000000,3.141593,-1.800000,0.000000
5114,127.850000,842.917604,1007.000000,3.141593,-1.800000,0.000000
5115,127.875000,842.024746,1007.000000,3.141593,-1.800000,0.000000
5116,127.900000,841.131889,1007.000000,3.141593,-1.800000,0.000000
5117,127.925000,840.239032,1007.000000,3.141593,-1.800000,0.000000
5118,127.950000,839.346175,1007.000000,3.141593,-1.800000,0.000000
5119,127.975000,838.453318,1007.000000,3.141593,-1.800000,0.000000
5120,128.000000,837.560461,1007.000000,3.141593,-1.800000,0.000000
5121,128.025000,836.667604,1007.000000,3.141593,-1.800000,0.000000
5122,128.050000,835.774746,1007.000000,3.141593,-1.800000,0.000000
5123,128.075000,834.881889,1007.000000,3.141593,-1.800000,0.000000
5124,128.100000,833.989032,1007.000000,3.141593,-1.800000,0.000000
5125,128.125000,833.096175,1007.000000,3.141593,-1.800000,0.000000
5126,128.150000,832.203318,1007.000000,3.141593,-1.800000,0.000000
5127,128.175000,831.310461,1007.000000,3.141593,-1.800000,0.000000
5128,128.200000,830.417604,1007.000000,3.141593,-1.800000,0.000000
5129,128.225000,829.524746,1007.000000,3.141593,-1.800000,0.000000
5130,128.250000,828.631889,1007.000000,3.141593,-1.800000,0.000000
5131,128.275000,827.739032,1007.000000,3.141593,-1.800000,0.000000
5132,128.300000,826.846175,1007.000000,3.141593,-1.800000,0.000000
5133,128.325000,825.953318,1007.000000,3.141593,-1.800000,0.000000
5134,128.350000,825.060461,1007.000000,3.141593,-1.800000,0.000000
5135,128.375000,824.167604,1007.000000,3.141593,-1.800000,0.000000
5136,128.400000,823.274746,1007.000000,3.141593,-1.800000,0.000000
5137,128.425000,822.381889,1007.000000,3.141593,-1.800000,0.000000
5138,128.450000,821.489032,1007.000000,3.141593,-1.800000,0.000000
5139,128.475000,820.596175,1007.000000,3.141593,-1.800000,0.000000
5140,128.500000,819.703318,1007.000000,3.141593,-1.800000,0.000000
5141,128.525000,818.810461,1007.000000,3.141593,-1.800000,0.000000
5142,128.550000,817.917604,1007.000000,3.141593,-1.800000,0.000000
5143,128.575000,817.024746,1007.000000,3.141593,-1.800000,0.000000
5144,128.600000,816.131889,1007.000000,3.141593,-1.800000,0.000000
5145,128.625000,815.239032,1007.000000,3.141593,-1.800000,0.000000
5146,128.650000,814.346175,1007.000000,3.141593,-1.800000,0.000000
5147,128.675000,813.453318,1007.000000,3.141593,-1.800000,0.000000
5148,128.700000,812.560461,1007.000000,3.141593,-1.800000,0.000000
5149,128.725000,811.667604,1007.000000,3.141593,-1.800000,0.000000
5150,128.750000,810.774746,1007.000000,3.141593,-1.800000,0.000000
5151,128.775000,809.881889,1007.000000,3.141593,-1.800000,0.000000
5152,128.800000,808.989032,1007.000000,3.141593,-1.800000,0.000000
5153,128.825000,808.096175,1007.000000,3.141593,-1.800000,0.000000
5154,128.850000,807.203318,1007.000000,3.141593,-1.800000,0.000000
5155,128.875000,806.310461,1007.000000,3.141593,-1.800000,0.000000
5156,128.900000,805.417604,1007.000000,3.141593,-1.800000,0.000000
5157,128.925000,804.524746,1007.000000,3.141593,-1.800000,0.000000
5158,128.950000,803.631889,1007.000000,3.141593,-1.800000,0.000000
5159,128.975000,802.739032,1007.000000,3.141593,-1.800000,0.000000
5160,129.000000,801.846175,1007.000000,3.141593,-1.800000,0.000000
5161,129.025000,800.953318,1007.000000,3.141593,-1.800000,0.000000
5162,129.050000,800.060461,1007.000000,3.141593,-1.800000,0.000000
5163,129.075000,799.167604,1007.000000,3.141593,-1.800000,0.000000
5164,129.100000,798.274746,1007.000000,3.141593,-1.800000,0.000000
5165,129.125000,797.381889,1007.000000,3.141593,-1.800000,0.000000
5166,129.150000,796.489032,1007.000000,3.141593,-1.800000,0.000000
5167,129.175000,795.596175,1007.000000,3.141593,-1.800000,0.000000
5168,129.200000,794.703318,1007.000000,3.141593,-1.800000,0.000000
5169,129.225000,793.810461,1007.000000,3.141593,-1.800000,0.000000
5170,129.250000,792.917604,1007.000000,3.141593,-1.800000,0.000000
5171,129.275000,792.024746,1007.000000,3.141593,-1.800000,0.000000
5172,129.300000,791.131889,1007.000000,3.141593,-1.800000,0.000000
5173,129.325000,790.239032,1007.000000,3.141593,-1.800000,0.000000
5174,129.350000,789.346175,1007.000000,3.141593,-1.800000,0.000000
5175,129.375000,788.453318,1007.000000,3.141593,-1.800000,0.000000
5176,129.400000,787.560461,1007.000000,3.141593,-1.800000,0.000000
5177,129.425000,786.667604,1007.000000,3.141593,-1.800000,0.000000
5178,129.450000,785.774746,1007.000000,3.141593,-1.800000,0.000000
5179,129.475000,784.881889,1007.000000,3.141593,-1.800000,0.000000
5180,129.500000,783.989032,1007.000000,3.141593,-1.800000,0.000000
5181,129.525000,783.096175,1007.000000,3.141593,-1.800000,0.000000
5182,129.550000,782.203318,1007.000000,3.141593,-1.800000,0.000000
5183,129.575000,781.310461,1007.000000,3.141593,-1.800000,0.000000
5184,129.600000,780.417604,1007.000000,3.141593,-1.800000,0.000000
5185,129.625000,779.524746,1007.000000,3.141593,-1.800000,0.000000
5186,129.650000,778.631889,1007.000000,3.141593,-1.800000,0.000000
5187,129.675000,777.739032,1007.000000,3.141593,-1.800000,0.000000
5188,129.700000,776.846175,1007.000000,3.141593,-1.800000,0.000000
5189,129.725000,775.953318,1007.000000,3.141593,-1.800000,0.000000
5190,129.750000,775.060461,1007.000000,3.141593,-1.800000,0.000000
5191,129.775000,774.167604,1007.000000,3.141593,-1.800000,0.000000
5192,129.800000,773.274746,1007.000000,3.141593,-1.800000,0.000000
5193,129.825000,772.381889,1007.000000,3.141593,-1.800000,0.000000
5194,129.850000,771.489032,1007.000000,3.141593,-1.800000,0.000000
5195,129.875000,770.596175,1007.000000,3.141593,-1.800000,0.000000
5196,129.900000,769.703318,1007.000000,3.141593,-1.800000,0.000000
5197,129.925000,768.810461,1007.000000,3.141593,-1.800000,0.000000
5198,129.950000,767.917604,1007.000000,3.141593,-1.800000,0.000000
5199,129.975000,767.024746,1007.000000,3.141593,-1.800000,0.000000
5200,130.000000,766.131889,1007.000000,3.141593,-1.800000,0.000000
5201,130.025000,765.239032,1007.000000,3.141593,-1.800000,0.000000
5202,130.050000,764.346175,1007.000000,3.141593,-1.800000,0.000000
5203,130.075000,763.453318,1007.000000,3.141593,-1.800000,0.000000
5204,130.100000,762.560461,1007.000000,3.141593,-1.800000,0.000000
5205,130.125000,761.667604,1007.000000,3.141593,-1.800000,0.000000
5206,130.150000,760.774746,1007.000000,3.141593,-1.800000,0.000000
5207,130.175000,759.881889,1007.000000,3.141593,-1.800000,0.000000
5208,130.200000,758.989032,1007.000000,3.141593,-1.800000,0.000000
5209,130.225000,758.096175,1007.000000,3.141593,-1.800000,0.000000
5210,130.250000,757.203318,1007.000000,3.141593,-1.800000,0.000000
5211,130.275000,756.310461,1007.000000,3.141593,-1.800000,0.000000
5212,130.300000,755.417604,1007.000000,3.141593,-1.800000,0.000000
5213,130.325000,754.524746,1007.000000,3.141593,-1.800000,0.000000
5214,130.350000,753.631889,1007.000000,3.141593,-1.800000,0.000000
5215,130.375000,752.739032,1007.000000,3.141593,-1.800000,0.000000
5216,130.400000,751.846175,1007.000000,3.141593,-1.800000,0.000000
5217,130.425000,750.953318,1007.000000,3.141593,-1.800000,0.000000
5218,130.450000,750.060461,1007.000000,3.141593,-1.800000,0.000000
5219,130.475000,749.411407,1006.411407,-2.405007,-1.333380,-1.209173
5220,130.500000,748.688960,1006.000000,-2.623929,-1.564160,-0.890732
5221,130.525000,747.796103,1006.000000,3.141593,-1.800000,0.000000
5222,130.550000,746.903246,1006.000000,3.141593,-1.800000,0.000000
5223,130.575000,746.010389,1006.000000,3.141593,-1.800000,0.000000
5224,130.600000,745.117531,1006.000000,3.141593,-1.800000,0.000000
5225,130.625000,744.224674,1006.000000,3.141593,-1.800000,0.000000
5226,130.650000,743.331817,1006.000000,3.141593,-1.800000,0.000000
5227,130.675000,742.438960,1006.000000,3.141593,-1.800000,0.000000
5228,130.700000,741.546103,1006.000000,3.141593,-1.800000,0.000000
5229,130.725000,740.653246,1006.000000,3.141593,-1.800000,0.000000
5230,130.750000,739.760389,1006.000000,3.141593,-1.800000,0.000000
5231,130.775000,738.867531,1006.000000,3.141593,-1.800000,0.000000
5232,130.800000,737.974674,1006.000000,3.141593,-1.800000,0.000000
5233,130.825000,737.081817,1006.000000,3.141593,-1.800000,0.000000
5234,130.850000,736.188960,1006.000000,3.141593,-1.800000,0.000000
5235,130.875000,735.296103,1006.000000,3.141593,-1.800000,0.000000
5236,130.900000,734.403246,1006.000000,3.141593,-1.800000,0.000000
5237,130.925000,733.510389,1006.000000,3.141593,-1.800000,0.000000
5238,130.950000,732.617531,1006.000000,3.141593,-1.800000,0.000000
5239,130.975000,731.724674,1006.000000,3.141593,-1.800000,0.000000
5240,131.000000,730.831817,1006.000000,3.141593,-1.800000,0.000000
5241,131.025000,729.938960,1006.000000,3.141593,-1.800000,0.000000
5242,131.050000,729.046103,1006.000000,3.141593,-1.800000,0.000000
5243,131.075000,728.153246,1006.000000,3.141593,-1.800000,0.000000
5244,131.100000,727.260389,1006.000000,3.141593,-1.800000,0.000000
5245,131.125000,726.367531,1006.000000,3.141593,-1.800000,0.000000
5246,131.150000,725.474674,1006.000000,3.141593,-1.800000,0.000000
5247,131.175000,724.581817,1006.000000,3.141593,-1.800000,0.000000
5248,131.200000,723.688960,1006.000000,3.141593,-1.800000,0.000000
5249,131.225000,722.796103,1006.000000,3.141593,-1.800000,0.000000
5250,131.250000,721.903246,1006.000000,3.141593,-1.800000,0.000000
5251,131.275000,721.010389,1006.000000,3.141593,-1.800000,0.000000
5252,131.300000,720.117531,1006.000000,3.141593,-1.800000,0.000000
5253,131.325000,719.224674,1006.000000,3.141593,-1.800000,0.000000
5254,131.350000,718.331817,1006.000000,3.141593,-1.800000,0.000000
5255,131.375000,717.438960,1006.000000,3.141593,-1.800000,0.000000
5256,131.400000,716.679046,1005.679046,-2.741964,-1.658170,-0.700337
5257,131.425000,716.047701,1005.047701,-2.356194,-1.272792,-1.272792
5258,131.450000,715.174602,1005.000000,-3.087013,-1.797320,-0.098195
5259,131.475000,714.281745,1005.000000,3.141593,-1.800000,0.000000
5260,131.500000,713.388888,1005.000000,3.141593,-1.800000,0.000000
5261,131.525000,712.496031,1005.000000,3.141593,-1.800000,0.000000
5262,131.550000,711.603174,1005.000000,3.141593,-1.800000,0.000000
5263,131.575000,710.710316,1005.000000,3.141593,-1.800000,0.000000
5264,131.600000,709.817459,1005.000000,3.141593,-1.800000,0.000000
5265,131.625000,708.924602,1005.000000,3.141593,-1.800000,0.000000
5266,131.650000,708.031745,1005.000000,3.141593,-1.800000,0.000000
5267,131.675000,707.138888,1005.000000,3.141593,-1.800000,0.000000
5268,131.700000,706.246031,1005.000000,3.141593,-1.800000,0.000000
5269,131.725000,705.353174,1005.000000,3.141593,-1.800000,0.000000
5270,131.750000,704.460316,1005.000000,3.141593,-1.800000,0.000000
5271,131.775000,703.567459,1005.000000,3.141593,-1.800000,0.000000
5272,131.800000,702.674602,1005.000000,3.141593,-1.800000,0.000000
5273,131.825000,701.781745,1005.000000,3.141593,-1.800000,0.000000
5274,131.850000,700.888888,1005.000000,3.141593,-1.800000,0.000000
5275,131.875000,699.996031,1005.000000,3.141593,-1.800000,0.000000
5276,131.900000,699.103174,1005.000000,3.141593,-1.800000,0.000000
5277,131.925000,698.210316,1005.000000,3.141593,-1.800000,0.000000
5278,131.950000,697.317459,1005.000000,3.141593,-1.800000,0.000000
5279,131.975000,696.424602,1005.000000,3.141593,-1.800000,0.000000
5280,132.000000,695.531745,1005.000000,3.141593,-1.800000,0.000000
5281,132.025000,694.638888,1005.000000,3.141593,-1.800000,0.000000
5282,132.050000,693.746031,1005.000000,3.141593,-1.800000,0.000000
5283,132.075000,692.853174,1005.000000,3.141593,-1.800000,0.000000
5284,132.100000,691.960316,1005.000000,3.141593,-1.800000,0.000000
5285,132.125000,691.067459,1005.000000,3.141593,-1.800000,0.000000
5286,132.150000,690.174602,1005.000000,3.141593,-1.800000,0.000000
5287,132.175000,689.281745,1005.000000,3.141593,-1.800000,0.000000
5288,132.200000,688.388888,1005.000000,3.141593,-1.800000,0.000000
5289,132.225000,687.496031,1005.000000,3.141593,-1.800000,0.000000
5290,132.250000,686.603174,1005.000000,3.141593,-1.800000,0.000000
5291,132.275000,685.710316,1005.000000,3.141593,-1.800000,0.000000
5292,132.300000,684.817459,1005.000000,3.141593,-1.800000,0.000000
5293,132.325000,683.924602,1005.000000,3.141593,-1.800000,0.000000
5294,132.350000,683.031745,1005.000000,3.141593,-1.800000,0.000000
5295,132.375000,682.138888,1005.000000,3.141593,-1.800000,0.000000
5296,132.400000,681.246031,1005.000000,3.141593,-1.800000,0.000000
5297,132.425000,680.353174,1005.000000,3.141593,-1.800000,0.000000
5298,132.450000,679.460316,1005.000000,3.141593,-1.800000,0.000000
5299,132.475000,678.567459,1005.000000,3.141593,-1.800000,0.000000
5300,132.500000,677.674602,1005.000000,3.141593,-1.800000,0.000000
5301,132.525000,676.781745,1005.000000,3.141593,-1.800000,0.000000
5302,132.550000,675.888888,1005.000000,3.141593,-1.800000,0.000000
5303,132.575000,674.996031,1005.000000,3.141593,-1.800000,0.000000
5304,132.600000,674.103174,1005.000000,3.141593,-1.800000,0.000000
5305,132.625000,673.210316,1005.000000,3.141593,-1.800000,0.000000
5306,132.650000,672.317459,1005.000000,3.141593,-1.800000,0.000000
5307,132.675000,671.424602,1005.000000,3.141593,-1.800000,0.000000
5308,132.700000,670.531745,1005.000000,3.141593,-1.800000,0.000000
5309,132.725000,669.638888,1005.000000,3.141593,-1.800000,0.000000
5310,132.750000,668.746031,1005.000000,3.141593,-1.800000,0.000000
5311,132.775000,667.853174,1005.000000,3.141593,-1.800000,0.000000
5312,132.800000,666.960316,1005.000000,3.141593,-1.800000,0.000000
5313,132.825000,666.067459,1005.000000,3.141593,-1.800000,0.000000
5314,132.850000,665.174602,1005.000000,3.141593,-1.800000,0.000000
5315,132.875000,664.281745,1005.000000,3.141593,-1.800000,0.000000
5316,132.900000,663.388888,1005.000000,3.141593,-1.800000,0.000000
5317,132.925000,662.496031,1005.000000,3.141593,-1.800000,0.000000
5318,132.950000,661.603174,1005.000000,3.141593,-1.800000,0.000000
5319,132.975000,660.710316,1005.000000,3.141593,-1.800000,0.000000
5320,133.000000,659.817459,1005.000000,3.141593,-1.800000,0.000000
5321,133.025000,658.924602,1005.000000,3.141593,-1.800000,0.000000
5322,133.050000,658.031745,1005.000000,3.141593,-1.800000,0.000000
5323,133.075000,657.138888,1005.000000,3.141593,-1.800000,0.000000
5324,133.100000,656.246031,1005.000000,3.141593,-1.800000,0.000000
5325,133.125000,655.353174,1005.000000,3.141593,-1.800000,0.000000
5326,133.150000,654.460316,1005.000000,3.141593,-1.800000,0.000000
5327,133.175000,653.567459,1005.000000,3.141593,-1.800000,0.000000
5328,133.200000,652.674602,1005.000000,3.141593,-1.800000,0.000000
5329,133.225000,651.781745,1005.000000,3.141593,-1.800000,0.000000
5330,133.250000,650.888888,1005.000000,3.141593,-1.800000,0.000000
5331,133.275000,649.996031,1005.000000,3.141593,-1.800000,0.000000
5332,133.300000,649.103174,1005.000000,3.141593,-1.800000,0.000000
5333,133.325000,648.210316,1005.000000,3.141593,-1.800000,0.000000
5334,133.350000,647.317459,1005.000000,3.141593,-1.800000,0.000000
5335,133.375000,646.424602,1005.000000,3.141593,-1.800000,0.000000
5336,133.400000,645.531745,1005.000000,3.141593,-1.800000,0.000000
5337,133.425000,644.638888,1005.000000,3.141593,-1.800000,0.000000
5338,133.450000,643.746031,1005.000000,3.141593,-1.800000,0.000000
5339,133.475000,642.853174,1005.000000,3.141593,-1.800000,0.000000
5340,133.500000,641.960316,1005.000000,3.141593,-1.800000,0.000000
5341,133.525000,641.067459,1005.000000,3.141593,-1.800000,0.000000
5342,133.550000,640.174602,1005.000000,3.141593,-1.800000,0.000000
5343,133.575000,639.281745,1005.000000,3.141593,-1.800000,0.000000
5344,133.600000,638.388888,1005.000000,3.141593,-1.800000,0.000000
5345,133.625000,637.496031,1005.000000,3.141593,-1.800000,0.000000
5346,133.650000,636.603174,1005.000000,3.141593,-1.800000,0.000000
5347,133.675000,635.710316,1005.000000,3.141593,-1.800000,0.000000
5348,133.700000,634.817459,1005.000000,3.141593,-1.800000,0.000000
5349,133.725000,633.924602,1005.000000,3.141593,-1.800000,0.000000
5350,133.750000,633.031745,1005.000000,3.141593,-1.800000,0.000000
5351,133.775000,632.138888,1005.000000,3.141593,-1.800000,0.000000
5352,133.800000,631.246031,1005.000000,3.141593,-1.800000,0.000000
5353,133.825000,630.353174,1005.000000,3.141593,-1.800000,0.000000
5354,133.850000,629.460316,1005.000000,3.141593,-1.800000,0.000000
5355,133.875000,628.567459,1005.000000,3.141593,-1.800000,0.000000
5356,133.900000,627.674602,1005.000000,3.141593,-1.800000,0.000000
5357,133.925000,626.781745,1005.000000,3.141593,-1.800000,0.000000
5358,133.950000,625.888888,1005.000000,3.141593,-1.800000,0.000000
5359,133.975000,624.996031,1005.000000,3.141593,-1.800000,0.000000
5360,134.000000,624.103174,1005.000000,3.141593,-1.800000,0.000000
5361,134.025000,623.210316,1005.000000,3.141593,-1.800000,0.000000
5362,134.050000,622.317459,1005.000000,3.141593,-1.800000,0.000000
5363,134.075000,621.424602,1005.000000,3.141593,-1.800000,0.000000
5364,134.100000,620.531745,1005.000000,3.141593,-1.800000,0.000000
5365,134.125000,619.638888,1005.000000,3.141593,-1.800000,0.000000
5366,134.150000,618.746031,1005.000000,3.141593,-1.800000,0.000000
5367,134.175000,617.853174,1005.000000,3.141593,-1.800000,0.000000
5368,134.200000,616.960316,1005.000000,3.141593,-1.800000,0.000000
5369,134.225000,616.067459,1005.000000,3.141593,-1.800000,0.000000
5370,134.250000,615.174602,1005.000000,3.141593,-1.800000,0.000000
5371,134.275000,614.281745,1005.000000,3.141593,-1.800000,0.000000
5372,134.300000,613.388888,1005.000000,3.141593,-1.800000,0.000000
5373,134.325000,612.496031,1005.000000,3.141593,-1.800000,0.000000
5374,134.350000,611.719401,1004.719401,-2.794884,-1.692893,-0.611648
5375,134.375000,611.088056,1004.088056,-2.356194,-1.272792,-1.272792
5376,134.400000,610.231673,1004.000000,-3.039130,-1.790559,-0.184111
5377,134.425000,609.338816,1004.000000,3.141593,-1.800000,0.000000
5378,134.450000,608.445959,1004.000000,3.141593,-1.800000,0.000000
5379,134.475000,607.553101,1004.000000,3.141593,-1.800000,0.000000
5380,134.500000,606.660244,1004.000000,3.141593,-1.800000,0.000000
5381,134.525000,605.767387,1004.000000,3.141593,-1.800000,0.000000
5382,134.550000,604.874530,1004.000000,3.141593,-1.800000,0.000000
5383,134.575000,603.981673,1004.000000,3.141593,-1.800000,0.000000
5384,134.600000,603.088816,1004.000000,3.141593,-1.800000,0.000000
5385,134.625000,602.195959,1004.000000,3.141593,-1.800000,0.000000
5386,134.650000,601.303101,1004.000000,3.141593,-1.800000,0.000000
5387,134.675000,600.410244,1004.000000,3.141593,-1.800000,0.000000
5388,134.700000,599.517387,1004.000000,3.141593,-1.800000,0.000000
5389,134.725000,598.624530,1004.000000,3.141593,-1.800000,0.000000
5390,134.750000,597.731673,1004.000000,3.141593,-1.800000,0.000000
5391,134.775000,596.886026,1003.886026,-3.007622,-1.783871,-0.240426
5392,134.800000,596.254680,1003.254680,-2.356194,-1.272792,-1.272792
5393,134.825000,595.467315,1003.000000,-2.828755,-1.712636,-0.553967
5394,134.850000,594.574458,1003.000000,3.141593,-1.800000,0.000000
5395,134.875000,593.681601,1003.000000,3.141593,-1.800000,0.000000
5396,134.900000,592.788744,1003.000000,3.141593,-1.800000,0.000000
5397,134.925000,591.895886,1003.000000,3.141593,-1.800000,0.000000
5398,134.950000,591.003029,1003.000000,3.141593,-1.800000,0.000000
5399,134.975000,590.110172,1003.000000,3.141593,-1.800000,0.000000
5400,135.000000,589.217315,1003.000000,3.141593,-1.800000,0.000000
5401,135.025000,588.324458,1003.000000,3.141593,-1.800000,0.000000
5402,135.050000,587.431601,1003.000000,3.141593,-1.800000,0.000000
5403,135.075000,586.538744,1003.000000,3.141593,-1.800000,0.000000
5404,135.100000,585.645886,1003.000000,3.141593,-1.800000,0.000000
5405,135.125000,584.753029,1003.000000,3.141593,-1.800000,0.000000
5406,135.150000,583.860172,1003.000000,3.141593,-1.800000,0.000000
5407,135.175000,582.967315,1003.000000,3.141593,-1.800000,0.000000
5408,135.200000,582.074458,1003.000000,3.141593,-1.800000,0.000000
5409,135.225000,581.181601,1003.000000,3.141593,-1.800000,0.000000
5410,135.250000,580.288744,1003.000000,3.141593,-1.800000,0.000000
5411,135.275000,579.395886,1003.000000,3.141593,-1.800000,0.000000
5412,135.300000,578.503029,1003.000000,3.141593,-1.800000,0.000000
5413,135.325000,577.610172,1003.000000,3.141593,-1.800000,0.000000
5414,135.350000,576.717315,1003.000000,3.141593,-1.800000,0.000000
5415,135.375000,575.824458,1003.000000,3.141593,-1.800000,0.000000
5416,135.400000,574.931601,1003.000000,3.141593,-1.800000,0.000000
5417,135.425000,574.038744,1003.000000,3.141593,-1.800000,0.000000
5418,135.450000,573.145886,1003.000000,3.141593,-1.800000,0.000000
5419,135.475000,572.253029,1003.000000,3.141593,-1.800000,0.000000
5420,135.500000,571.360172,1003.000000,3.141593,-1.800000,0.000000
5421,135.525000,570.467315,1003.000000,3.141593,-1.800000,0.000000
5422,135.550000,569.574458,1003.000000,3.141593,-1.800000,0.000000
5423,135.575000,568.681601,1003.000000,3.141593,-1.800000,0.000000
5424,135.600000,567.788744,1003.000000,3.141593,-1.800000,0.000000
5425,135.625000,566.895886,1003.000000,3.141593,-1.800000,0.000000
5426,135.650000,566.003029,1003.000000,3.141593,-1.800000,0.000000
5427,135.675000,565.110172,1003.000000,3.141593,-1.800000,0.000000
5428,135.700000,564.217315,1003.000000,3.141593,-1.800000,0.000000
5429,135.725000,563.324458,1003.000000,3.141593,-1.800000,0.000000
5430,135.750000,562.431601,1003.000000,3.141593,-1.800000,0.000000
5431,135.775000,561.538744,1003.000000,3.141593,-1.800000,0.000000
5432,135.800000,560.645886,1003.000000,3.141593,-1.800000,0.000000
5433,135.825000,559.753029,1003.000000,3.141593,-1.800000,0.000000
5434,135.850000,558.860172,1003.000000,3.141593,-1.800000,0.000000
5435,135.875000,557.967315,1003.000000,3.141593,-1.800000,0.000000
5436,135.900000,557.074458,1003.000000,3.141593,-1.800000,0.000000
5437,135.925000,556.181601,1003.000000,3.141593,-1.800000,0.000000
5438,135.950000,555.288744,1003.000000,3.141593,-1.800000,0.000000
5439,135.975000,554.395886,1003.000000,3.141593,-1.800000,0.000000
5440,136.000000,553.503029,1003.000000,3.141593,-1.800000,0.000000
5441,136.025000,552.610172,1003.000000,3.141593,-1.800000,0.000000
5442,136.050000,551.717315,1003.000000,3.141593,-1.800000,0.000000
5443,136.075000,550.824458,1003.000000,3.141593,-1.800000,0.000000
5444,136.100000,549.931601,1003.000000,3.141593,-1.800000,0.000000
5445,136.125000,549.038744,1003.000000,3.141593,-1.800000,0.000000
5446,136.150000,548.145886,1003.000000,3.141593,-1.800000,0.000000
5447,136.175000,547.253029,1003.000000,3.141593,-1.800000,0.000000
5448,136.200000,546.360172,1003.000000,3.141593,-1.800000,0.000000
5449,136.225000,545.467315,1003.000000,3.141593,-1.800000,0.000000
5450,136.250000,544.574458,1003.000000,3.141593,-1.800000,0.000000
5451,136.275000,543.774858,1003.225142,2.867130,-1.732628,0.487854
5452,136.300000,543.143512,1003.856488,2.356194,-1.272792,1.272792
5453,136.325000,542.310100,1004.000000,2.971067,-1.773892,0.305462
5454,136.350000,541.417243,1004.000000,3.141593,-1.800000,0.000000
5455,136.375000,540.524386,1004.000000,3.141593,-1.800000,0.000000
5456,136.400000,539.631529,1004.000000,3.141593,-1.800000,0.000000
5457,136.425000,538.815213,1004.184787,2.918977,-1.755582,0.397406
5458,136.450000,538.183867,1004.816133,2.356194,-1.272792,1.272792
5459,136.475000,537.367171,1005.000000,2.920149,-1.756047,0.395348
5460,136.500000,536.474314,1005.000000,3.141593,-1.800000,0.000000
5461,136.525000,535.581456,1005.000000,3.141593,-1.800000,0.000000
5462,136.550000,534.779806,1005.220194,2.873528,-1.735714,0.476758
5463,136.575000,534.148461,1005.851539,2.356194,-1.272792,1.272792
5464,136.600000,533.317099,1006.000000,2.964880,-1.771968,0.316430
5465,136.625000,532.424241,1006.000000,3.141593,-1.800000,0.000000
5466,136.650000,531.531384,1006.000000,3.141593,-1.800000,0.000000
5467,136.675000,530.744400,1006.255600,2.827556,-1.711970,0.556021
5468,136.700000,530.113055,1006.886945,2.356194,-1.272792,1.272792
5469,136.725000,529.267026,1007.000000,3.008750,-1.784141,0.238415
5470,136.750000,528.374169,1007.000000,3.141593,-1.800000,0.000000
5471,136.775000,527.481312,1007.000000,3.141593,-1.800000,0.000000
5472,136.800000,526.588455,1007.000000,3.141593,-1.800000,0.000000
5473,136.825000,525.784755,1007.215245,2.879916,-1.738724,0.465661
5474,136.850000,525.153410,1007.846590,2.356194,-1.272792,1.272792
5475,136.875000,524.324097,1008.000000,2.958676,-1.769971,0.327417
5476,136.900000,523.431240,1008.000000,3.141593,-1.800000,0.000000
5477,136.925000,522.538383,1008.000000,3.141593,-1.800000,0.000000
5478,136.950000,521.645526,1008.000000,3.141593,-1.800000,0.000000
5479,136.975000,520.752669,1008.000000,3.141593,-1.800000,0.000000
5480,137.000000,519.900872,1008.099128,3.025738,-1.787933,0.208072
5481,137.025000,519.269526,1008.730474,2.356194,-1.272792,1.272792
5482,137.050000,518.488311,1009.000000,2.809371,-1.701576,0.587059
5483,137.075000,517.595454,1009.000000,3.141593,-1.800000,0.000000
5484,137.100000,516.702596,1009.000000,3.141593,-1.800000,0.000000
5485,137.125000,515.809739,1009.000000,3.141593,-1.800000,0.000000
5486,137.150000,514.941227,1009.058773,3.074025,-1.795893,0.121530
5487,137.175000,514.309881,1009.690119,2.356194,-1.272792,1.272792
5488,137.200000,513.545381,1010.000000,2.756492,-1.668169,0.676174
5489,137.225000,512.652524,1010.000000,3.141593,-1.800000,0.000000
5490,137.250000,511.759667,1010.000000,3.141593,-1.800000,0.000000
5491,137.275000,510.866810,1010.000000,3.141593,-1.800000,0.000000
5492,137.300000,509.973953,1010.000000,3.141593,-1.800000,0.000000
5493,137.325000,509.081096,1010.000000,3.141593,-1.800000,0.000000
5494,137.350000,508.425998,1010.574002,2.422079,-1.353827,1.186235
5495,137.375000,507.709595,1011.000000,2.605128,-1.547137,0.919981
5496,137.400000,506.816738,1011.000000,3.141593,-1.800000,0.000000
5497,137.425000,505.923881,1011.000000,3.141593,-1.800000,0.000000
5498,137.450000,505.031024,1011.000000,3.141593,-1.800000,0.000000
5499,137.475000,504.138166,1011.000000,3.141593,-1.800000,0.000000
5500,137.500000,503.245309,1011.000000,3.141593,-1.800000,0.000000
5501,137.525000,502.542114,1011.457886,2.564409,-1.508405,0.982199
5502,137.550000,501.873808,1012.000000,2.460073,-1.397910,1.133952
5503,137.575000,500.986531,1011.986531,-3.126413,-1.799793,-0.027322
5504,137.600000,500.355185,1011.355185,-2.356194,-1.272792,-1.272792
5505,137.625000,499.609451,1011.000000,-2.697093,-1.625087,-0.774011
5506,137.650000,498.799601,1010.799601,-2.899014,-1.747299,-0.432372
5507,137.675000,498.168256,1010.168256,-2.356194,-1.272792,-1.272792
5508,137.700000,497.536911,1009.536911,-2.356194,-1.272792,-1.272792
5509,137.725000,496.905565,1008.905565,-2.356194,-1.272792,-1.272792
5510,137.750000,496.274220,1008.274220,-2.356194,-1.272792,-1.272792
5511,137.775000,495.642875,1007.642875,-2.356194,-1.272792,-1.272792
5512,137.800000,495.011529,1007.011529,-2.356194,-1.272792,-1.272792
5513,137.825000,494.380184,1006.380184,-2.356194,-1.272792,-1.272792
5514,137.850000,493.748839,1005.748839,-2.356194,-1.272792,-1.272792
5515,137.875000,493.117493,1005.117493,-2.356194,-1.272792,-1.272792
5516,137.900000,492.486148,1004.486148,-2.356194,-1.272792,-1.272792
5517,137.925000,491.854803,1003.854803,-2.356194,-1.272792,-1.272792
5518,137.950000,491.223457,1003.223457,-2.356194,-1.272792,-1.272792
5519,137.975000,491.000000,1002.423159,-1.843079,-0.484076,-1.733687
5520,138.000000,490.667873,1001.667873,-1.985082,-0.724566,-1.647727
5521,138.025000,490.036528,1001.036528,-2.356194,-1.272792,-1.272792
5522,138.050000,490.000000,1000.158801,-1.612389,-0.074845,-1.798443
5523,138.075000,489.480944,999.480944,-2.224289,-1.094334,-1.429137
5524,138.100000,489.000000,998.787301,-2.177051,-1.025629,-1.479218
5525,138.125000,488.925360,997.925360,-1.657176,-0.155290,-1.793289
5526,138.150000,488.294015,997.294015,-2.356194,-1.272792,-1.272792
5527,138.175000,488.000000,996.522943,-1.935085,-0.641312,-1.681880
5528,138.200000,488.000000,995.630086,-1.570796,0.000000,-1.800000
5529,138.225000,488.000000,994.737228,-1.570796,0.000000,-1.800000
5530,138.250000,488.000000,993.844371,-1.570796,0.000000,-1.800000
5531,138.275000,487.965715,992.965715,-1.609796,-0.070182,-1.798631
5532,138.300000,487.334370,992.334370,-2.356194,-1.272792,-1.272792
5533,138.325000,487.000000,991.580013,-1.988024,-0.729410,-1.645588
5534,138.350000,487.000000,990.687156,-1.570796,0.000000,-1.800000
5535,138.375000,487.000000,989.794299,-1.570796,0.000000,-1.800000
5536,138.400000,487.000000,988.901442,-1.570796,0.000000,-1.800000
5537,138.425000,487.000000,988.008585,-1.570796,0.000000,-1.800000
5538,138.450000,487.000000,987.115728,-1.570796,0.000000,-1.800000
5539,138.475000,486.450486,986.450486,-2.261213,-1.146345,-1.387766
5540,138.500000,486.000000,985.744227,-2.138582,-0.967979,-1.517569
5541,138.525000,486.000000,984.851370,-1.570796,0.000000,-1.800000
5542,138.550000,486.000000,983.958513,-1.570796,0.000000,-1.800000
5543,138.575000,486.000000,983.065656,-1.570796,0.000000,-1.800000
5544,138.600000,486.000000,982.172798,-1.570796,0.000000,-1.800000
5545,138.625000,486.000000,981.279941,-1.570796,0.000000,-1.800000
5546,138.650000,486.000000,980.387084,-1.570796,0.000000,-1.800000
5547,138.675000,486.000000,979.494227,-1.570796,0.000000,-1.800000
5548,138.700000,486.000000,978.601370,-1.570796,0.000000,-1.800000
5549,138.725000,486.000000,977.708513,-1.570796,0.000000,-1.800000
5550,138.750000,486.000000,976.815656,-1.570796,0.000000,-1.800000
5551,138.775000,486.000000,975.922798,-1.570796,0.000000,-1.800000
5552,138.800000,486.000000,975.029941,-1.570796,0.000000,-1.800000
5553,138.825000,486.000000,974.137084,-1.570796,0.000000,-1.800000
5554,138.850000,486.000000,973.244227,-1.570796,0.000000,-1.800000
5555,138.875000,486.000000,972.351370,-1.570796,0.000000,-1.800000
5556,138.900000,486.000000,971.458513,-1.570796,0.000000,-1.800000
5557,138.925000,486.000000,970.565656,-1.570796,0.000000,-1.800000
5558,138.950000,486.000000,969.672798,-1.570796,0.000000,-1.800000
5559,138.975000,486.000000,968.779941,-1.570796,0.000000,-1.800000
5560,139.000000,486.000000,967.887084,-1.570796,0.000000,-1.800000
5561,139.025000,486.000000,966.994227,-1.570796,0.000000,-1.800000
5562,139.050000,486.000000,966.101370,-1.570796,0.000000,-1.800000
5563,139.075000,486.000000,965.208513,-1.570796,0.000000,-1.800000
5564,139.100000,486.000000,964.315656,-1.570796,0.000000,-1.800000
5565,139.125000,486.000000,963.422798,-1.570796,0.000000,-1.800000
5566,139.150000,485.667618,962.667618,-1.985417,-0.725117,-1.647485
5567,139.175000,485.036273,962.036273,-2.356194,-1.272792,-1.272792
5568,139.200000,485.000000,961.158440,-1.612094,-0.074314,-1.798465
5569,139.225000,485.000000,960.265583,-1.570796,0.000000,-1.800000
5570,139.250000,485.000000,959.372726,-1.570796,0.000000,-1.800000
5571,139.275000,485.000000,958.479869,-1.570796,0.000000,-1.800000
5572,139.300000,485.000000,957.587012,-1.570796,0.000000,-1.800000
5573,139.325000,485.000000,956.694155,-1.570796,0.000000,-1.800000
5574,139.350000,485.000000,955.801298,-1.570796,0.000000,-1.800000
5575,139.375000,485.000000,954.908440,-1.570796,0.000000,-1.800000
5576,139.400000,485.000000,954.015583,-1.570796,0.000000,-1.800000
5577,139.425000,485.000000,953.122726,-1.570796,0.000000,-1.800000
5578,139.450000,485.000000,952.229869,-1.570796,0.000000,-1.800000
5579,139.475000,485.000000,951.337012,-1.570796,0.000000,-1.800000
5580,139.500000,485.000000,950.444155,-1.570796,0.000000,-1.800000
5581,139.525000,485.000000,949.551298,-1.570796,0.000000,-1.800000
5582,139.550000,485.000000,948.658440,-1.570796,0.000000,-1.800000
5583,139.575000,485.000000,947.765583,-1.570796,0.000000,-1.800000
5584,139.600000,485.000000,946.872726,-1.570796,0.000000,-1.800000
5585,139.625000,485.000000,945.979869,-1.570796,0.000000,-1.800000
5586,139.650000,485.000000,945.087012,-1.570796,0.000000,-1.800000
5587,139.675000,485.000000,944.194155,-1.570796,0.000000,-1.800000
5588,139.700000,485.000000,943.301298,-1.570796,0.000000,-1.800000
5589,139.725000,485.000000,942.408440,-1.570796,0.000000,-1.800000
5590,139.750000,485.000000,941.515583,-1.570796,0.000000,-1.800000
5591,139.775000,485.000000,940.622726,-1.570796,0.000000,-1.800000
5592,139.800000,485.000000,939.729869,-1.570796,0.000000,-1.800000
5593,139.825000,485.000000,938.837012,-1.570796,0.000000,-1.800000
5594,139.850000,485.000000,937.944155,-1.570796,0.000000,-1.800000
5595,139.875000,485.000000,937.051298,-1.570796,0.000000,-1.800000
5596,139.900000,485.000000,936.158440,-1.570796,0.000000,-1.800000
5597,139.925000,485.000000,935.265583,-1.570796,0.000000,-1.800000
5598,139.950000,485.000000,934.372726,-1.570796,0.000000,-1.800000
5599,139.975000,485.000000,933.479869,-1.570796,0.000000,-1.800000
5600,140.000000,485.000000,932.587012,-1.570796,0.000000,-1.800000
5601,140.025000,485.000000,931.694155,-1.570796,0.000000,-1.800000
5602,140.050000,485.000000,930.801298,-1.570796,0.000000,-1.800000
5603,140.075000,485.000000,929.908440,-1.570796,0.000000,-1.800000
5604,140.100000,485.000000,929.015583,-1.570796,0.000000,-1.800000
5605,140.125000,485.000000,928.122726,-1.570796,0.000000,-1.800000
5606,140.150000,485.000000,927.229869,-1.570796,0.000000,-1.800000
5607,140.175000,485.000000,926.337012,-1.570796,0.000000,-1.800000
5608,140.200000,485.000000,925.444155,-1.570796,0.000000,-1.800000
5609,140.225000,485.000000,924.551298,-1.570796,0.000000,-1.800000
5610,140.250000,485.000000,923.658440,-1.570796,0.000000,-1.800000
5611,140.275000,485.000000,922.765583,-1.570796,0.000000,-1.800000
5612,140.300000,485.000000,921.872726,-1.570796,0.000000,-1.800000
5613,140.325000,485.000000,920.979869,-1.570796,0.000000,-1.800000
5614,140.350000,485.000000,920.087012,-1.570796,0.000000,-1.800000
5615,140.375000,485.000000,919.194155,-1.570796,0.000000,-1.800000
5616,140.400000,485.000000,918.301298,-1.570796,0.000000,-1.800000
5617,140.425000,485.000000,917.408440,-1.570796,0.000000,-1.800000
5618,140.450000,485.000000,916.515583,-1.570796,0.000000,-1.800000
5619,140.475000,485.000000,915.622726,-1.570796,0.000000,-1.800000
5620,140.500000,485.000000,914.729869,-1.570796,0.000000,-1.800000
5621,140.525000,485.000000,913.837012,-1.570796,0.000000,-1.800000
5622,140.550000,485.000000,912.944155,-1.570796,0.000000,-1.800000
5623,140.575000,485.000000,912.051298,-1.570796,0.000000,-1.800000
5624,140.600000,485.000000,911.158440,-1.570796,0.000000,-1.800000
5625,140.625000,485.000000,910.265583,-1.570796,0.000000,-1.800000
5626,140.650000,485.000000,909.372726,-1.570796,0.000000,-1.800000
5627,140.675000,485.000000,908.479869,-1.570796,0.000000,-1.800000
5628,140.700000,485.000000,907.587012,-1.570796,0.000000,-1.800000
5629,140.725000,485.000000,906.694155,-1.570796,0.000000,-1.800000
5630,140.750000,485.140504,905.859496,-1.404023,0.298802,-1.775026
5631,140.775000,485.771849,905.228151,-0.785398,1.272792,-1.272792
5632,140.800000,486.000000,904.429797,-1.292439,0.494598,-1.730715
5633,140.825000,486.000000,903.536940,-1.570796,0.000000,-1.800000
5634,140.850000,486.000000,902.644083,-1.570796,0.000000,-1.800000
5635,140.875000,486.000000,901.751225,-1.570796,0.000000,-1.800000
5636,140.900000,486.000000,900.858368,-1.570796,0.000000,-1.800000
5637,140.925000,486.000000,899.965511,-1.570796,0.000000,-1.800000
5638,140.950000,486.000000,899.072654,-1.570796,0.000000,-1.800000
5639,140.975000,486.000000,898.179797,-1.570796,0.000000,-1.800000
5640,141.000000,486.000000,897.286940,-1.570796,0.000000,-1.800000
5641,141.025000,486.000000,896.394083,-1.570796,0.000000,-1.800000
5642,141.050000,486.000000,895.501225,-1.570796,0.000000,-1.800000
5643,141.075000,486.000000,894.608368,-1.570796,0.000000,-1.800000
5644,141.100000,486.000000,893.715511,-1.570796,0.000000,-1.800000
5645,141.125000,486.000000,892.822654,-1.570796,0.000000,-1.800000
5646,141.150000,486.000000,891.929797,-1.570796,0.000000,-1.800000
5647,141.175000,486.000000,891.036940,-1.570796,0.000000,-1.800000
5648,141.200000,486.000000,890.144083,-1.570796,0.000000,-1.800000
5649,141.225000,486.000000,889.251225,-1.570796,0.000000,-1.800000
5650,141.250000,486.000000,888.358368,-1.570796,0.000000,-1.800000
5651,141.275000,486.000000,887.465511,-1.570796,0.000000,-1.800000
5652,141.300000,486.000000,886.572654,-1.570796,0.000000,-1.800000
5653,141.325000,486.000000,885.679797,-1.570796,0.000000,-1.800000
5654,141.350000,486.000000,884.786940,-1.570796,0.000000,-1.800000
5655,141.375000,486.000000,883.894083,-1.570796,0.000000,-1.800000
5656,141.400000,486.000000,883.001225,-1.570796,0.000000,-1.800000
5657,141.425000,486.000000,882.108368,-1.570796,0.000000,-1.800000
5658,141.450000,486.000000,881.215511,-1.570796,0.000000,-1.800000
5659,141.475000,486.000000,880.322654,-1.570796,0.000000,-1.800000
5660,141.500000,486.000000,879.429797,-1.570796,0.000000,-1.800000
5661,141.525000,486.000000,878.536940,-1.570796,0.000000,-1.800000
5662,141.550000,485.748328,877.748328,-1.879712,-0.547247,-1.714795
5663,141.575000,485.116983,877.116983,-2.356194,-1.272792,-1.272792
5664,141.600000,485.000000,876.272582,-1.708460,-0.247012,-1.782971
5665,141.625000,485.000000,875.379725,-1.570796,0.000000,-1.800000
5666,141.650000,484.637161,874.637161,-2.025307,-0.790241,-1.617257
5667,141.675000,484.005815,874.005815,-2.356194,-1.272792,-1.272792
5668,141.700000,484.000000,873.115367,-1.577327,-0.011755,-1.799962
5669,141.725000,484.000000,872.222510,-1.570796,0.000000,-1.800000
5670,141.750000,483.525993,871.525993,-2.168342,-1.012707,-1.488094
5671,141.775000,483.000000,870.851009,-2.232767,-1.106410,-1.419808
5672,141.800000,483.000000,869.958152,-1.570796,0.000000,-1.800000
5673,141.825000,483.000000,869.065295,-1.570796,0.000000,-1.800000
5674,141.850000,482.414825,868.414825,-2.303401,-1.203855,-1.338183
5675,141.875000,482.000000,867.693794,-2.092873,-0.897626,-1.560214
5676,141.900000,481.859241,866.859241,-1.737888,-0.299367,-1.774931
5677,141.925000,481.227896,866.227896,-2.356194,-1.272792,-1.272792
5678,141.950000,481.000000,865.429436,-1.848823,-0.494026,-1.730878
5679,141.975000,480.672312,864.672312,-1.979260,-0.714960,-1.651918
5680,142.000000,480.040967,864.040967,-2.356194,-1.272792,-1.272792
5681,142.025000,480.000000,863.165078,-1.617534,-0.084097,-1.798034
5682,142.050000,479.485383,862.485383,-2.218844,-1.086537,-1.435074
5683,142.075000,479.000000,861.793578,-2.182607,-1.033831,-1.473497
5684,142.100000,478.929799,860.929799,-1.651890,-0.145809,-1.794085
5685,142.125000,478.298453,860.298453,-2.356194,-1.272792,-1.272792
5686,142.150000,477.667108,859.667108,-2.356194,-1.272792,-1.272792
5687,142.175000,477.035763,859.035763,-2.356194,-1.272792,-1.272792
5688,142.200000,476.404417,858.404417,-2.356194,-1.272792,-1.272792
5689,142.225000,475.773072,857.773072,-2.356194,-1.272792,-1.272792
5690,142.250000,475.141727,857.141727,-2.356194,-1.272792,-1.272792
5691,142.275000,474.510381,856.510381,-2.356194,-1.272792,-1.272792
5692,142.300000,473.828931,856.000000,-2.498755,-1.440716,-1.079044
5693,142.325000,472.954797,855.954797,-3.089927,-1.797598,-0.092956
5694,142.350000,472.323452,855.323452,-2.356194,-1.272792,-1.272792
5695,142.375000,471.564573,855.000000,-2.738686,-1.655865,-0.705769
5696,142.400000,470.767868,854.767868,-2.858077,-1.728140,-0.503519
5697,142.425000,470.136523,854.136523,-2.356194,-1.272792,-1.272792
5698,142.450000,469.300215,854.000000,-2.979775,-1.776485,-0.290002
5699,142.475000,468.407358,854.000000,3.141593,-1.800000,0.000000
5700,142.500000,467.656700,853.656700,-2.712658,-1.636937,-0.748623
5701,142.525000,467.025355,853.025355,-2.356194,-1.272792,-1.272792
5702,142.550000,466.143000,853.000000,-3.112865,-1.799257,-0.051703
5703,142.575000,465.250143,853.000000,3.141593,-1.800000,0.000000
5704,142.600000,464.545533,852.545533,-2.568747,-1.512651,-0.975646
5705,142.625000,463.878642,852.000000,-2.455957,-1.393230,-1.139697
5706,142.650000,462.989949,851.989949,-3.130283,-1.799885,-0.020357
5707,142.675000,462.358603,851.358603,-2.356194,-1.272792,-1.272792
5708,142.700000,461.727258,850.727258,-2.356194,-1.272792,-1.272792
5709,142.725000,461.095913,850.095913,-2.356194,-1.272792,-1.272792
5710,142.750000,460.242784,850.000000,-3.029638,-1.788731,-0.201097
5711,142.775000,459.349927,850.000000,3.141593,-1.800000,0.000000
5712,142.800000,458.457070,850.000000,3.141593,-1.800000,0.000000
5713,142.825000,457.564212,850.000000,3.141593,-1.800000,0.000000
5714,142.850000,456.767613,849.767613,-2.857746,-1.727974,-0.504091
5715,142.875000,456.136268,849.136268,-2.356194,-1.272792,-1.272792
5716,142.900000,455.299855,849.000000,-2.980092,-1.776577,-0.289439
5717,142.925000,454.406997,849.000000,3.141593,-1.800000,0.000000
5718,142.950000,453.514140,849.000000,3.141593,-1.800000,0.000000
5719,142.975000,452.621283,849.000000,3.141593,-1.800000,0.000000
5720,143.000000,451.728426,849.000000,3.141593,-1.800000,0.000000
5721,143.025000,450.835569,849.000000,3.141593,-1.800000,0.000000
5722,143.050000,449.942712,849.000000,3.141593,-1.800000,0.000000
5723,143.075000,449.049855,849.000000,3.141593,-1.800000,0.000000
5724,143.100000,448.403907,848.403907,-2.396312,-1.322816,-1.220720
5725,143.125000,447.678354,848.000000,-2.633629,-1.572726,-0.875519
5726,143.150000,446.785497,848.000000,3.141593,-1.800000,0.000000
5727,143.175000,445.892640,848.000000,3.141593,-1.800000,0.000000
5728,143.200000,444.999782,848.000000,3.141593,-1.800000,0.000000
5729,143.225000,444.106925,848.000000,3.141593,-1.800000,0.000000
5730,143.250000,443.214068,848.000000,3.141593,-1.800000,0.000000
5731,143.275000,442.321211,848.000000,3.141593,-1.800000,0.000000
5732,143.300000,441.428354,848.000000,3.141593,-1.800000,0.000000
5733,143.325000,440.535497,848.000000,3.141593,-1.800000,0.000000
5734,143.350000,439.642640,848.000000,3.141593,-1.800000,0.000000
5735,143.375000,438.749782,848.000000,3.141593,-1.800000,0.000000
5736,143.400000,437.856925,848.000000,3.141593,-1.800000,0.000000
5737,143.425000,436.964068,848.000000,3.141593,-1.800000,0.000000
5738,143.450000,436.071211,848.000000,3.141593,-1.800000,0.000000
5739,143.475000,435.178354,848.000000,3.141593,-1.800000,0.000000
5740,143.500000,434.285497,848.000000,3.141593,-1.800000,0.000000
5741,143.525000,433.392640,848.000000,3.141593,-1.800000,0.000000
5742,143.550000,432.499782,848.000000,3.141593,-1.800000,0.000000
5743,143.575000,431.606925,848.000000,3.141593,-1.800000,0.000000
5744,143.600000,430.714068,848.000000,3.141593,-1.800000,0.000000
5745,143.625000,429.821211,848.000000,3.141593,-1.800000,0.000000
5746,143.650000,428.928354,848.000000,3.141593,-1.800000,0.000000
5747,143.675000,428.035497,848.000000,3.141593,-1.800000,0.000000
5748,143.700000,427.393755,847.393755,-2.384630,-1.308465,-1.236090
5749,143.725000,426.663996,847.000000,-2.646794,-1.584116,-0.854739
5750,143.750000,425.771139,847.000000,3.141593,-1.800000,0.000000
5751,143.775000,424.878282,847.000000,3.141593,-1.800000,0.000000
5752,143.800000,423.985425,847.000000,3.141593,-1.800000,0.000000
5753,143.825000,423.092567,847.000000,3.141593,-1.800000,0.000000
5754,143.850000,422.199710,847.000000,3.141593,-1.800000,0.000000
5755,143.875000,421.306853,847.000000,3.141593,-1.800000,0.000000
5756,143.900000,420.413996,847.000000,3.141593,-1.800000,0.000000
5757,143.925000,419.521139,847.000000,3.141593,-1.800000,0.000000
5758,143.950000,418.628282,847.000000,3.141593,-1.800000,0.000000
5759,143.975000,417.735425,847.000000,3.141593,-1.800000,0.000000
5760,144.000000,416.842567,847.000000,3.141593,-1.800000,0.000000
5761,144.025000,415.964440,847.035560,3.101119,-1.798526,0.072832
5762,144.050000,415.333094,847.666906,2.356194,-1.272792,1.272792
5763,144.075000,414.578210,848.000000,2.726037,-1.646806,0.726656
5764,144.100000,413.685352,848.000000,3.141593,-1.800000,0.000000
5765,144.125000,412.792495,848.000000,3.141593,-1.800000,0.000000
5766,144.150000,411.899638,848.000000,3.141593,-1.800000,0.000000
5767,144.175000,411.006781,848.000000,3.141593,-1.800000,0.000000
5768,144.200000,410.113924,848.000000,3.141593,-1.800000,0.000000
5769,144.225000,409.221067,848.000000,3.141593,-1.800000,0.000000
5770,144.250000,408.328210,848.000000,3.141593,-1.800000,0.000000
5771,144.275000,407.435352,848.000000,3.141593,-1.800000,0.000000
5772,144.300000,406.542495,848.000000,3.141593,-1.800000,0.000000
5773,144.325000,405.649638,848.000000,3.141593,-1.800000,0.000000
5774,144.350000,404.756781,848.000000,3.141593,-1.800000,0.000000
5775,144.375000,403.863924,848.000000,3.141593,-1.800000,0.000000
5776,144.400000,402.971067,848.000000,3.141593,-1.800000,0.000000
5777,144.425000,402.078210,848.000000,3.141593,-1.800000,0.000000
5778,144.450000,401.185352,848.000000,3.141593,-1.800000,0.000000
5779,144.475000,400.292495,848.000000,3.141593,-1.800000,0.000000
5780,144.500000,399.399638,848.000000,3.141593,-1.800000,0.000000
5781,144.525000,398.506781,848.000000,3.141593,-1.800000,0.000000
5782,144.550000,397.613924,848.000000,3.141593,-1.800000,0.000000
5783,144.575000,396.721067,848.000000,3.141593,-1.800000,0.000000
5784,144.600000,395.828210,848.000000,3.141593,-1.800000,0.000000
5785,144.625000,394.935352,848.000000,3.141593,-1.800000,0.000000
5786,144.650000,394.042495,848.000000,3.141593,-1.800000,0.000000
5787,144.675000,393.149638,848.000000,3.141593,-1.800000,0.000000
5788,144.700000,392.256781,848.000000,3.141593,-1.800000,0.000000
5789,144.725000,391.363924,848.000000,3.141593,-1.800000,0.000000
5790,144.750000,390.471067,848.000000,3.141593,-1.800000,0.000000
5791,144.775000,389.578210,848.000000,3.141593,-1.800000,0.000000
5792,144.800000,388.685352,848.000000,3.141593,-1.800000,0.000000
5793,144.825000,387.792495,848.000000,3.141593,-1.800000,0.000000
5794,144.850000,386.899638,848.000000,3.141593,-1.800000,0.000000
5795,144.875000,386.006781,848.000000,3.141593,-1.800000,0.000000
5796,144.900000,385.113924,848.000000,3.141593,-1.800000,0.000000
5797,144.925000,384.221067,848.000000,3.141593,-1.800000,0.000000
5798,144.950000,383.328210,848.000000,3.141593,-1.800000,0.000000
5799,144.975000,382.435352,848.000000,3.141593,-1.800000,0.000000
5800,145.000000,381.542495,848.000000,3.141593,-1.800000,0.000000
5801,145.025000,380.649638,848.000000,3.141593,-1.800000,0.000000
5802,145.050000,379.756781,848.000000,3.141593,-1.800000,0.000000
5803,145.075000,378.863924,848.000000,3.141593,-1.800000,0.000000
5804,145.100000,377.971067,848.000000,3.141593,-1.800000,0.000000
5805,145.125000,377.078210,848.000000,3.141593,-1.800000,0.000000
5806,145.150000,376.185352,848.000000,3.141593,-1.800000,0.000000
5807,145.175000,375.292495,848.000000,3.141593,-1.800000,0.000000
5808,145.200000,374.399638,848.000000,3.141593,-1.800000,0.000000
5809,145.225000,373.506781,848.000000,3.141593,-1.800000,0.000000
5810,145.250000,372.613924,848.000000,3.141593,-1.800000,0.000000
5811,145.275000,371.721067,848.000000,3.141593,-1.800000,0.000000
5812,145.300000,370.828210,848.000000,3.141593,-1.800000,0.000000
5813,145.325000,369.935352,848.000000,3.141593,-1.800000,0.000000
5814,145.350000,369.042495,848.000000,3.141593,-1.800000,0.000000
5815,145.375000,368.149638,848.000000,3.141593,-1.800000,0.000000
5816,145.400000,367.256781,848.000000,3.141593,-1.800000,0.000000
5817,145.425000,366.363924,848.000000,3.141593,-1.800000,0.000000
5818,145.450000,365.471067,848.000000,3.141593,-1.800000,0.000000
5819,145.475000,364.578210,848.000000,3.141593,-1.800000,0.000000
5820,145.500000,363.685352,848.000000,3.141593,-1.800000,0.000000
5821,145.525000,362.792495,848.000000,3.141593,-1.800000,0.000000
5822,145.550000,361.899638,848.000000,3.141593,-1.800000,0.000000
5823,145.575000,361.006781,848.000000,3.141593,-1.800000,0.000000
5824,145.600000,360.113924,848.000000,3.141593,-1.800000,0.000000
5825,145.625000,359.449211,848.550789,2.449647,-1.386011,1.148465
5826,145.650000,358.742423,849.000000,2.575431,-1.519139,0.965514
5827,145.675000,357.849566,849.000000,3.141593,-1.800000,0.000000
5828,145.700000,356.956709,849.000000,3.141593,-1.800000,0.000000
5829,145.725000,356.063852,849.000000,3.141593,-1.800000,0.000000
5830,145.750000,355.170995,849.000000,3.141593,-1.800000,0.000000
5831,145.775000,354.278137,849.000000,3.141593,-1.800000,0.000000
5832,145.800000,353.385280,849.000000,3.141593,-1.800000,0.000000
5833,145.825000,352.492423,849.000000,3.141593,-1.800000,0.000000
5834,145.850000,351.599566,849.000000,3.141593,-1.800000,0.000000
5835,145.875000,350.706709,849.000000,3.141593,-1.800000,0.000000
5836,145.900000,349.813852,849.000000,3.141593,-1.800000,0.000000
5837,145.925000,348.920995,849.000000,3.141593,-1.800000,0.000000
5838,145.950000,348.028137,849.000000,3.141593,-1.800000,0.000000
5839,145.975000,347.135280,849.000000,3.141593,-1.800000,0.000000
5840,146.000000,346.242423,849.000000,3.141593,-1.800000,0.000000
5841,146.025000,345.349566,849.000000,3.141593,-1.800000,0.000000
5842,146.050000,344.456709,849.000000,3.141593,-1.800000,0.000000
5843,146.075000,343.563852,849.000000,3.141593,-1.800000,0.000000
5844,146.100000,342.670995,849.000000,3.141593,-1.800000,0.000000
5845,146.125000,341.778137,849.000000,3.141593,-1.800000,0.000000
5846,146.150000,340.885280,849.000000,3.141593,-1.800000,0.000000
5847,146.175000,339.992423,849.000000,3.141593,-1.800000,0.000000
5848,146.200000,339.099566,849.000000,3.141593,-1.800000,0.000000
5849,146.225000,338.206709,849.000000,3.141593,-1.800000,0.000000
5850,146.250000,337.313852,849.000000,3.141593,-1.800000,0.000000
5851,146.275000,336.420995,849.000000,3.141593,-1.800000,0.000000
5852,146.300000,335.528137,849.000000,3.141593,-1.800000,0.000000
5853,146.325000,334.635280,849.000000,3.141593,-1.800000,0.000000
5854,146.350000,333.742423,849.000000,3.141593,-1.800000,0.000000
5855,146.375000,332.849566,849.000000,3.141593,-1.800000,0.000000
5856,146.400000,331.956709,849.000000,3.141593,-1.800000,0.000000
5857,146.425000,331.063852,849.000000,3.141593,-1.800000,0.000000
5858,146.450000,330.170995,849.000000,3.141593,-1.800000,0.000000
5859,146.475000,329.278137,849.000000,3.141593,-1.800000,0.000000
5860,146.500000,328.385280,849.000000,3.141593,-1.800000,0.000000
5861,146.525000,327.492423,849.000000,3.141593,-1.800000,0.000000
5862,146.550000,326.599566,849.000000,3.141593,-1.800000,0.000000
5863,146.575000,325.706709,849.000000,3.141593,-1.800000,0.000000
5864,146.600000,324.813852,849.000000,3.141593,-1.800000,0.000000
5865,146.625000,323.920995,849.000000,3.141593,-1.800000,0.000000
5866,146.650000,323.028137,849.000000,3.141593,-1.800000,0.000000
5867,146.675000,322.135280,849.000000,3.141593,-1.800000,0.000000
5868,146.700000,321.242423,849.000000,3.141593,-1.800000,0.000000
5869,146.725000,320.349566,849.000000,3.141593,-1.800000,0.000000
5870,146.750000,319.456709,849.000000,3.141593,-1.800000,0.000000
5871,146.775000,318.563852,849.000000,3.141593,-1.800000,0.000000
5872,146.800000,317.670995,849.000000,3.141593,-1.800000,0.000000
5873,146.825000,316.778137,849.000000,3.141593,-1.800000,0.000000
5874,146.850000,315.885280,849.000000,3.141593,-1.800000,0.000000
5875,146.875000,314.992423,849.000000,3.141593,-1.800000,0.000000
5876,146.900000,314.099566,849.000000,3.141593,-1.800000,0.000000
5877,146.925000,313.206709,849.000000,3.141593,-1.800000,0.000000
5878,146.950000,312.313852,849.000000,3.141593,-1.800000,0.000000
5879,146.975000,311.420995,849.000000,3.141593,-1.800000,0.000000
5880,147.000000,310.528137,849.000000,3.141593,-1.800000,0.000000
5881,147.025000,309.635280,849.000000,3.141593,-1.800000,0.000000
5882,147.050000,308.742423,849.000000,3.141593,-1.800000,0.000000
5883,147.075000,307.849566,849.000000,3.141593,-1.800000,0.000000
5884,147.100000,306.956709,849.000000,3.141593,-1.800000,0.000000
5885,147.125000,306.063852,849.000000,3.141593,-1.800000,0.000000
5886,147.150000,305.170995,849.000000,3.141593,-1.800000,0.000000
5887,147.175000,304.278137,849.000000,3.141593,-1.800000,0.000000
5888,147.200000,303.385280,849.000000,3.141593,-1.800000,0.000000
5889,147.225000,302.492423,849.000000,3.141593,-1.800000,0.000000
5890,147.250000,301.599566,849.000000,3.141593,-1.800000,0.000000
5891,147.275000,300.706709,849.000000,3.141593,-1.800000,0.000000
5892,147.300000,299.813852,849.000000,3.141593,-1.800000,0.000000
5893,147.325000,298.920995,849.000000,3.141593,-1.800000,0.000000
5894,147.350000,298.028137,849.000000,3.141593,-1.800000,0.000000
5895,147.375000,297.135280,849.000000,3.141593,-1.800000,0.000000
5896,147.400000,296.242423,849.000000,3.141593,-1.800000,0.000000
5897,147.425000,295.349566,849.000000,3.141593,-1.800000,0.000000
5898,147.450000,294.456709,849.000000,3.141593,-1.800000,0.000000
5899,147.475000,293.563852,849.000000,3.141593,-1.800000,0.000000
5900,147.500000,292.670995,849.000000,3.141593,-1.800000,0.000000
5901,147.525000,291.778137,849.000000,3.141593,-1.800000,0.000000
5902,147.550000,290.885280,849.000000,3.141593,-1.800000,0.000000
5903,147.575000,289.992423,849.000000,3.141593,-1.800000,0.000000
5904,147.600000,289.099566,849.000000,3.141593,-1.800000,0.000000
5905,147.625000,288.206709,849.000000,3.141593,-1.800000,0.000000
5906,147.650000,287.313852,849.000000,3.141593,-1.800000,0.000000
5907,147.675000,286.420995,849.000000,3.141593,-1.800000,0.000000
5908,147.700000,285.528137,849.000000,3.141593,-1.800000,0.000000
5909,147.725000,284.635280,849.000000,3.141593,-1.800000,0.000000
5910,147.750000,283.742423,849.000000,3.141593,-1.800000,0.000000
5911,147.775000,282.849566,849.000000,3.141593,-1.800000,0.000000
5912,147.800000,281.956709,849.000000,3.141593,-1.800000,0.000000
5913,147.825000,281.063852,849.000000,3.141593,-1.800000,0.000000
5914,147.850000,280.170995,849.000000,3.141593,-1.800000,0.000000
5915,147.875000,279.278137,849.000000,3.141593,-1.800000,0.000000
5916,147.900000,278.385280,849.000000,3.141593,-1.800000,0.000000
5917,147.925000,277.492423,849.000000,3.141593,-1.800000,0.000000
5918,147.950000,276.599566,849.000000,3.141593,-1.800000,0.000000
5919,147.975000,275.706709,849.000000,3.141593,-1.800000,0.000000
5920,148.000000,274.813852,849.000000,3.141593,-1.800000,0.000000
5921,148.025000,273.920995,849.000000,3.141593,-1.800000,0.000000
5922,148.050000,273.028137,849.000000,3.141593,-1.800000,0.000000
5923,148.075000,272.135280,849.000000,3.141593,-1.800000,0.000000
5924,148.100000,271.242423,849.000000,3.141593,-1.800000,0.000000
5925,148.125000,270.349566,849.000000,3.141593,-1.800000,0.000000
5926,148.150000,269.456709,849.000000,3.141593,-1.800000,0.000000
5927,148.175000,268.563852,849.000000,3.141593,-1.800000,0.000000
5928,148.200000,267.670995,849.000000,3.141593,-1.800000,0.000000
5929,148.225000,266.778137,849.000000,3.141593,-1.800000,0.000000
5930,148.250000,265.885280,849.000000,3.141593,-1.800000,0.000000
5931,148.275000,264.992423,849.000000,3.141593,-1.800000,0.000000
5932,148.300000,264.099566,849.000000,3.141593,-1.800000,0.000000
5933,148.325000,263.206709,849.000000,3.141593,-1.800000,0.000000
5934,148.350000,262.313852,849.000000,3.141593,-1.800000,0.000000
5935,148.375000,261.420995,849.000000,3.141593,-1.800000,0.000000
5936,148.400000,260.528137,849.000000,3.141593,-1.800000,0.000000
5937,148.425000,259.635280,849.000000,3.141593,-1.800000,0.000000
5938,148.450000,258.742423,849.000000,3.141593,-1.800000,0.000000
5939,148.475000,257.849566,849.000000,3.141593,-1.800000,0.000000
5940,148.500000,256.956709,849.000000,3.141593,-1.800000,0.000000
5941,148.525000,256.063852,849.000000,3.141593,-1.800000,0.000000
5942,148.550000,255.170995,849.000000,3.141593,-1.800000,0.000000
5943,148.575000,254.278137,849.000000,3.141593,-1.800000,0.000000
5944,148.600000,253.385280,849.000000,3.141593,-1.800000,0.000000
5945,148.625000,252.492423,849.000000,3.141593,-1.800000,0.000000
5946,148.650000,251.599566,849.000000,3.141593,-1.800000,0.000000
5947,148.675000,250.706709,849.000000,3.141593,-1.800000,0.000000
5948,148.700000,249.813852,849.000000,3.141593,-1.800000,0.000000
5949,148.725000,248.920995,849.000000,3.141593,-1.800000,0.000000
5950,148.750000,248.028137,849.000000,3.141593,-1.800000,0.000000
5951,148.775000,247.135280,849.000000,3.141593,-1.800000,0.000000
5952,148.800000,246.242423,849.000000,3.141593,-1.800000,0.000000
5953,148.825000,245.349566,849.000000,3.141593,-1.800000,0.000000
5954,148.850000,244.456709,849.000000,3.141593,-1.800000,0.000000
5955,148.875000,243.563852,849.000000,3.141593,-1.800000,0.000000
5956,148.900000,242.670995,849.000000,3.141593,-1.800000,0.000000
5957,148.925000,241.778137,849.000000,3.141593,-1.800000,0.000000
5958,148.950000,240.885280,849.000000,3.141593,-1.800000,0.000000
5959,148.975000,239.994642,848.994642,-3.135577,-1.799967,-0.010828
5960,149.000000,239.363297,848.363297,-2.356194,-1.272792,-1.272792
5961,149.025000,238.620922,848.000000,-2.686484,-1.616784,-0.791208
5962,149.050000,237.728065,848.000000,3.141593,-1.800000,0.000000
5963,149.075000,236.835208,848.000000,3.141593,-1.800000,0.000000
5964,149.100000,235.942351,848.000000,3.141593,-1.800000,0.000000
5965,149.125000,235.049494,848.000000,3.141593,-1.800000,0.000000
5966,149.150000,234.156637,848.000000,3.141593,-1.800000,0.000000
5967,149.175000,233.479414,847.479414,-2.486226,-1.427084,-1.097010
5968,149.200000,232.785136,847.000000,-2.537257,-1.481183,-1.022789
5969,149.225000,231.892279,847.000000,3.141593,-1.800000,0.000000
5970,149.250000,230.999422,847.000000,3.141593,-1.800000,0.000000
5971,149.275000,230.106565,847.000000,3.141593,-1.800000,0.000000
5972,149.300000,229.213707,847.000000,3.141593,-1.800000,0.000000
5973,149.325000,228.320850,847.000000,3.141593,-1.800000,0.000000
5974,149.350000,227.595530,846.595530,-2.632900,-1.572088,-0.876664
5975,149.375000,226.949350,846.000000,-2.396963,-1.323610,-1.219859
5976,149.400000,226.056492,846.000000,3.141593,-1.800000,0.000000
5977,149.425000,225.163635,846.000000,3.141593,-1.800000,0.000000
5978,149.450000,224.484362,845.484362,-2.492291,-1.433712,-1.088334
5979,149.475000,223.792135,845.000000,-2.531058,-1.474815,-1.031950
5980,149.500000,222.899277,845.000000,3.141593,-1.800000,0.000000
5981,149.525000,222.006420,845.000000,3.141593,-1.800000,0.000000
5982,149.550000,221.373194,844.373194,-2.361290,-1.279261,-1.266291
5983,149.575000,220.634920,844.000000,-2.673559,-1.606422,-0.812039
5984,149.600000,219.817611,843.817611,-2.922032,-1.756788,-0.392042
5985,149.625000,219.186265,843.186265,-2.356194,-1.272792,-1.272792
5986,149.650000,218.554920,842.554920,-2.356194,-1.272792,-1.272792
5987,149.675000,217.891918,842.000000,-2.444706,-1.380319,-1.155301
5988,149.700000,216.999336,841.999336,-3.140849,-1.800000,-0.001339
5989,149.725000,216.367991,841.367991,-2.356194,-1.272792,-1.272792
5990,149.750000,215.736645,840.736645,-2.356194,-1.272792,-1.272792
5991,149.775000,215.105300,840.105300,-2.356194,-1.272792,-1.272792
5992,149.800000,214.473955,839.473955,-2.356194,-1.272792,-1.272792
5993,149.825000,213.842609,838.842609,-2.356194,-1.272792,-1.272792
5994,149.850000,213.211264,838.211264,-2.356194,-1.272792,-1.272792
5995,149.875000,212.579919,837.579919,-2.356194,-1.272792,-1.272792
5996,149.900000,211.948573,836.948573,-2.356194,-1.272792,-1.272792
5997,149.925000,211.317228,836.317228,-2.356194,-1.272792,-1.272792
5998,149.950000,211.000000,835.555771,-1.965536,-0.692222,-1.661574
5999,149.975000,210.761644,834.761644,-1.862389,-0.517461,-1.724017
6000,150.000000,210.130299,834.130299,-2.356194,-1.272792,-1.272792
6001,150.025000,209.498953,833.498953,-2.356194,-1.272792,-1.272792
6002,150.050000,208.867608,832.867608,-2.356194,-1.272792,-1.272792
6003,150.075000,208.236263,832.236263,-2.356194,-1.272792,-1.272792
6004,150.100000,208.000000,831.441269,-1.859671,-0.512773,-1.725417
6005,150.125000,208.000000,830.548412,-1.570796,0.000000,-1.800000
6006,150.150000,208.000000,829.655554,-1.570796,0.000000,-1.800000
6007,150.175000,208.000000,828.762697,-1.570796,0.000000,-1.800000
6008,150.200000,208.000000,827.869840,-1.570796,0.000000,-1.800000
6009,150.225000,208.000000,826.976983,-1.570796,0.000000,-1.800000
6010,150.250000,208.000000,826.084126,-1.570796,0.000000,-1.800000
6011,150.275000,208.000000,825.191269,-1.570796,0.000000,-1.800000
6012,150.300000,207.503902,824.503902,-2.195962,-1.053418,-1.459559
6013,150.325000,207.000000,823.819768,-2.205637,-1.067488,-1.449300
6014,150.350000,207.000000,822.926911,-1.570796,0.000000,-1.800000
6015,150.375000,207.000000,822.034054,-1.570796,0.000000,-1.800000
6016,150.400000,206.392734,821.392734,-2.328927,-1.237618,-1.307020
6017,150.425000,206.000000,820.662553,-2.064270,-0.852639,-1.585247
6018,150.450000,206.000000,819.769696,-1.570796,0.000000,-1.800000
6019,150.475000,206.000000,818.876839,-1.570796,0.000000,-1.800000
6020,150.500000,205.988673,817.988673,-1.583549,-0.022953,-1.799854
6021,150.525000,205.357328,817.357328,-2.356194,-1.272792,-1.272792
6022,150.550000,205.000000,816.612481,-2.018099,-0.778564,-1.622910
6023,150.575000,205.000000,815.719624,-1.570796,0.000000,-1.800000
6024,150.600000,205.000000,814.826767,-1.570796,0.000000,-1.800000
6025,150.625000,205.000000,813.933909,-1.570796,0.000000,-1.800000
6026,150.650000,205.000000,813.041052,-1.570796,0.000000,-1.800000
6027,150.675000,205.000000,812.148195,-1.570796,0.000000,-1.800000
6028,150.700000,204.473444,811.473444,-2.233453,-1.107384,-1.419049
6029,150.725000,204.000000,810.776694,-2.167634,-1.011653,-1.488811
6030,150.750000,204.000000,809.883837,-1.570796,0.000000,-1.800000
6031,150.775000,204.000000,808.990980,-1.570796,0.000000,-1.800000
6032,150.800000,204.000000,808.098123,-1.570796,0.000000,-1.800000
6033,150.825000,203.438038,807.438038,-2.276072,-1.166839,-1.370579
6034,150.850000,203.000000,806.726622,-2.122700,-0.943756,-1.532751
6035,150.875000,203.000000,805.833765,-1.570796,0.000000,-1.800000
6036,150.900000,203.000000,804.940908,-1.570796,0.000000,-1.800000
6037,150.925000,203.000000,804.048051,-1.570796,0.000000,-1.800000
6038,150.950000,203.000000,803.155194,-1.570796,0.000000,-1.800000
6039,150.975000,203.000000,802.262337,-1.570796,0.000000,-1.800000
6040,151.000000,203.000000,801.369479,-1.570796,0.000000,-1.800000
6041,151.025000,202.629916,800.629916,-2.034771,-0.805511,-1.609706
6042,151.050000,202.000000,799.997979,-2.354593,-1.270752,-1.274829
6043,151.075000,202.000000,799.105122,-1.570796,0.000000,-1.800000
6044,151.100000,202.000000,798.212264,-1.570796,0.000000,-1.800000
6045,151.125000,202.000000,797.319407,-1.570796,0.000000,-1.800000
6046,151.150000,202.000000,796.426550,-1.570796,0.000000,-1.800000
6047,151.175000,202.000000,795.533693,-1.570796,0.000000,-1.800000
6048,151.200000,202.000000,794.640836,-1.570796,0.000000,-1.800000
6049,151.225000,202.000000,793.747979,-1.570796,0.000000,-1.800000
6050,151.250000,202.000000,792.855122,-1.570796,0.000000,-1.800000
6051,151.275000,202.000000,791.962264,-1.570796,0.000000,-1.800000
6052,151.300000,202.000000,791.069407,-1.570796,0.000000,-1.800000
6053,151.325000,202.000000,790.176550,-1.570796,0.000000,-1.800000
6054,151.350000,202.000000,789.283693,-1.570796,0.000000,-1.800000
6055,151.375000,202.000000,788.390836,-1.570796,0.000000,-1.800000
6056,151.400000,202.000000,787.497979,-1.570796,0.000000,-1.800000
6057,151.425000,202.000000,786.605122,-1.570796,0.000000,-1.800000
6058,151.450000,202.000000,785.712264,-1.570796,0.000000,-1.800000
6059,151.475000,202.000000,784.819407,-1.570796,0.000000,-1.800000
6060,151.500000,202.000000,783.926550,-1.570796,0.000000,-1.800000
6061,151.525000,202.000000,783.033693,-1.570796,0.000000,-1.800000
6062,151.550000,202.000000,782.140836,-1.570796,0.000000,-1.800000
6063,151.575000,202.000000,781.247979,-1.570796,0.000000,-1.800000
6064,151.600000,202.000000,780.355122,-1.570796,0.000000,-1.800000
6065,151.625000,202.000000,779.462264,-1.570796,0.000000,-1.800000
6066,151.650000,202.000000,778.569407,-1.570796,0.000000,-1.800000
6067,151.675000,202.000000,777.676550,-1.570796,0.000000,-1.800000
6068,151.700000,202.152952,776.847048,-1.388454,0.326400,-1.770159
6069,151.725000,202.784298,776.215702,-0.785398,1.272792,-1.272792
6070,151.750000,203.000000,775.412192,-1.308530,0.466687,-1.738449
6071,151.775000,203.000000,774.519335,-1.570796,0.000000,-1.800000
6072,151.800000,203.264120,773.735880,-1.245640,0.575023,-1.705681
6073,151.825000,203.895465,773.104535,-0.785398,1.272792,-1.272792
6074,151.850000,204.000000,772.254977,-1.448366,0.219825,-1.786527
6075,151.875000,204.451049,771.548951,-1.002295,0.969065,-1.516876
6076,151.900000,205.000000,770.883476,-0.881055,1.145408,-1.388539
6077,151.925000,205.000000,769.990619,-1.570796,0.000000,-1.800000
6078,151.950000,205.000000,769.097762,-1.570796,0.000000,-1.800000
6079,151.975000,205.562217,768.437783,-0.865217,1.167255,-1.370225
6080,152.000000,206.000000,767.726261,-1.019219,0.943256,-1.533058
6081,152.025000,206.117801,766.882199,-1.432128,0.248804,-1.782722
6082,152.050000,206.749146,766.250854,-0.785398,1.272792,-1.272792
6083,152.075000,207.000000,765.461904,-1.262946,0.545419,-1.715377
6084,152.100000,207.304730,764.695270,-1.192455,0.664884,-1.672701
6085,152.125000,207.936076,764.063924,-0.785398,1.272792,-1.272792
6086,152.150000,208.567421,763.432579,-0.785398,1.272792,-1.272792
6087,152.175000,209.000000,762.718902,-1.025884,0.933018,-1.539311
6088,152.200000,209.123005,761.876995,-1.425720,0.260222,-1.781091
6089,152.225000,209.754350,761.245650,-0.785398,1.272792,-1.272792
6090,152.250000,210.385695,760.614305,-0.785398,1.272792,-1.272792
6091,152.275000,211.000000,759.975901,-0.804634,1.248076,-1.297038
6092,152.300000,211.000000,759.083044,-1.570796,0.000000,-1.800000
6093,152.325000,211.572625,758.427375,-0.852904,1.184037,-1.355749
6094,152.350000,212.203970,757.796030,-0.785398,1.272792,-1.272792
6095,152.375000,212.835315,757.164685,-0.785398,1.272792,-1.272792
6096,152.400000,213.466661,756.533339,-0.785398,1.272792,-1.272792
6097,152.425000,214.000000,755.861399,-0.899890,1.119052,-1.409866
6098,152.450000,214.022245,754.977755,-1.545628,0.045298,-1.799430
6099,152.475000,214.653590,754.346410,-0.785398,1.272792,-1.272792
6100,152.500000,215.000000,753.597041,-1.137787,0.755288,-1.633873
6101,152.525000,215.209174,752.790826,-1.316942,0.452046,-1.742313
6102,152.550000,215.840519,752.159481,-0.785398,1.272792,-1.272792
6103,152.575000,216.471865,751.528135,-0.785398,1.272792,-1.272792
6104,152.600000,217.103210,750.896790,-0.785398,1.272792,-1.272792
6105,152.625000,217.734555,750.265445,-0.785398,1.272792,-1.272792
6106,152.650000,218.365901,749.634099,-0.785398,1.272792,-1.272792
6107,152.675000,218.997246,749.002754,-0.785398,1.272792,-1.272792
6108,152.700000,219.628591,748.371409,-0.785398,1.272792,-1.272792
6109,152.725000,220.259937,747.740063,-0.785398,1.272792,-1.272792
6110,152.750000,220.891282,747.108718,-0.785398,1.272792,-1.272792
6111,152.775000,221.000000,746.260893,-1.443260,0.228943,-1.785381
6112,152.800000,221.446866,745.553134,-1.007622,0.960972,-1.522016
6113,152.825000,222.000000,744.889393,-0.876044,1.152352,-1.382782
6114,152.850000,222.002450,743.997550,-1.568050,0.004944,-1.799993
6115,152.875000,222.633795,743.366205,-0.785398,1.272792,-1.272792
6116,152.900000,223.265140,742.734860,-0.785398,1.272792,-1.272792
6117,152.925000,223.896486,742.103514,-0.785398,1.272792,-1.272792
6118,152.950000,224.527831,741.472169,-0.785398,1.272792,-1.272792
6119,152.975000,225.159176,740.840824,-0.785398,1.272792,-1.272792
6120,153.000000,225.790522,740.209478,-0.785398,1.272792,-1.272792
6121,153.025000,226.421867,739.578133,-0.785398,1.272792,-1.272792
6122,153.050000,227.000000,738.924746,-0.846429,1.192792,-1.348053
6123,153.075000,227.000000,738.031889,-1.570796,0.000000,-1.800000
6124,153.100000,227.608796,737.391204,-0.810915,1.239904,-1.304851
6125,153.125000,228.000000,736.660388,-1.079311,0.849485,-1.586939
6126,153.150000,228.164380,735.835620,-1.374069,0.351829,-1.765281
6127,153.175000,228.795726,735.204274,-0.785398,1.272792,-1.272792
6128,153.200000,229.427071,734.572929,-0.785398,1.272792,-1.272792
6129,153.225000,230.082613,734.000000,-0.718251,1.355325,-1.184523
6130,153.250000,230.975470,734.000000,0.000000,1.800000,0.000000
6131,153.275000,231.614000,733.386000,-0.765816,1.297470,-1.247626
6132,153.300000,232.245345,732.754655,-0.785398,1.272792,-1.272792
6133,153.325000,232.876691,732.123309,-0.785398,1.272792,-1.272792
6134,153.350000,233.000000,731.281528,-1.425345,0.260891,-1.780993
6135,153.375000,233.432275,730.567725,-1.026274,0.932417,-1.539675
6136,153.400000,234.063620,729.936380,-0.785398,1.272792,-1.272792
6137,153.425000,234.694965,729.305035,-0.785398,1.272792,-1.272792
6138,153.450000,235.326311,728.673689,-0.785398,1.272792,-1.272792
6139,153.475000,235.957656,728.042344,-0.785398,1.272792,-1.272792
6140,153.500000,236.589001,727.410999,-0.785398,1.272792,-1.272792
6141,153.525000,237.311617,727.000000,-0.517136,1.564630,-0.889907
6142,153.550000,238.144585,726.855415,-0.171866,1.773481,-0.307838
6143,153.575000,238.775931,726.224069,-0.785398,1.272792,-1.272792
6144,153.600000,239.000000,725.424025,-1.297722,0.485448,-1.733303
6145,153.625000,239.331515,724.668485,-1.157313,0.723243,-1.648308
6146,153.650000,239.962860,724.037140,-0.785398,1.272792,-1.272792
6147,153.675000,240.594205,723.405795,-0.785398,1.272792,-1.272792
6148,153.700000,241.225551,722.774449,-0.785398,1.272792,-1.272792
6149,153.725000,241.856896,722.143104,-0.785398,1.272792,-1.272792
6150,153.750000,242.488241,721.511759,-0.785398,1.272792,-1.272792
6151,153.775000,243.119587,720.880413,-0.785398,1.272792,-1.272792
6152,153.800000,243.750932,720.249068,-0.785398,1.272792,-1.272792
6153,153.825000,244.382277,719.617723,-0.785398,1.272792,-1.272792
6154,153.850000,245.000000,718.980735,-0.800751,1.253102,-1.292183
6155,153.875000,245.000000,718.087878,-1.570796,0.000000,-1.800000
6156,153.900000,245.569207,717.430793,-0.856937,1.178560,-1.360513
6157,153.925000,246.200552,716.799448,-0.785398,1.272792,-1.272792
6158,153.950000,246.831897,716.168103,-0.785398,1.272792,-1.272792
6159,153.975000,247.463243,715.536757,-0.785398,1.272792,-1.272792
6160,154.000000,248.094588,714.905412,-0.785398,1.272792,-1.272792
6161,154.025000,248.725933,714.274067,-0.785398,1.272792,-1.272792
6162,154.050000,249.357279,713.642721,-0.785398,1.272792,-1.272792
6163,154.075000,249.988624,713.011376,-0.785398,1.272792,-1.272792
6164,154.100000,250.619969,712.380031,-0.785398,1.272792,-1.272792
6165,154.125000,251.251315,711.748685,-0.785398,1.272792,-1.272792
6166,154.150000,251.882660,711.117340,-0.785398,1.272792,-1.272792
6167,154.175000,252.514005,710.485995,-0.785398,1.272792,-1.272792
6168,154.200000,253.145351,709.854649,-0.785398,1.272792,-1.272792
6169,154.225000,253.776696,709.223304,-0.785398,1.272792,-1.272792
6170,154.250000,254.408041,708.591959,-0.785398,1.272792,-1.272792
6171,154.275000,255.000000,707.944299,-0.830302,1.214375,-1.328643
6172,154.300000,255.000000,707.051442,-1.570796,0.000000,-1.800000
6173,154.325000,255.594971,706.405029,-0.826814,1.219003,-1.324399
6174,154.350000,256.226316,705.773684,-0.785398,1.272792,-1.272792
6175,154.375000,256.857661,705.142339,-0.785398,1.272792,-1.272792
6176,154.400000,257.489007,704.510993,-0.785398,1.272792,-1.272792
6177,154.425000,258.120352,703.879648,-0.785398,1.272792,-1.272792
6178,154.450000,258.751697,703.248303,-0.785398,1.272792,-1.272792
6179,154.475000,259.383043,702.616957,-0.785398,1.272792,-1.272792
6180,154.500000,260.014388,701.985612,-0.785398,1.272792,-1.272792
6181,154.525000,260.645733,701.354267,-0.785398,1.272792,-1.272792
6182,154.550000,261.277079,700.722921,-0.785398,1.272792,-1.272792
6183,154.575000,261.908424,700.091576,-0.785398,1.272792,-1.272792
6184,154.600000,262.539769,699.460231,-0.785398,1.272792,-1.272792
6185,154.625000,263.000000,698.758007,-0.990641,0.986677,-1.505479
6186,154.650000,263.095353,697.904647,-1.459519,0.199885,-1.788867
6187,154.675000,263.726699,697.273301,-0.785398,1.272792,-1.272792
6188,154.700000,264.358044,696.641956,-0.785398,1.272792,-1.272792
6189,154.725000,264.989389,696.010611,-0.785398,1.272792,-1.272792
6190,154.750000,265.000000,695.122149,-1.558854,0.021496,-1.799872
6191,154.775000,265.000000,694.229292,-1.570796,0.000000,-1.800000
6192,154.800000,265.469212,693.530788,-0.979291,1.003701,-1.494184
6193,154.825000,266.000000,692.857791,-0.902988,1.114680,-1.413325
6194,154.850000,266.024796,691.975204,-1.542710,0.050550,-1.799290
6195,154.875000,266.656141,691.343859,-0.785398,1.272792,-1.272792
6196,154.900000,267.287486,690.712514,-0.785398,1.272792,-1.272792
6197,154.925000,267.918832,690.081168,-0.785398,1.272792,-1.272792
6198,154.950000,268.550177,689.449823,-0.785398,1.272792,-1.272792
6199,154.975000,269.181522,688.818478,-0.785398,1.272792,-1.272792
6200,155.000000,269.812868,688.187132,-0.785398,1.272792,-1.272792
6201,155.025000,270.444213,687.555787,-0.785398,1.272792,-1.272792
6202,155.050000,271.075558,686.924442,-0.785398,1.272792,-1.272792
6203,155.075000,271.706904,686.293096,-0.785398,1.272792,-1.272792
6204,155.100000,272.000000,685.521644,-1.207712,0.639286,-1.682651
6205,155.125000,272.262488,684.737512,-1.247772,0.571385,-1.706903
6206,155.150000,272.893833,684.106167,-0.785398,1.272792,-1.272792
6207,155.175000,273.525178,683.474822,-0.785398,1.272792,-1.272792
6208,155.200000,274.156524,682.843476,-0.785398,1.272792,-1.272792
6209,155.225000,274.787869,682.212131,-0.785398,1.272792,-1.272792
6210,155.250000,275.592858,682.000000,-0.257663,1.740579,-0.458678
6211,155.275000,276.343453,681.656547,-0.429135,1.636787,-0.748952
6212,155.300000,276.974798,681.025202,-0.785398,1.272792,-1.272792
6213,155.325000,277.606143,680.393857,-0.785398,1.272792,-1.272792
6214,155.350000,278.000000,679.664140,-1.075865,0.854948,-1.584002
6215,155.375000,278.161727,678.838273,-1.377416,0.345919,-1.766448
6216,155.400000,278.793073,678.206927,-0.785398,1.272792,-1.272792
6217,155.425000,279.424418,677.575582,-0.785398,1.272792,-1.272792
6218,155.450000,280.055763,676.944237,-0.785398,1.272792,-1.272792
6219,155.475000,280.687109,676.312891,-0.785398,1.272792,-1.272792
6220,155.500000,281.000000,675.549638,-1.181747,0.682756,-1.665486
6221,155.525000,281.242693,674.757307,-1.273568,0.527169,-1.721073
6222,155.550000,281.874038,674.125962,-0.785398,1.272792,-1.272792
6223,155.575000,282.505383,673.494617,-0.785398,1.272792,-1.272792
6224,155.600000,283.193363,673.000000,-0.623325,1.461496,-1.050728
6225,155.625000,284.060967,672.939033,-0.070155,1.795572,-0.126176
6226,155.650000,284.692313,672.307687,-0.785398,1.272792,-1.272792
6227,155.675000,285.323658,671.676342,-0.785398,1.272792,-1.272792
6228,155.700000,285.955003,671.044997,-0.785398,1.272792,-1.272792
6229,155.725000,286.000000,670.170778,-1.519371,0.092525,-1.797620
6230,155.750000,286.510587,669.489413,-0.927706,1.079409,-1.440443
6231,155.775000,287.141932,668.858068,-0.785398,1.272792,-1.272792
6232,155.800000,287.773278,668.226722,-0.785398,1.272792,-1.272792
6233,155.825000,288.404623,667.595377,-0.785398,1.272792,-1.272792
6234,155.850000,289.050867,667.000000,-0.744453,1.323826,-1.219625
6235,155.875000,289.943724,667.000000,0.000000,1.800000,0.000000
6236,155.900000,290.591552,666.408448,-0.740023,1.329216,-1.213749
6237,155.925000,291.222898,665.777102,-0.785398,1.272792,-1.272792
6238,155.950000,291.854243,665.145757,-0.785398,1.272792,-1.272792
6239,155.975000,292.000000,664.313274,-1.397466,0.310434,-1.773029
6240,156.000000,292.409827,663.590173,-1.055174,0.887537,-1.565975
6241,156.025000,293.041172,662.958828,-0.785398,1.272792,-1.272792
6242,156.050000,293.672518,662.327482,-0.785398,1.272792,-1.272792
6243,156.075000,294.303863,661.696137,-0.785398,1.272792,-1.272792
6244,156.100000,294.935208,661.064792,-0.785398,1.272792,-1.272792
6245,156.125000,295.566554,660.433446,-0.785398,1.272792,-1.272792
6246,156.150000,296.197899,659.802101,-0.785398,1.272792,-1.272792
6247,156.175000,296.829244,659.170756,-0.785398,1.272792,-1.272792
6248,156.200000,297.000000,658.348628,-1.366008,0.366047,-1.762387
6249,156.225000,297.384828,657.615172,-1.087602,0.836299,-1.593927
6250,156.250000,298.016174,656.983826,-0.785398,1.272792,-1.272792
6251,156.275000,298.647519,656.352481,-0.785398,1.272792,-1.272792
6252,156.300000,299.278864,655.721136,-0.785398,1.272792,-1.272792
6253,156.325000,299.910210,655.089790,-0.785398,1.272792,-1.272792
6254,156.350000,300.541555,654.458445,-0.785398,1.272792,-1.272792
6255,156.375000,301.172900,653.827100,-0.785398,1.272792,-1.272792
6256,156.400000,301.804246,653.195754,-0.785398,1.272792,-1.272792
6257,156.425000,302.435591,652.564409,-0.785398,1.272792,-1.272792
6258,156.450000,303.066936,651.933064,-0.785398,1.272792,-1.272792
6259,156.475000,303.698282,651.301718,-0.785398,1.272792,-1.272792
6260,156.500000,304.329627,650.670373,-0.785398,1.272792,-1.272792
6261,156.525000,304.960972,650.039028,-0.785398,1.272792,-1.272792
6262,156.550000,305.592318,649.407682,-0.785398,1.272792,-1.272792
6263,156.575000,306.223663,648.776337,-0.785398,1.272792,-1.272792
6264,156.600000,306.855008,648.144992,-0.785398,1.272792,-1.272792
6265,156.625000,307.486354,647.513646,-0.785398,1.272792,-1.272792
6266,156.650000,308.117699,646.882301,-0.785398,1.272792,-1.272792
6267,156.675000,308.749044,646.250956,-0.785398,1.272792,-1.272792
6268,156.700000,309.380390,645.619610,-0.785398,1.272792,-1.272792
6269,156.725000,310.011735,644.988265,-0.785398,1.272792,-1.272792
6270,156.750000,310.643080,644.356920,-0.785398,1.272792,-1.272792
6271,156.775000,311.274426,643.725574,-0.785398,1.272792,-1.272792
6272,156.800000,311.905771,643.094229,-0.785398,1.272792,-1.272792
6273,156.825000,312.537116,642.462884,-0.785398,1.272792,-1.272792
6274,156.850000,313.168462,641.831538,-0.785398,1.272792,-1.272792
6275,156.875000,313.799807,641.200193,-0.785398,1.272792,-1.272792
6276,156.900000,314.431152,640.568848,-0.785398,1.272792,-1.272792
6277,156.925000,315.088385,640.000000,-0.713435,1.361013,-1.177983
6278,156.950000,315.981242,640.000000,0.000000,1.800000,0.000000
6279,156.975000,316.618082,639.381918,-0.770452,1.291673,-1.253627
6280,157.000000,317.249427,638.750573,-0.785398,1.272792,-1.272792
6281,157.025000,317.880772,638.119228,-0.785398,1.272792,-1.272792
6282,157.050000,318.512118,637.487882,-0.785398,1.272792,-1.272792
6283,157.075000,319.143463,636.856537,-0.785398,1.272792,-1.272792
6284,157.100000,319.774808,636.225192,-0.785398,1.272792,-1.272792
6285,157.125000,320.406154,635.593846,-0.785398,1.272792,-1.272792
6286,157.150000,321.037499,634.962501,-0.785398,1.272792,-1.272792
6287,157.175000,321.668844,634.331156,-0.785398,1.272792,-1.272792
6288,157.200000,322.300190,633.699810,-0.785398,1.272792,-1.272792
6289,157.225000,322.931535,633.068465,-0.785398,1.272792,-1.272792
6290,157.250000,323.000000,632.203967,-1.491765,0.142108,-1.794382
6291,157.275000,323.487119,631.512881,-0.956816,1.037026,-1.471250
6292,157.300000,324.118464,630.881536,-0.785398,1.272792,-1.272792
6293,157.325000,324.749810,630.250190,-0.785398,1.272792,-1.272792
6294,157.350000,325.539035,630.000000,-0.306986,1.715848,-0.543937
6295,157.375000,326.305394,629.694606,-0.379212,1.672122,-0.666339
6296,157.400000,326.936739,629.063261,-0.785398,1.272792,-1.272792
6297,157.425000,327.568084,628.431916,-0.785398,1.272792,-1.272792
6298,157.450000,328.000000,627.717964,-1.026734,0.931709,-1.540104
6299,157.475000,328.123668,626.876332,-1.424902,0.261679,-1.780877
6300,157.500000,328.755013,626.244987,-0.785398,1.272792,-1.272792
6301,157.525000,329.386359,625.613641,-0.785398,1.272792,-1.272792
6302,157.550000,330.017704,624.982296,-0.785398,1.272792,-1.272792
6303,157.575000,330.649049,624.350951,-0.785398,1.272792,-1.272792
6304,157.600000,331.280395,623.719605,-0.785398,1.272792,-1.272792
6305,157.625000,331.911740,623.088260,-0.785398,1.272792,-1.272792
6306,157.650000,332.543086,622.456914,-0.785398,1.272792,-1.272792
6307,157.675000,333.174431,621.825569,-0.785398,1.272792,-1.272792
6308,157.700000,333.805776,621.194224,-0.785398,1.272792,-1.272792
6309,157.725000,334.437122,620.562878,-0.785398,1.272792,-1.272792
6310,157.750000,335.068467,619.931533,-0.785398,1.272792,-1.272792
6311,157.775000,335.699812,619.300188,-0.785398,1.272792,-1.272792
6312,157.800000,336.331158,618.668842,-0.785398,1.272792,-1.272792
6313,157.825000,336.962503,618.037497,-0.785398,1.272792,-1.272792
6314,157.850000,337.593848,617.406152,-0.785398,1.272792,-1.272792
6315,157.875000,338.225194,616.774806,-0.785398,1.272792,-1.272792
6316,157.900000,338.856539,616.143461,-0.785398,1.272792,-1.272792
6317,157.925000,339.487884,615.512116,-0.785398,1.272792,-1.272792
6318,157.950000,340.119230,614.880770,-0.785398,1.272792,-1.272792
6319,157.975000,340.750575,614.249425,-0.785398,1.272792,-1.272792
6320,158.000000,341.381920,613.618080,-0.785398,1.272792,-1.272792
6321,158.025000,342.013266,612.986734,-0.785398,1.272792,-1.272792
6322,158.050000,342.644611,612.355389,-0.785398,1.272792,-1.272792
6323,158.075000,343.275956,611.724044,-0.785398,1.272792,-1.272792
6324,158.100000,343.907302,611.092698,-0.785398,1.272792,-1.272792
6325,158.125000,344.538647,610.461353,-0.785398,1.272792,-1.272792
6326,158.150000,345.169992,609.830008,-0.785398,1.272792,-1.272792
6327,158.175000,345.801338,609.198662,-0.785398,1.272792,-1.272792
6328,158.200000,346.000000,608.388094,-1.330444,0.428481,-1.748258
6329,158.225000,346.356922,607.643078,-1.124025,0.777701,-1.623324
6330,158.250000,346.988267,607.011733,-0.785398,1.272792,-1.272792
6331,158.275000,347.619612,606.380388,-0.785398,1.272792,-1.272792
6332,158.300000,348.354908,606.000000,-0.477413,1.598736,-0.827069
6333,158.325000,349.175196,605.824804,-0.210417,1.760299,-0.375962
6334,158.350000,349.806541,605.193459,-0.785398,1.272792,-1.272792
6335,158.375000,350.000000,604.380735,-1.337108,0.416821,-1.751074
6336,158.400000,350.362125,603.637875,-1.117219,0.788731,-1.617994
6337,158.425000,350.993471,603.006529,-0.785398,1.272792,-1.272792
6338,158.450000,351.624816,602.375184,-0.785398,1.272792,-1.272792
6339,158.475000,352.256161,601.743839,-0.785398,1.272792,-1.272792
6340,158.500000,352.887507,601.112493,-0.785398,1.272792,-1.272792
6341,158.525000,353.518852,600.481148,-0.785398,1.272792,-1.272792
6342,158.550000,354.000000,599.787589,-0.964286,1.026007,-1.478956
6343,158.575000,354.074436,598.925564,-1.484660,0.154854,-1.793327
6344,158.600000,354.705781,598.294219,-0.785398,1.272792,-1.272792
6345,158.625000,355.337127,597.662873,-0.785398,1.272792,-1.272792
6346,158.650000,355.968472,597.031528,-0.785398,1.272792,-1.272792
6347,158.675000,356.000000,596.151730,-1.534976,0.064463,-1.798845
6348,158.700000,356.524056,595.475944,-0.911189,1.103052,-1.422419
6349,158.725000,357.155401,594.844599,-0.785398,1.272792,-1.272792
6350,158.750000,357.786747,594.213253,-0.785398,1.272792,-1.272792
6351,158.775000,358.418092,593.581908,-0.785398,1.272792,-1.272792
6352,158.800000,359.000000,592.930085,-0.842007,1.198741,-1.342766
6353,158.825000,359.000000,592.037228,-1.570796,0.000000,-1.800000
6354,158.850000,359.605021,591.394979,-0.815237,1.234253,-1.310199
6355,158.875000,360.236366,590.763634,-0.785398,1.272792,-1.272792
6356,158.900000,360.867712,590.132288,-0.785398,1.272792,-1.272792
6357,158.925000,361.499057,589.500943,-0.785398,1.272792,-1.272792
6358,158.950000,362.130403,588.869597,-0.785398,1.272792,-1.272792
6359,158.975000,362.761748,588.238252,-0.785398,1.272792,-1.272792
6360,159.000000,363.000000,587.444082,-1.279338,0.517229,-1.724087
6361,159.025000,363.317332,586.682668,-1.175920,0.692449,-1.661480
6362,159.050000,363.948677,586.051323,-0.785398,1.272792,-1.272792
6363,159.075000,364.580022,585.419978,-0.785398,1.272792,-1.272792
6364,159.100000,365.211368,584.788632,-0.785398,1.272792,-1.272792
6365,159.125000,365.842713,584.157287,-0.785398,1.272792,-1.272792
6366,159.150000,366.474058,583.525942,-0.785398,1.272792,-1.272792
6367,159.175000,367.105404,582.894596,-0.785398,1.272792,-1.272792
6368,159.200000,367.736749,582.263251,-0.785398,1.272792,-1.272792
6369,159.225000,368.368094,581.631906,-0.785398,1.272792,-1.272792
6370,159.250000,368.999440,581.000560,-0.785398,1.272792,-1.272792
6371,159.275000,369.630785,580.369215,-0.785398,1.272792,-1.272792
6372,159.300000,370.262131,579.737869,-0.785398,1.272792,-1.272792
6373,159.325000,370.893476,579.106524,-0.785398,1.272792,-1.272792
6374,159.350000,371.524821,578.475179,-0.785398,1.272792,-1.272792
6375,159.375000,372.156167,577.843833,-0.785398,1.272792,-1.272792
6376,159.400000,372.787512,577.212488,-0.785398,1.272792,-1.272792
6377,159.425000,373.418857,576.581143,-0.785398,1.272792,-1.272792
6378,159.450000,374.050203,575.949797,-0.785398,1.272792,-1.272792
6379,159.475000,374.681548,575.318452,-0.785398,1.272792,-1.272792
6380,159.500000,375.442498,575.000000,-0.396346,1.660460,-0.694891
6381,159.525000,376.237132,574.762868,-0.290003,1.724837,-0.514720
6382,159.550000,376.868477,574.131523,-0.785398,1.272792,-1.272792
6383,159.575000,377.499822,573.500178,-0.785398,1.272792,-1.272792
6384,159.600000,378.131168,572.868832,-0.785398,1.272792,-1.272792
6385,159.625000,378.762513,572.237487,-0.785398,1.272792,-1.272792
6386,159.650000,379.393858,571.606142,-0.785398,1.272792,-1.272792
6387,159.675000,380.025204,570.974796,-0.785398,1.272792,-1.272792
6388,159.700000,380.656549,570.343451,-0.785398,1.272792,-1.272792
6389,159.725000,381.287895,569.712105,-0.785398,1.272792,-1.272792
6390,159.750000,381.919240,569.080760,-0.785398,1.272792,-1.272792
6391,159.775000,382.550585,568.449415,-0.785398,1.272792,-1.272792
6392,159.800000,383.181931,567.818069,-0.785398,1.272792,-1.272792
6393,159.825000,383.813276,567.186724,-0.785398,1.272792,-1.272792
6394,159.850000,384.444621,566.555379,-0.785398,1.272792,-1.272792
6395,159.875000,385.000000,565.892567,-0.873361,1.156057,-1.379686
6396,159.900000,385.000205,564.999795,-1.570567,0.000414,-1.800000
6397,159.925000,385.631550,564.368450,-0.785398,1.272792,-1.272792
6398,159.950000,386.262896,563.737104,-0.785398,1.272792,-1.272792
6399,159.975000,386.894241,563.105759,-0.785398,1.272792,-1.272792
6400,160.000000,387.525586,562.474414,-0.785398,1.272792,-1.272792
6401,160.025000,388.000000,561.778065,-0.972740,1.013467,-1.487577
6402,160.050000,388.000000,560.885208,-1.570796,0.000000,-1.800000
6403,160.075000,388.005409,559.994591,-1.564723,0.010932,-1.799967
6404,160.100000,388.636754,559.363246,-0.785398,1.272792,-1.272792
6405,160.125000,389.268100,558.731900,-0.785398,1.272792,-1.272792
6406,160.150000,389.899445,558.100555,-0.785398,1.272792,-1.272792
6407,160.175000,390.000000,557.249349,-1.453209,0.211170,-1.787570
6408,160.200000,390.455029,556.544971,-0.997238,0.976725,-1.511955
6409,160.225000,391.086374,555.913626,-0.785398,1.272792,-1.272792
6410,160.250000,391.717720,555.282280,-0.785398,1.272792,-1.272792
6411,160.275000,392.000000,554.506348,-1.221885,0.615375,-1.691542
6412,160.300000,392.273303,553.726697,-1.233635,0.595457,-1.698656
6413,160.325000,392.904649,553.095351,-0.785398,1.272792,-1.272792
6414,160.350000,393.000000,552.241990,-1.459522,0.199881,-1.788868
6415,160.375000,393.460233,551.539767,-0.990638,0.986681,-1.505477
6416,160.400000,394.091578,550.908422,-0.785398,1.272792,-1.272792
6417,160.425000,394.722923,550.277077,-0.785398,1.272792,-1.272792
6418,160.450000,395.354269,549.645731,-0.785398,1.272792,-1.272792
6419,160.475000,395.985614,549.014386,-0.785398,1.272792,-1.272792
6420,160.500000,396.616959,548.383041,-0.785398,1.272792,-1.272792
6421,160.525000,397.000000,547.648844,-1.089929,0.832587,-1.595869
6422,160.550000,397.000000,546.755987,-1.570796,0.000000,-1.800000
6423,160.575000,397.096782,545.903218,-1.457789,0.202981,-1.788519
6424,160.600000,397.728127,545.271873,-0.785398,1.272792,-1.272792
6425,160.625000,398.359473,544.640527,-0.785398,1.272792,-1.272792
6426,160.650000,398.990818,544.009182,-0.785398,1.272792,-1.272792
6427,160.675000,399.000000,543.120128,-1.560469,0.018589,-1.799904
6428,160.700000,399.546402,542.453598,-0.884116,1.141152,-1.392039
6429,160.725000,400.000000,541.748628,-0.999055,0.973976,-1.513728
6430,160.750000,400.000000,540.855771,-1.570796,0.000000,-1.800000
6431,160.775000,400.000000,539.962913,-1.570796,0.000000,-1.800000
6432,160.800000,400.000000,539.070056,-1.570796,0.000000,-1.800000
6433,160.825000,400.581808,538.418192,-0.842124,1.198583,-1.342906
6434,160.850000,401.000000,537.698556,-1.044378,0.904391,-1.556302
6435,160.875000,401.000000,536.805698,-1.570796,0.000000,-1.800000
6436,160.900000,401.061631,535.938369,-1.499858,0.127583,-1.795473
6437,160.925000,401.692976,535.307024,-0.785398,1.272792,-1.272792
6438,160.950000,402.000000,534.541340,-1.189445,0.669915,-1.670693
6439,160.975000,402.248560,533.751440,-1.265934,0.540292,-1.716999
6440,161.000000,402.879905,533.120095,-0.785398,1.272792,-1.272792
6441,161.025000,403.511250,532.488750,-0.785398,1.272792,-1.272792
6442,161.050000,404.000000,531.798339,-0.954780,1.040019,-1.469136
6443,161.075000,404.066834,530.933166,-1.493700,0.138636,-1.794653
6444,161.100000,404.698180,530.301820,-0.785398,1.272792,-1.272792
6445,161.125000,405.329525,529.670475,-0.785398,1.272792,-1.272792
6446,161.150000,405.960870,529.039130,-0.785398,1.272792,-1.272792
6447,161.175000,406.000000,528.162480,-1.526191,0.080264,-1.798210
6448,161.200000,406.516454,527.483546,-0.920493,1.089770,-1.432620
6449,161.225000,407.147800,526.852200,-0.785398,1.272792,-1.272792
6450,161.250000,407.779145,526.220855,-0.785398,1.272792,-1.272792
6451,161.275000,408.410490,525.589510,-0.785398,1.272792,-1.272792
6452,161.300000,409.041836,524.958164,-0.785398,1.272792,-1.272792
6453,161.325000,409.673181,524.326819,-0.785398,1.272792,-1.272792
6454,161.350000,410.304526,523.695474,-0.785398,1.272792,-1.272792
6455,161.375000,410.935872,523.064128,-0.785398,1.272792,-1.272792
6456,161.400000,411.567217,522.432783,-0.785398,1.272792,-1.272792
6457,161.425000,412.198562,521.801438,-0.785398,1.272792,-1.272792
6458,161.450000,412.829908,521.170092,-0.785398,1.272792,-1.272792
6459,161.475000,413.461253,520.538747,-0.785398,1.272792,-1.272792
6460,161.500000,414.092598,519.907402,-0.785398,1.272792,-1.272792
6461,161.525000,414.723944,519.276056,-0.785398,1.272792,-1.272792
6462,161.550000,415.355289,518.644711,-0.785398,1.272792,-1.272792
6463,161.575000,415.986634,518.013366,-0.785398,1.272792,-1.272792
6464,161.600000,416.617980,517.382020,-0.785398,1.272792,-1.272792
6465,161.625000,417.352599,517.000000,-0.479539,1.596974,-0.830466
6466,161.650000,418.173564,516.826436,-0.208346,1.761074,-0.372316
6467,161.675000,418.804909,516.195091,-0.785398,1.272792,-1.272792
6468,161.700000,419.436254,515.563746,-0.785398,1.272792,-1.272792
6469,161.725000,420.067600,514.932400,-0.785398,1.272792,-1.272792
6470,161.750000,420.698945,514.301055,-0.785398,1.272792,-1.272792
6471,161.775000,421.330290,513.669710,-0.785398,1.272792,-1.272792
6472,161.800000,421.961636,513.038364,-0.785398,1.272792,-1.272792
6473,161.825000,422.592981,512.407019,-0.785398,1.272792,-1.272792
6474,161.850000,423.224326,511.775674,-0.785398,1.272792,-1.272792
6475,161.875000,423.855672,511.144328,-0.785398,1.272792,-1.272792
6476,161.900000,424.688746,511.000000,-0.171545,1.773580,-0.307269
6477,161.925000,425.411256,510.588744,-0.517468,1.564334,-0.890426
6478,161.950000,426.042601,509.957399,-0.785398,1.272792,-1.272792
6479,161.975000,426.673946,509.326054,-0.785398,1.272792,-1.272792
6480,162.000000,427.431748,509.000000,-0.406320,1.653447,-0.711417
6481,162.025000,428.229530,508.770470,-0.280144,1.729828,-0.497689
6482,162.050000,428.860876,508.139124,-0.785398,1.272792,-1.272792
6483,162.075000,429.492221,507.507779,-0.785398,1.272792,-1.272792
6484,162.100000,430.123566,506.876434,-0.785398,1.272792,-1.272792
6485,162.125000,430.754912,506.245088,-0.785398,1.272792,-1.272792
6486,162.150000,431.546250,506.000000,-0.300345,1.719422,-0.532529
6487,162.175000,432.439107,506.000000,0.000000,1.800000,0.000000
6488,162.200000,433.234734,505.765266,-0.286891,1.726431,-0.509349
6489,162.225000,433.866079,505.133921,-0.785398,1.272792,-1.272792
6490,162.250000,434.497425,504.502575,-0.785398,1.272792,-1.272792
6491,162.275000,435.182108,504.000000,-0.633199,1.451050,-1.065108
6492,162.300000,436.053009,503.946991,-0.060791,1.796675,-0.109357
6493,162.325000,436.684354,503.315646,-0.785398,1.272792,-1.272792
6494,162.350000,437.446466,503.000000,-0.392664,1.663007,-0.688772
6495,162.375000,438.239938,502.760062,-0.293648,1.722950,-0.521003
6496,162.400000,438.871283,502.128717,-0.785398,1.272792,-1.272792
6497,162.425000,439.502629,501.497371,-0.785398,1.272792,-1.272792
6498,162.450000,440.133974,500.866026,-0.785398,1.272792,-1.272792
6499,162.475000,440.765319,500.234681,-0.785398,1.272792,-1.272792
6500,162.500000,441.396665,499.603335,-0.785398,1.272792,-1.272792
6501,162.525000,442.028010,498.971990,-0.785398,1.272792,-1.272792
6502,162.550000,442.659355,498.340645,-0.785398,1.272792,-1.272792
6503,162.575000,443.000000,497.588887,-1.145342,0.742923,-1.639532
6504,162.600000,443.214939,496.785061,-1.309514,0.464975,-1.738907
6505,162.625000,443.846284,496.153716,-0.785398,1.272792,-1.272792
6506,162.650000,444.000000,495.324529,-1.387496,0.328096,-1.769845
6507,162.675000,444.401868,494.598132,-1.065473,0.871362,-1.575033
6508,162.700000,445.000000,493.953029,-0.823162,1.223831,-1.319938
6509,162.725000,445.000000,493.060172,-1.570796,0.000000,-1.800000
6510,162.750000,445.588798,492.411202,-0.833973,1.209490,-1.333092
6511,162.775000,446.220143,491.779857,-0.785398,1.272792,-1.272792
6512,162.800000,446.851488,491.148512,-0.785398,1.272792,-1.272792
6513,162.825000,447.482834,490.517166,-0.785398,1.272792,-1.272792
6514,162.850000,448.000000,489.838527,-0.919619,1.091021,-1.431668
6515,162.875000,448.038418,488.961582,-1.527016,0.078780,-1.798275
6516,162.900000,448.669763,488.330237,-0.785398,1.272792,-1.272792
6517,162.925000,449.000000,487.574169,-1.158989,0.720480,-1.649518
6518,162.950000,449.225347,486.774653,-1.296069,0.488312,-1.732499
6519,162.975000,449.856692,486.143308,-0.785398,1.272792,-1.272792
6520,163.000000,450.000000,485.309811,-1.400525,0.305009,-1.773970
6521,163.025000,450.000000,484.416954,-1.570796,0.000000,-1.800000
6522,163.050000,450.336515,483.663485,-1.150756,0.734035,-1.643531
6523,163.075000,450.967860,483.032140,-0.785398,1.272792,-1.272792
6524,163.100000,451.000000,482.152596,-1.534271,0.065731,-1.798799
6525,163.125000,451.000000,481.259739,-1.570796,0.000000,-1.800000
6526,163.150000,451.000000,480.366882,-1.570796,0.000000,-1.800000
6527,163.175000,451.000000,479.474024,-1.570796,0.000000,-1.800000
6528,163.200000,451.296159,478.703841,-1.203696,0.646039,-1.680070
6529,163.225000,451.927505,478.072495,-0.785398,1.272792,-1.272792
6530,163.250000,452.000000,477.209667,-1.486973,0.150706,-1.793680
6531,163.275000,452.483089,476.516911,-0.961855,1.029599,-1.476457
6532,163.300000,453.114434,475.885566,-0.785398,1.272792,-1.272792
6533,163.325000,453.745779,475.254221,-0.785398,1.272792,-1.272792
6534,163.350000,454.000000,474.466665,-1.258558,0.552941,-1.712967
6535,163.375000,454.301363,473.698637,-1.196871,0.657490,-1.675621
6536,163.400000,454.932709,473.067291,-0.785398,1.272792,-1.272792
6537,163.425000,455.564054,472.435946,-0.785398,1.272792,-1.272792
6538,163.450000,456.000000,471.723664,-1.021570,0.939649,-1.535272
6539,163.475000,456.119638,470.880362,-1.429868,0.252832,-1.782155
6540,163.500000,456.750983,470.249017,-0.785398,1.272792,-1.272792
6541,163.525000,457.000000,469.459306,-1.265339,0.541314,-1.716677
6542,163.550000,457.000000,468.566449,-1.570796,0.000000,-1.800000
6543,163.575000,457.230806,467.769194,-1.289000,0.500548,-1.729003
6544,163.600000,457.862151,467.137849,-0.785398,1.272792,-1.272792
6545,163.625000,458.000000,466.302091,-1.407329,0.292932,-1.776004
6546,163.650000,458.417735,465.582265,-1.044967,0.903475,-1.556835
6547,163.675000,459.000000,464.930590,-0.841590,1.199301,-1.342266
6548,163.700000,459.000000,464.037733,-1.570796,0.000000,-1.800000
6549,163.725000,459.604664,463.395336,-0.815646,1.233716,-1.310704
6550,163.750000,460.000000,462.666232,-1.073945,0.857989,-1.582358
6551,163.775000,460.160248,461.839752,-1.379281,0.342625,-1.767090
6552,163.800000,460.791593,461.208407,-0.785398,1.272792,-1.272792
6553,163.825000,461.000000,460.401874,-1.317929,0.450326,-1.742758
6554,163.850000,461.347177,459.652823,-1.136782,0.756930,-1.633113
6555,163.875000,461.978523,459.021477,-0.785398,1.272792,-1.272792
6556,163.900000,462.000000,458.137516,-1.546504,0.043721,-1.799469
6557,163.925000,462.000000,457.244659,-1.570796,0.000000,-1.800000
6558,163.950000,462.458345,456.541655,-0.993030,0.983077,-1.507833
6559,163.975000,463.000000,455.873159,-0.889831,1.133178,-1.398538
6560,164.000000,463.000000,454.980301,-1.570796,0.000000,-1.800000
6561,164.025000,463.000000,454.087444,-1.570796,0.000000,-1.800000
6562,164.050000,463.569513,453.430487,-0.856575,1.179052,-1.360087
6563,164.075000,464.000000,452.715944,-1.028567,0.928885,-1.541808
6564,164.100000,464.125097,451.874903,-1.423138,0.264820,-1.780413
6565,164.125000,464.756442,451.243558,-0.785398,1.272792,-1.272792
6566,164.150000,465.387787,450.612213,-0.785398,1.272792,-1.272792
6567,164.175000,466.000000,449.972942,-0.807015,1.244983,-1.300007
6568,164.200000,466.000000,449.080085,-1.570796,0.000000,-1.800000
6569,164.225000,466.574717,448.425283,-0.850442,1.187372,-1.352829
6570,164.250000,467.000000,447.708584,-1.035250,0.918560,-1.547982
6571,164.275000,467.130301,446.869699,-1.416702,0.276274,-1.778672
6572,164.300000,467.761646,446.238354,-0.785398,1.272792,-1.272792
6573,164.325000,468.000000,445.444226,-1.279206,0.517457,-1.724018
6574,164.350000,468.000000,444.551369,-1.570796,0.000000,-1.800000
6575,164.375000,468.241468,443.758532,-1.275159,0.524429,-1.721910
6576,164.400000,468.872814,443.127186,-0.785398,1.272792,-1.272792
6577,164.425000,469.000000,442.287011,-1.420556,0.269416,-1.779723
6578,164.450000,469.000000,441.394154,-1.570796,0.000000,-1.800000
6579,164.475000,469.352636,440.647364,-1.129633,0.768585,-1.627660
6580,164.500000,469.983982,440.016018,-0.785398,1.272792,-1.272792
6581,164.525000,470.615327,439.384673,-0.785398,1.272792,-1.272792
6582,164.550000,471.000000,438.651153,-1.087804,0.835977,-1.594096
6583,164.575000,471.000000,437.758296,-1.570796,0.000000,-1.800000
6584,164.600000,471.095149,436.904851,-1.459766,0.199444,-1.788916
6585,164.625000,471.726495,436.273505,-0.785398,1.272792,-1.272792
6586,164.650000,472.000000,435.493938,-1.233371,0.595905,-1.698498
6587,164.675000,472.000000,434.601081,-1.570796,0.000000,-1.800000
6588,164.700000,472.000000,433.708223,-1.570796,0.000000,-1.800000
6589,164.725000,472.000000,432.815366,-1.570796,0.000000,-1.800000
6590,164.750000,472.054794,431.945206,-1.507909,0.113122,-1.796442
6591,164.775000,472.686140,431.313860,-0.785398,1.272792,-1.272792
6592,164.800000,473.000000,430.551008,-1.180475,0.684874,-1.664616
6593,164.825000,473.241724,429.758276,-1.274828,0.525000,-1.721736
6594,164.850000,473.873069,429.126931,-0.785398,1.272792,-1.272792
6595,164.875000,474.000000,428.286651,-1.420872,0.268854,-1.779808
6596,164.900000,474.428653,427.571347,-1.030921,0.925252,-1.543991
6597,164.925000,475.000000,426.915150,-0.854410,1.181994,-1.357531
6598,164.950000,475.000000,426.022293,-1.570796,0.000000,-1.800000
6599,164.975000,475.000000,425.129436,-1.570796,0.000000,-1.800000
6600,165.000000,475.539821,424.460179,-0.892045,1.130079,-1.401043
6601,165.025000,476.000000,423.757935,-0.990706,0.986580,-1.505543
6602,165.050000,476.000000,422.865078,-1.570796,0.000000,-1.800000
6603,165.075000,476.000000,421.972221,-1.570796,0.000000,-1.800000
6604,165.100000,476.000000,421.079363,-1.570796,0.000000,-1.800000
6605,165.125000,476.000000,420.186506,-1.570796,0.000000,-1.800000
6606,165.150000,476.000000,419.293649,-1.570796,0.000000,-1.800000
6607,165.175000,476.000000,418.400792,-1.570796,0.000000,-1.800000
6608,165.200000,476.000000,417.507935,-1.570796,0.000000,-1.800000
6609,165.225000,476.000000,416.615078,-1.570796,0.000000,-1.800000
6610,165.250000,476.000000,415.722221,-1.570796,0.000000,-1.800000
6611,165.275000,476.000000,414.829363,-1.570796,0.000000,-1.800000
6612,165.300000,476.000000,413.936506,-1.570796,0.000000,-1.800000
6613,165.325000,476.000000,413.043649,-1.570796,0.000000,-1.800000
6614,165.350000,476.000000,412.150792,-1.570796,0.000000,-1.800000
6615,165.375000,476.000000,411.257935,-1.570796,0.000000,-1.800000
6616,165.400000,476.000000,410.365078,-1.570796,0.000000,-1.800000
6617,165.425000,476.000000,409.472221,-1.570796,0.000000,-1.800000
6618,165.450000,476.000000,408.579363,-1.570796,0.000000,-1.800000
6619,165.475000,476.000000,407.686506,-1.570796,0.000000,-1.800000
6620,165.500000,476.000000,406.793649,-1.570796,0.000000,-1.800000
6621,165.525000,476.000000,405.900792,-1.570796,0.000000,-1.800000
6622,165.550000,476.000000,405.007935,-1.570796,0.000000,-1.800000
6623,165.575000,476.000000,404.115078,-1.570796,0.000000,-1.800000
6624,165.600000,476.000000,403.222221,-1.570796,0.000000,-1.800000
6625,165.625000,476.000000,402.329363,-1.570796,0.000000,-1.800000
6626,165.650000,476.000000,401.436506,-1.570796,0.000000,-1.800000
6627,165.675000,476.000000,400.543649,-1.570796,0.000000,-1.800000
6628,165.700000,476.000000,399.650792,-1.570796,0.000000,-1.800000
6629,165.725000,476.000000,398.757935,-1.570796,0.000000,-1.800000
6630,165.750000,476.000000,397.865078,-1.570796,0.000000,-1.800000
6631,165.775000,476.000000,396.972221,-1.570796,0.000000,-1.800000
6632,165.800000,476.000000,396.079363,-1.570796,0.000000,-1.800000
6633,165.825000,476.000000,395.186506,-1.570796,0.000000,-1.800000
6634,165.850000,476.000000,394.293649,-1.570796,0.000000,-1.800000
6635,165.875000,476.000000,393.400792,-1.570796,0.000000,-1.800000
6636,165.900000,476.347943,392.652057,-1.135779,0.758567,-1.632353
6637,165.925000,476.979288,392.020712,-0.785398,1.272792,-1.272792
6638,165.950000,477.000000,391.136434,-1.547378,0.042149,-1.799506
6639,165.975000,477.000000,390.243577,-1.570796,0.000000,-1.800000
6640,166.000000,477.000000,389.350720,-1.570796,0.000000,-1.800000
6641,166.025000,477.000000,388.457863,-1.570796,0.000000,-1.800000
6642,166.050000,477.000000,387.565006,-1.570796,0.000000,-1.800000
6643,166.075000,477.231826,386.768174,-1.287677,0.502834,-1.728340
6644,166.100000,477.863171,386.136829,-0.785398,1.272792,-1.272792
6645,166.125000,478.000000,385.300648,-1.408599,0.290677,-1.776375
6646,166.150000,478.000000,384.407791,-1.570796,0.000000,-1.800000
6647,166.175000,478.342994,383.657006,-1.142263,0.747967,-1.637237
6648,166.200000,478.974339,383.025661,-0.785398,1.272792,-1.272792
6649,166.225000,479.000000,382.143433,-1.541718,0.052333,-1.799239
6650,166.250000,479.000000,381.250576,-1.570796,0.000000,-1.800000
6651,166.275000,479.000000,380.357718,-1.570796,0.000000,-1.800000
6652,166.300000,479.000000,379.464861,-1.570796,0.000000,-1.800000
6653,166.325000,479.000000,378.572004,-1.570796,0.000000,-1.800000
6654,166.350000,479.226877,377.773123,-1.294088,0.491743,-1.731528
6655,166.375000,479.858223,377.141777,-0.785398,1.272792,-1.272792
6656,166.400000,480.000000,376.307646,-1.402435,0.301620,-1.774549
6657,166.425000,480.000000,375.414789,-1.570796,0.000000,-1.800000
6658,166.450000,480.000000,374.521932,-1.570796,0.000000,-1.800000
6659,166.475000,480.000000,373.629075,-1.570796,0.000000,-1.800000
6660,166.500000,480.186522,372.813478,-1.345969,0.401289,-1.754699
6661,166.525000,480.817868,372.182132,-0.785398,1.272792,-1.272792
6662,166.550000,481.000000,371.364717,-1.351563,0.391467,-1.756916
6663,166.575000,481.000000,370.471860,-1.570796,0.000000,-1.800000
6664,166.600000,481.297690,369.702310,-1.201689,0.649409,-1.678770
6665,166.625000,481.929035,369.070965,-0.785398,1.272792,-1.272792
6666,166.650000,482.000000,368.207502,-1.488795,0.147438,-1.793952
6667,166.675000,482.000000,367.314645,-1.570796,0.000000,-1.800000
6668,166.700000,482.000000,366.421788,-1.570796,0.000000,-1.800000
6669,166.725000,482.333096,365.666904,-1.155238,0.726661,-1.646804
6670,166.750000,482.964442,365.035558,-0.785398,1.272792,-1.272792
6671,166.775000,483.000000,364.157430,-1.530325,0.072828,-1.798526
6672,166.800000,483.000000,363.264573,-1.570796,0.000000,-1.800000
6673,166.825000,483.444264,362.555736,-1.010939,0.955918,-1.525195
6674,166.850000,484.000000,361.893072,-0.872935,1.156645,-1.379193
6675,166.875000,484.000000,361.000215,-1.570796,0.000000,-1.800000
6676,166.900000,484.000000,360.107358,-1.570796,0.000000,-1.800000
6677,166.925000,484.555432,359.444568,-0.873298,1.156145,-1.379612
6678,166.950000,485.000000,358.735857,-1.010551,0.956509,-1.524825
6679,166.975000,485.000000,357.843000,-1.570796,0.000000,-1.800000
6680,167.000000,485.000000,356.950143,-1.570796,0.000000,-1.800000
6681,167.025000,485.000000,356.057286,-1.570796,0.000000,-1.800000
6682,167.050000,485.590838,355.409162,-0.831602,1.212647,-1.330221
6683,167.075000,486.000000,354.685785,-1.056034,0.886190,-1.566738
6684,167.100000,486.000000,353.792928,-1.570796,0.000000,-1.800000
6685,167.125000,486.000000,352.900071,-1.570796,0.000000,-1.800000
6686,167.150000,486.000000,352.007213,-1.570796,0.000000,-1.800000
6687,167.175000,486.000000,351.114356,-1.570796,0.000000,-1.800000
6688,167.200000,486.550483,350.449517,-0.879217,1.147958,-1.386432
6689,167.225000,487.000000,349.742856,-1.004245,0.966105,-1.518763
6690,167.250000,487.106067,348.893933,-1.446497,0.223163,-1.786113
6691,167.275000,487.737413,348.262587,-0.785398,1.272792,-1.272792
6692,167.300000,488.000000,347.478498,-1.247641,0.571608,-1.706829
6693,167.325000,488.000000,346.585640,-1.570796,0.000000,-1.800000
6694,167.350000,488.000000,345.692783,-1.570796,0.000000,-1.800000
6695,167.375000,488.141474,344.858526,-1.402814,0.300948,-1.774663
6696,167.400000,488.772819,344.227181,-0.785398,1.272792,-1.272792
6697,167.425000,489.000000,343.428425,-1.293695,0.492424,-1.731334
6698,167.450000,489.000000,342.535568,-1.570796,0.000000,-1.800000
6699,167.475000,489.252641,341.747359,-1.260617,0.549413,-1.714102
6700,167.500000,489.883987,341.116013,-0.785398,1.272792,-1.272792
6701,167.525000,490.000000,340.271210,-1.434324,0.244888,-1.783264
6702,167.550000,490.000000,339.378353,-1.570796,0.000000,-1.800000
6703,167.575000,490.363809,338.636191,-1.115018,0.792290,-1.616254
6704,167.600000,490.995154,338.004846,-0.785398,1.272792,-1.272792
6705,167.625000,491.000000,337.113995,-1.565357,0.009790,-1.799973
6706,167.650000,491.550738,336.449262,-0.878912,1.148381,-1.386081
6707,167.675000,492.182084,335.817916,-0.785398,1.272792,-1.272792
6708,167.700000,492.813429,335.186571,-0.785398,1.272792,-1.272792
6709,167.725000,493.444774,334.555226,-0.785398,1.272792,-1.272792
6710,167.750000,494.076120,333.923880,-0.785398,1.272792,-1.272792
6711,167.775000,494.707465,333.292535,-0.785398,1.272792,-1.272792
6712,167.800000,495.479150,333.000000,-0.362348,1.683121,-0.638047
6713,167.825000,496.372007,333.000000,0.000000,1.800000,0.000000
6714,167.850000,497.264865,333.000000,0.000000,1.800000,0.000000
6715,167.875000,498.157722,333.000000,0.000000,1.800000,0.000000
6716,167.900000,499.050579,333.000000,0.000000,1.800000,0.000000
6717,167.925000,499.943436,333.000000,0.000000,1.800000,0.000000
6718,167.950000,500.836293,333.000000,0.000000,1.800000,0.000000
6719,167.975000,501.729150,333.000000,0.000000,1.800000,0.000000
6720,168.000000,502.622007,333.000000,0.000000,1.800000,0.000000
6721,168.025000,503.514865,333.000000,0.000000,1.800000,0.000000
6722,168.050000,504.407722,333.000000,0.000000,1.800000,0.000000
6723,168.075000,505.300579,333.000000,0.000000,1.800000,0.000000
6724,168.100000,506.193436,333.000000,0.000000,1.800000,0.000000
6725,168.125000,507.086293,333.000000,0.000000,1.800000,0.000000
6726,168.150000,507.979150,333.000000,0.000000,1.800000,0.000000
6727,168.175000,508.872007,333.000000,0.000000,1.800000,0.000000
6728,168.200000,509.764865,333.000000,0.000000,1.800000,0.000000
6729,168.225000,510.657722,333.000000,0.000000,1.800000,0.000000
6730,168.250000,511.550579,333.000000,0.000000,1.800000,0.000000
6731,168.275000,512.443436,333.000000,0.000000,1.800000,0.000000
6732,168.300000,513.336293,333.000000,0.000000,1.800000,0.000000
6733,168.325000,514.229150,333.000000,0.000000,1.800000,0.000000
6734,168.350000,515.122007,333.000000,0.000000,1.800000,0.000000
6735,168.375000,516.014865,333.000000,0.000000,1.800000,0.000000
6736,168.400000,516.907722,333.000000,0.000000,1.800000,0.000000
6737,168.425000,517.800579,333.000000,0.000000,1.800000,0.000000
6738,168.450000,518.693436,333.000000,0.000000,1.800000,0.000000
6739,168.475000,519.586293,333.000000,0.000000,1.800000,0.000000
6740,168.500000,520.479150,333.000000,0.000000,1.800000,0.000000
6741,168.525000,521.372007,333.000000,0.000000,1.800000,0.000000
6742,168.550000,522.264865,333.000000,0.000000,1.800000,0.000000
6743,168.575000,523.157722,333.000000,0.000000,1.800000,0.000000
6744,168.600000,524.050579,333.000000,0.000000,1.800000,0.000000
6745,168.625000,524.943436,333.000000,0.000000,1.800000,0.000000
6746,168.650000,525.836293,333.000000,0.000000,1.800000,0.000000
6747,168.675000,526.729150,333.000000,0.000000,1.800000,0.000000
6748,168.700000,527.622007,333.000000,0.000000,1.800000,0.000000
6749,168.725000,528.514865,333.000000,0.000000,1.800000,0.000000
6750,168.750000,529.407722,333.000000,0.000000,1.800000,0.000000
6751,168.775000,530.212541,332.787459,-0.258191,1.740336,-0.459598
6752,168.800000,530.843887,332.156113,-0.785398,1.272792,-1.272792
6753,168.825000,531.672080,332.000000,-0.186313,1.768849,-0.333426
6754,168.850000,532.564937,332.000000,0.000000,1.800000,0.000000
6755,168.875000,533.457794,332.000000,0.000000,1.800000,0.000000
6756,168.900000,534.350651,332.000000,0.000000,1.800000,0.000000
6757,168.925000,535.243508,332.000000,0.000000,1.800000,0.000000
6758,168.950000,536.136365,332.000000,0.000000,1.800000,0.000000
6759,168.975000,537.020663,331.979337,-0.023363,1.799509,-0.042049
6760,169.000000,537.652009,331.347991,-0.785398,1.272792,-1.272792
6761,169.025000,538.400723,331.000000,-0.435081,1.632305,-0.758671
6762,169.050000,539.293580,331.000000,0.000000,1.800000,0.000000
6763,169.075000,540.186437,331.000000,0.000000,1.800000,0.000000
6764,169.100000,541.079295,331.000000,0.000000,1.800000,0.000000
6765,169.125000,541.972152,331.000000,0.000000,1.800000,0.000000
6766,169.150000,542.611654,330.388346,-0.763144,1.300800,-1.244154
6767,169.175000,543.343652,330.000000,-0.487771,1.590083,-0.843585
6768,169.200000,544.236510,330.000000,0.000000,1.800000,0.000000
6769,169.225000,545.129367,330.000000,0.000000,1.800000,0.000000
6770,169.250000,546.022224,330.000000,0.000000,1.800000,0.000000
6771,169.275000,546.915081,330.000000,0.000000,1.800000,0.000000
6772,169.300000,547.807938,330.000000,0.000000,1.800000,0.000000
6773,169.325000,548.700795,330.000000,0.000000,1.800000,0.000000
6774,169.350000,549.419776,329.580224,-0.528459,1.554453,-0.907565
6775,169.375000,550.072296,329.000000,-0.726819,1.345126,-1.196092
6776,169.400000,550.965153,329.000000,0.000000,1.800000,0.000000
6777,169.425000,551.858010,329.000000,0.000000,1.800000,0.000000
6778,169.450000,552.750867,329.000000,0.000000,1.800000,0.000000
6779,169.475000,553.455182,328.544818,-0.573753,1.511765,-0.977019
6780,169.500000,554.122368,328.000000,-0.684776,1.394210,-1.138499
6781,169.525000,555.015225,328.000000,0.000000,1.800000,0.000000
6782,169.550000,555.908082,328.000000,0.000000,1.800000,0.000000
6783,169.575000,556.800940,328.000000,0.000000,1.800000,0.000000
6784,169.600000,557.490588,327.509412,-0.618309,1.466747,-1.043385
6785,169.625000,558.172440,327.000000,-0.641643,1.442005,-1.077322
6786,169.650000,559.065297,327.000000,0.000000,1.800000,0.000000
6787,169.675000,559.958155,327.000000,0.000000,1.800000,0.000000
6788,169.700000,560.851012,327.000000,0.000000,1.800000,0.000000
6789,169.725000,561.743869,327.000000,0.000000,1.800000,0.000000
6790,169.750000,562.450233,326.549767,-0.567463,1.517881,-0.967490
6791,169.775000,563.115370,326.000000,-0.690720,1.387417,-1.146766
6792,169.800000,564.008227,326.000000,0.000000,1.800000,0.000000
6793,169.825000,564.901084,326.000000,0.000000,1.800000,0.000000
6794,169.850000,565.793941,326.000000,0.000000,1.800000,0.000000
6795,169.875000,566.686798,326.000000,0.000000,1.800000,0.000000
6796,169.900000,567.409878,325.590122,-0.515688,1.565916,-0.887640
6797,169.925000,568.058299,325.000000,-0.738362,1.331229,-1.211540
6798,169.950000,568.951156,325.000000,0.000000,1.800000,0.000000
6799,169.975000,569.844013,325.000000,0.000000,1.800000,0.000000
6800,170.000000,570.736870,325.000000,0.000000,1.800000,0.000000
6801,170.025000,571.629727,325.000000,0.000000,1.800000,0.000000
6802,170.050000,572.369523,324.630477,-0.463242,1.610295,-0.804332
6803,170.075000,573.001228,324.000000,-0.784425,1.274030,-1.271553
6804,170.100000,573.894085,324.000000,0.000000,1.800000,0.000000
6805,170.125000,574.786943,324.000000,0.000000,1.800000,0.000000
6806,170.150000,575.679800,324.000000,0.000000,1.800000,0.000000
6807,170.175000,576.572657,324.000000,0.000000,1.800000,0.000000
6808,170.200000,577.465514,324.000000,0.000000,1.800000,0.000000
6809,170.225000,578.358371,324.000000,0.000000,1.800000,0.000000
6810,170.250000,579.251228,324.000000,0.000000,1.800000,0.000000
6811,170.275000,580.144085,324.000000,0.000000,1.800000,0.000000
6812,170.300000,581.026122,323.973878,-0.029607,1.799211,-0.053285
6813,170.325000,581.657468,323.342532,-0.785398,1.272792,-1.272792
6814,170.350000,582.408443,323.000000,-0.427929,1.637689,-0.746977
6815,170.375000,583.301300,323.000000,0.000000,1.800000,0.000000
6816,170.400000,584.194158,323.000000,0.000000,1.800000,0.000000
6817,170.425000,585.087015,323.000000,0.000000,1.800000,0.000000
6818,170.450000,585.979872,323.000000,0.000000,1.800000,0.000000
6819,170.475000,586.872729,323.000000,0.000000,1.800000,0.000000
6820,170.500000,587.765586,323.000000,0.000000,1.800000,0.000000
6821,170.525000,588.658443,323.000000,0.000000,1.800000,0.000000
6822,170.550000,589.551300,323.000000,0.000000,1.800000,0.000000
6823,170.575000,590.444158,323.000000,0.000000,1.800000,0.000000
6824,170.600000,591.337015,323.000000,0.000000,1.800000,0.000000
6825,170.625000,592.229872,323.000000,0.000000,1.800000,0.000000
6826,170.650000,593.122729,323.000000,0.000000,1.800000,0.000000
6827,170.675000,594.015586,323.000000,0.000000,1.800000,0.000000
6828,170.700000,594.908443,323.000000,0.000000,1.800000,0.000000
6829,170.725000,595.801300,323.000000,0.000000,1.800000,0.000000
6830,170.750000,596.694158,323.000000,0.000000,1.800000,0.000000
6831,170.775000,597.587015,323.000000,0.000000,1.800000,0.000000
6832,170.800000,598.479872,323.000000,0.000000,1.800000,0.000000
6833,170.825000,599.372729,323.000000,0.000000,1.800000,0.000000
6834,170.850000,600.265586,323.000000,0.000000,1.800000,0.000000
6835,170.875000,601.158443,323.000000,0.000000,1.800000,0.000000
6836,170.900000,602.051300,323.000000,0.000000,1.800000,0.000000
6837,170.925000,602.944158,323.000000,0.000000,1.800000,0.000000
6838,170.950000,603.837015,323.000000,0.000000,1.800000,0.000000
6839,170.975000,604.729872,323.000000,0.000000,1.800000,0.000000
6840,171.000000,605.622729,323.000000,0.000000,1.800000,0.000000
6841,171.025000,606.515586,323.000000,0.000000,1.800000,0.000000
6842,171.050000,607.408443,323.000000,0.000000,1.800000,0.000000
6843,171.075000,608.301300,323.000000,0.000000,1.800000,0.000000
6844,171.100000,609.194158,323.000000,0.000000,1.800000,0.000000
6845,171.125000,610.087015,323.000000,0.000000,1.800000,0.000000
6846,171.150000,610.979872,323.000000,0.000000,1.800000,0.000000
6847,171.175000,611.617113,322.382887,-0.769353,1.293050,-1.252207
6848,171.200000,612.351373,322.000000,-0.480668,1.596035,-0.832269
6849,171.225000,613.244230,322.000000,0.000000,1.800000,0.000000
6850,171.250000,614.137087,322.000000,0.000000,1.800000,0.000000
6851,171.275000,615.029944,322.000000,0.000000,1.800000,0.000000
6852,171.300000,615.922801,322.000000,0.000000,1.800000,0.000000
6853,171.325000,616.815658,322.000000,0.000000,1.800000,0.000000
6854,171.350000,617.708515,322.000000,0.000000,1.800000,0.000000
6855,171.375000,618.601373,322.000000,0.000000,1.800000,0.000000
6856,171.400000,619.494230,322.000000,0.000000,1.800000,0.000000
6857,171.425000,620.387087,322.000000,0.000000,1.800000,0.000000
6858,171.450000,621.279944,322.000000,0.000000,1.800000,0.000000
6859,171.475000,622.172801,322.000000,0.000000,1.800000,0.000000
6860,171.500000,623.065658,322.000000,0.000000,1.800000,0.000000
6861,171.525000,623.958515,322.000000,0.000000,1.800000,0.000000
6862,171.550000,624.851373,322.000000,0.000000,1.800000,0.000000
6863,171.575000,625.744230,322.000000,0.000000,1.800000,0.000000
6864,171.600000,626.637087,322.000000,0.000000,1.800000,0.000000
6865,171.625000,627.529944,322.000000,0.000000,1.800000,0.000000
6866,171.650000,628.422801,322.000000,0.000000,1.800000,0.000000
6867,171.675000,629.315658,322.000000,0.000000,1.800000,0.000000
6868,171.700000,630.208515,322.000000,0.000000,1.800000,0.000000
6869,171.725000,631.101373,322.000000,0.000000,1.800000,0.000000
6870,171.750000,631.994230,322.000000,0.000000,1.800000,0.000000
6871,171.775000,632.887087,322.000000,0.000000,1.800000,0.000000
6872,171.800000,633.779944,322.000000,0.000000,1.800000,0.000000
6873,171.825000,634.672801,322.000000,0.000000,1.800000,0.000000
6874,171.850000,635.565658,322.000000,0.000000,1.800000,0.000000
6875,171.875000,636.458515,322.000000,0.000000,1.800000,0.000000
6876,171.900000,637.351373,322.000000,0.000000,1.800000,0.000000
6877,171.925000,638.244230,322.000000,0.000000,1.800000,0.000000
6878,171.950000,639.137087,322.000000,0.000000,1.800000,0.000000
6879,171.975000,640.029944,322.000000,0.000000,1.800000,0.000000
6880,172.000000,640.922801,322.000000,0.000000,1.800000,0.000000
6881,172.025000,641.815658,322.000000,0.000000,1.800000,0.000000
6882,172.050000,642.708515,322.000000,0.000000,1.800000,0.000000
6883,172.075000,643.601373,322.000000,0.000000,1.800000,0.000000
6884,172.100000,644.494230,322.000000,0.000000,1.800000,0.000000
6885,172.125000,645.387087,322.000000,0.000000,1.800000,0.000000
6886,172.150000,646.279944,322.000000,0.000000,1.800000,0.000000
6887,172.175000,647.172801,322.000000,0.000000,1.800000,0.000000
6888,172.200000,648.065658,322.000000,0.000000,1.800000,0.000000
6889,172.225000,648.958515,322.000000,0.000000,1.800000,0.000000
6890,172.250000,649.851373,322.000000,0.000000,1.800000,0.000000
6891,172.275000,650.744230,322.000000,0.000000,1.800000,0.000000
6892,172.300000,651.637087,322.000000,0.000000,1.800000,0.000000
6893,172.325000,652.529944,322.000000,0.000000,1.800000,0.000000
6894,172.350000,653.422801,322.000000,0.000000,1.800000,0.000000
6895,172.375000,654.315658,322.000000,0.000000,1.800000,0.000000
6896,172.400000,655.208515,322.000000,0.000000,1.800000,0.000000
6897,172.425000,656.101373,322.000000,0.000000,1.800000,0.000000
6898,172.450000,656.994230,322.000000,0.000000,1.800000,0.000000
6899,172.475000,657.887087,322.000000,0.000000,1.800000,0.000000
6900,172.500000,658.779944,322.000000,0.000000,1.800000,0.000000
6901,172.525000,659.672801,322.000000,0.000000,1.800000,0.000000
6902,172.550000,660.565658,322.000000,0.000000,1.800000,0.000000
6903,172.575000,661.458515,322.000000,0.000000,1.800000,0.000000
6904,172.600000,662.351373,322.000000,0.000000,1.800000,0.000000
6905,172.625000,663.244230,322.000000,0.000000,1.800000,0.000000
6906,172.650000,664.137087,322.000000,0.000000,1.800000,0.000000
6907,172.675000,665.029944,322.000000,0.000000,1.800000,0.000000
6908,172.700000,665.922801,322.000000,0.000000,1.800000,0.000000
6909,172.725000,666.815658,322.000000,0.000000,1.800000,0.000000
6910,172.750000,667.708515,322.000000,0.000000,1.800000,0.000000
6911,172.775000,668.601373,322.000000,0.000000,1.800000,0.000000
6912,172.800000,669.494230,322.000000,0.000000,1.800000,0.000000
6913,172.825000,670.387087,322.000000,0.000000,1.800000,0.000000
6914,172.850000,671.279944,322.000000,0.000000,1.800000,0.000000
6915,172.875000,672.172801,322.000000,0.000000,1.800000,0.000000
6916,172.900000,673.065658,322.000000,0.000000,1.800000,0.000000
6917,172.925000,673.958515,322.000000,0.000000,1.800000,0.000000
6918,172.950000,674.851373,322.000000,0.000000,1.800000,0.000000
6919,172.975000,675.744230,322.000000,0.000000,1.800000,0.000000
6920,173.000000,676.637087,322.000000,0.000000,1.800000,0.000000
6921,173.025000,677.529944,322.000000,0.000000,1.800000,0.000000
6922,173.050000,678.422801,322.000000,0.000000,1.800000,0.000000
6923,173.075000,679.315658,322.000000,0.000000,1.800000,0.000000
6924,173.100000,680.208515,322.000000,0.000000,1.800000,0.000000
6925,173.125000,681.101373,322.000000,0.000000,1.800000,0.000000
6926,173.150000,681.994230,322.000000,0.000000,1.800000,0.000000
6927,173.175000,682.887087,322.000000,0.000000,1.800000,0.000000
6928,173.200000,683.779944,322.000000,0.000000,1.800000,0.000000
6929,173.225000,684.672801,322.000000,0.000000,1.800000,0.000000
6930,173.250000,685.565658,322.000000,0.000000,1.800000,0.000000
6931,173.275000,686.458515,322.000000,0.000000,1.800000,0.000000
6932,173.300000,687.351373,322.000000,0.000000,1.800000,0.000000
6933,173.325000,688.244230,322.000000,0.000000,1.800000,0.000000
6934,173.350000,689.137087,322.000000,0.000000,1.800000,0.000000
6935,173.375000,690.029944,322.000000,0.000000,1.800000,0.000000
6936,173.400000,690.922801,322.000000,0.000000,1.800000,0.000000
6937,173.425000,691.815658,322.000000,0.000000,1.800000,0.000000
6938,173.450000,692.708515,322.000000,0.000000,1.800000,0.000000
6939,173.475000,693.601373,322.000000,0.000000,1.800000,0.000000
6940,173.500000,694.494230,322.000000,0.000000,1.800000,0.000000
6941,173.525000,695.387087,322.000000,0.000000,1.800000,0.000000
6942,173.550000,696.279944,322.000000,0.000000,1.800000,0.000000
6943,173.575000,697.172801,322.000000,0.000000,1.800000,0.000000
6944,173.600000,698.065658,322.000000,0.000000,1.800000,0.000000
6945,173.625000,698.958515,322.000000,0.000000,1.800000,0.000000
6946,173.650000,699.851373,322.000000,0.000000,1.800000,0.000000
6947,173.675000,700.744230,322.000000,0.000000,1.800000,0.000000
6948,173.700000,701.637087,322.000000,0.000000,1.800000,0.000000
6949,173.725000,702.529944,322.000000,0.000000,1.800000,0.000000
6950,173.750000,703.422801,322.000000,0.000000,1.800000,0.000000
6951,173.775000,704.315658,322.000000,0.000000,1.800000,0.000000
6952,173.800000,705.208515,322.000000,0.000000,1.800000,0.000000
6953,173.825000,706.101373,322.000000,0.000000,1.800000,0.000000
6954,173.850000,706.994230,322.000000,0.000000,1.800000,0.000000
6955,173.875000,707.887087,322.000000,0.000000,1.800000,0.000000
6956,173.900000,708.779944,322.000000,0.000000,1.800000,0.000000
6957,173.925000,709.672801,322.000000,0.000000,1.800000,0.000000
6958,173.950000,710.565658,322.000000,0.000000,1.800000,0.000000
6959,173.975000,711.458515,322.000000,0.000000,1.800000,0.000000
6960,174.000000,712.351373,322.000000,0.000000,1.800000,0.000000
6961,174.025000,713.172696,321.827304,-0.207247,1.761482,-0.370380
6962,174.050000,713.804042,321.195958,-0.785398,1.272792,-1.272792
6963,174.075000,714.615730,321.000000,-0.236888,1.749732,-0.422421
6964,174.100000,715.508588,321.000000,0.000000,1.800000,0.000000
6965,174.125000,716.401445,321.000000,0.000000,1.800000,0.000000
6966,174.150000,717.294302,321.000000,0.000000,1.800000,0.000000
6967,174.175000,718.187159,321.000000,0.000000,1.800000,0.000000
6968,174.200000,719.080016,321.000000,0.000000,1.800000,0.000000
6969,174.225000,719.972873,321.000000,0.000000,1.800000,0.000000
6970,174.250000,720.865730,321.000000,0.000000,1.800000,0.000000
6971,174.275000,721.758588,321.000000,0.000000,1.800000,0.000000
